--------- beginning of main
02-15 12:59:52.689  2832  5668 E SemWifiApSmartBleScanner: mGuidScanFilterBluetoothLeScanFilter [mDeviceName=null, mDeviceAddress=null, mUuid=null, mUuidMask=null, mServiceSolicitationUuid=null, mServiceSolicitationUuidMask=null, mServiceDataUuid=null, mServiceData=null, mServiceDataMask=null, mManufacturerId=117, mManufacturerData=[1, 18, -76, -9, 0, 67, 0, 0, 0, 0, 4, 0, 0, 0, 0, 0, 0, 0, 0, 0, 0, 0, 0, 0], mManufacturerDataMask=[0, -1, -1, -1, -1, -1, 0, 0, 0, 0, 0, 0, 0, 0, 0, 0, 0, 0, 0, 0, 0, 0, 0, 0], mAdvertisingDataType=-1, mAdvertisingData=null, mAdvertisingDataMask=null, mTransportBlockFilter=null]
02-15 12:59:52.691  4925  5352 E BluetoothUtils: Permission denial: Location is off.
02-15 12:59:52.703  4925  6188 E ScanManager: [GSIM LOG]: gsimLogHandler, msg: MESSAGE_SCAN_START, appName: android, scannerId: 1, reportDelayMillis=0
02-15 12:59:53.507  1855  1896 E HeatmapThread: ECT Thread time in milliseconds: 1771174793
02-15 12:59:53.511  1855  1896 E HeatmapThread: !@ CAM New BSOH: 100
--------- beginning of system
02-15 12:59:53.943  1165  1553 E spcomlib: [spcom_ioctl] IOCTL failed: ret[-1], error [-4]
02-15 12:59:53.943  1191  1398 E spcomlib: [spcom_ioctl] IOCTL failed: ret[-1], error [-4]
02-15 12:59:53.943  1191  1398 E spcomlib: [spcom_check_link_up_state] SPCom check for link up interrupted - ioctl ret[-4], cmd ret[0], wait[1]
02-15 12:59:53.944  1171  1544 E spcomlib: [spcom_ioctl] IOCTL failed: ret[-1], error [-4]
02-15 12:59:53.944  1171  1544 E spcomlib: [spcom_check_link_up_state] SPCom check for link up interrupted - ioctl ret[-4], cmd ret[0], wait[1]
02-15 12:59:53.944  1165  1553 E spcomlib: [spcom_check_link_up_state] SPCom check for link up interrupted - ioctl ret[-4], cmd ret[0], wait[1]
02-15 12:59:53.945  1905  1935 E spcomlib: [spcom_ioctl] IOCTL failed: ret[-1], error [-4]
02-15 12:59:53.945  1905  1935 E spcomlib: [spcom_check_link_up_state] SPCom check for link up interrupted - ioctl ret[-4], cmd ret[0], wait[1]
02-15 12:59:53.946  2381  2575 E wlc     : event loop wait error
02-15 12:59:53.981  1814  1895 E BatteryDump: !@new_battery_dump : 4235,-160,100,100,81,313,303,320,313,0,325,321,0,Discharging,NO_CHARGING,None,Good,NONE,0,Normal,0,0,9300,0x40000000,0x10000,0x0,0,0,137,v0002,0000,0000,00000000,0,0,0,0,141,4243,8021,980,0,
02-15 12:59:55.486  1171  1544 E spcomlib: [spcom_ioctl] IOCTL failed: ret[-1], error [-4]
02-15 12:59:55.486  1165  1553 E spcomlib: [spcom_ioctl] IOCTL failed: ret[-1], error [-4]
02-15 12:59:55.486  1165  1553 E spcomlib: [spcom_check_link_up_state] SPCom check for link up interrupted - ioctl ret[-4], cmd ret[0], wait[1]
02-15 12:59:55.486  1171  1544 E spcomlib: [spcom_check_link_up_state] SPCom check for link up interrupted - ioctl ret[-4], cmd ret[0], wait[1]
02-15 12:59:55.486  1191  1398 E spcomlib: [spcom_ioctl] IOCTL failed: ret[-1], error [-4]
02-15 12:59:55.486  1191  1398 E spcomlib: [spcom_check_link_up_state] SPCom check for link up interrupted - ioctl ret[-4], cmd ret[0], wait[1]
02-15 12:59:55.491  2381  2575 E wlc     : event loop wait error
02-15 12:59:55.492  1905  1935 E spcomlib: [spcom_ioctl] IOCTL failed: ret[-1], error [-4]
02-15 12:59:55.492  1905  1935 E spcomlib: [spcom_check_link_up_state] SPCom check for link up interrupted - ioctl ret[-4], cmd ret[0], wait[1]
02-15 12:59:55.521  1814  1895 E BatteryDump: !@new_battery_dump : 4239,-160,100,100,81,313,303,321,313,0,325,321,0,Discharging,NO_CHARGING,None,Good,NONE,0,Normal,0,0,9300,0x40000000,0x10000,0x0,0,0,137,v0002,0000,0000,00000000,0,0,0,0,141,4243,8019,980,0,
02-15 12:59:55.773  1165  1553 E spcomlib: [spcom_ioctl] IOCTL failed: ret[-1], error [-4]
02-15 12:59:55.773  1165  1553 E spcomlib: [spcom_check_link_up_state] SPCom check for link up interrupted - ioctl ret[-4], cmd ret[0], wait[1]
02-15 12:59:55.774  1191  1398 E spcomlib: [spcom_ioctl] IOCTL failed: ret[-1], error [-4]
02-15 12:59:55.774  1191  1398 E spcomlib: [spcom_check_link_up_state] SPCom check for link up interrupted - ioctl ret[-4], cmd ret[0], wait[1]
02-15 12:59:55.774  1171  1544 E spcomlib: [spcom_ioctl] IOCTL failed: ret[-1], error [-4]
02-15 12:59:55.776  1171  1544 E spcomlib: [spcom_check_link_up_state] SPCom check for link up interrupted - ioctl ret[-4], cmd ret[0], wait[1]
02-15 12:59:55.776  1905  1935 E spcomlib: [spcom_ioctl] IOCTL failed: ret[-1], error [-4]
02-15 12:59:55.777  1905  1935 E spcomlib: [spcom_check_link_up_state] SPCom check for link up interrupted - ioctl ret[-4], cmd ret[0], wait[1]
02-15 12:59:55.778  2381  2575 E wlc     : event loop wait error
02-15 12:59:55.808  1814  1895 E BatteryDump: !@new_battery_dump : 4232,-160,100,100,81,313,303,321,313,0,325,321,0,Discharging,NO_CHARGING,None,Good,NONE,0,Normal,0,0,9300,0x40000000,0x10000,0x0,0,0,137,v0002,0000,0000,00000000,0,0,0,0,141,4243,8019,980,0,
02-15 12:59:55.818  1855  1896 E HeatmapThread: ECT Thread time in milliseconds: 1771174795
02-15 12:59:55.819  1855  1896 E HeatmapThread: !@ CAM New BSOH: 100
02-15 12:59:56.660  3938  4124 E FromGoneTransitionInteractor: Ignoring startTransition: This interactor asked to transition from GONE -> LOCKSCREEN, but we last transitioned to DOZING, not GONE. This should never happen - check currentTransitionInfoInternal or use filterRelevantKeyguardState before starting transitions.
02-15 12:59:56.678  3938 18518 E engmode_client_list: Cannot find client
02-15 12:59:56.678  3938 18518 E engmode_client_aidl: Client error
02-15 12:59:56.680  1566  1566 E engmode_world: Unknown token(00/00/00)
02-15 12:59:56.680  1193  1193 E engmode_aidl_service: error to server(0xd0060012)
02-15 12:59:56.682  1566  1566 E engmode_world: Unknown token(00/00/00)
02-15 12:59:56.682  1193  1193 E engmode_aidl_service: error to server(0xd0060012)
02-15 12:59:56.713  3938  3938 E SystemUITextView: set Background Drawable!!
02-15 12:59:56.818  1855  1896 E HeatmapThread: ECT Thread time in milliseconds: 1771174796
02-15 12:59:56.820  1855  1896 E HeatmapThread: !@ CAM New BSOH: 100
02-15 12:59:57.818  1855  1896 E HeatmapThread: ECT Thread time in milliseconds: 1771174797
02-15 12:59:57.821  1855  1896 E HeatmapThread: !@ CAM New BSOH: 100
02-15 12:59:58.328  2832  7300 E BatteryStatsService: Invalid uid for waking network packet: -1
02-15 12:59:58.726  1165  1553 E spcomlib: [spcom_ioctl] IOCTL failed: ret[-1], error [-4]
02-15 12:59:58.726  1165  1553 E spcomlib: [spcom_check_link_up_state] SPCom check for link up interrupted - ioctl ret[-4], cmd ret[0], wait[1]
02-15 12:59:58.726  1191  1398 E spcomlib: [spcom_ioctl] IOCTL failed: ret[-1], error [-4]
02-15 12:59:58.726  1191  1398 E spcomlib: [spcom_check_link_up_state] SPCom check for link up interrupted - ioctl ret[-4], cmd ret[0], wait[1]
02-15 12:59:58.726  1171  1544 E spcomlib: [spcom_ioctl] IOCTL failed: ret[-1], error [-4]
02-15 12:59:58.726  1171  1544 E spcomlib: [spcom_check_link_up_state] SPCom check for link up interrupted - ioctl ret[-4], cmd ret[0], wait[1]
02-15 12:59:58.728  1905  1935 E spcomlib: [spcom_ioctl] IOCTL failed: ret[-1], error [-4]
02-15 12:59:58.728  1905  1935 E spcomlib: [spcom_check_link_up_state] SPCom check for link up interrupted - ioctl ret[-4], cmd ret[0], wait[1]
02-15 12:59:58.730  2381  2575 E wlc     : event loop wait error
02-15 12:59:58.758  1814  1895 E BatteryDump: !@new_battery_dump : 4237,-160,100,100,81,313,303,321,313,0,325,321,0,Discharging,NO_CHARGING,None,Good,NONE,0,Normal,0,0,9300,0x40000000,0x10000,0x0,0,0,137,v0002,0000,0000,00000000,0,0,0,0,141,4243,8019,980,0,
02-15 12:59:58.818  1855  1896 E HeatmapThread: ECT Thread time in milliseconds: 1771174798
02-15 12:59:58.820  1855  1896 E HeatmapThread: !@ CAM New BSOH: 100
02-15 12:59:59.477  1165  1553 E spcomlib: [spcom_ioctl] IOCTL failed: ret[-1], error [-4]
02-15 12:59:59.477  1165  1553 E spcomlib: [spcom_check_link_up_state] SPCom check for link up interrupted - ioctl ret[-4], cmd ret[0], wait[1]
02-15 12:59:59.477  1171  1544 E spcomlib: [spcom_ioctl] IOCTL failed: ret[-1], error [-4]
02-15 12:59:59.477  1171  1544 E spcomlib: [spcom_check_link_up_state] SPCom check for link up interrupted - ioctl ret[-4], cmd ret[0], wait[1]
02-15 12:59:59.477  1191  1398 E spcomlib: [spcom_ioctl] IOCTL failed: ret[-1], error [-4]
02-15 12:59:59.477  1191  1398 E spcomlib: [spcom_check_link_up_state] SPCom check for link up interrupted - ioctl ret[-4], cmd ret[0], wait[1]
02-15 12:59:59.479  1905  1935 E spcomlib: [spcom_ioctl] IOCTL failed: ret[-1], error [-4]
02-15 12:59:59.480  1905  1935 E spcomlib: [spcom_check_link_up_state] SPCom check for link up interrupted - ioctl ret[-4], cmd ret[0], wait[1]
02-15 12:59:59.482  2381  2575 E wlc     : event loop wait error
02-15 12:59:59.513  1814  1895 E BatteryDump: !@new_battery_dump : 4230,-160,100,100,81,313,302,321,313,0,325,321,0,Discharging,NO_CHARGING,None,Good,NONE,0,Normal,0,0,9300,0x40000000,0x10000,0x0,0,0,137,v0002,0000,0000,00000000,0,0,0,0,141,4243,8019,980,0,
02-15 12:59:59.557  1842  2846 E ConversionHelperAidl: Function: parseAndSetVendorParameters Line: 94 Failed 
02-15 12:59:59.558  1842  2846 E ConversionHelperAidl: Function: parseAndSetVendorParameters Line: 94 Failed 
02-15 12:59:59.559  1842  2846 E ConversionHelperAidl: Function: parseAndSetVendorParameters Line: 94 Failed 
02-15 12:59:59.559  1842  2846 E ConversionHelperAidl: Function: parseAndSetVendorParameters Line: 94 Failed 
02-15 13:00:01.016  1165  1553 E spcomlib: [spcom_ioctl] IOCTL failed: ret[-1], error [-4]
02-15 13:00:01.016  1165  1553 E spcomlib: [spcom_check_link_up_state] SPCom check for link up interrupted - ioctl ret[-4], cmd ret[0], wait[1]
02-15 13:00:01.017  1171  1544 E spcomlib: [spcom_ioctl] IOCTL failed: ret[-1], error [-4]
02-15 13:00:01.017  1191  1398 E spcomlib: [spcom_ioctl] IOCTL failed: ret[-1], error [-4]
02-15 13:00:01.017  1171  1544 E spcomlib: [spcom_check_link_up_state] SPCom check for link up interrupted - ioctl ret[-4], cmd ret[0], wait[1]
02-15 13:00:01.017  1191  1398 E spcomlib: [spcom_check_link_up_state] SPCom check for link up interrupted - ioctl ret[-4], cmd ret[0], wait[1]
02-15 13:00:01.019  1905  1935 E spcomlib: [spcom_ioctl] IOCTL failed: ret[-1], error [-4]
02-15 13:00:01.019  1905  1935 E spcomlib: [spcom_check_link_up_state] SPCom check for link up interrupted - ioctl ret[-4], cmd ret[0], wait[1]
02-15 13:00:01.021  2381  2575 E wlc     : event loop wait error
02-15 13:00:01.047  1814  1895 E BatteryDump: !@new_battery_dump : 4238,-160,100,100,81,313,302,321,313,0,325,321,0,Discharging,NO_CHARGING,None,Good,NONE,0,Normal,0,0,9300,0x40000000,0x10000,0x0,0,0,137,v0002,0000,0000,00000000,0,0,0,0,141,4243,8019,980,0,
02-15 13:00:02.450  1171  1544 E spcomlib: [spcom_ioctl] IOCTL failed: ret[-1], error [-4]
02-15 13:00:02.450  1171  1544 E spcomlib: [spcom_check_link_up_state] SPCom check for link up interrupted - ioctl ret[-4], cmd ret[0], wait[1]
02-15 13:00:02.450  1191  1398 E spcomlib: [spcom_ioctl] IOCTL failed: ret[-1], error [-4]
02-15 13:00:02.450  1191  1398 E spcomlib: [spcom_check_link_up_state] SPCom check for link up interrupted - ioctl ret[-4], cmd ret[0], wait[1]
02-15 13:00:02.451  1165  1553 E spcomlib: [spcom_ioctl] IOCTL failed: ret[-1], error [-4]
02-15 13:00:02.451  1165  1553 E spcomlib: [spcom_check_link_up_state] SPCom check for link up interrupted - ioctl ret[-4], cmd ret[0], wait[1]
02-15 13:00:02.453  1855  1896 E HeatmapThread: ECT Thread time in milliseconds: 1771174802
02-15 13:00:02.454  1905  1935 E spcomlib: [spcom_ioctl] IOCTL failed: ret[-1], error [-4]
02-15 13:00:02.455  1905  1935 E spcomlib: [spcom_check_link_up_state] SPCom check for link up interrupted - ioctl ret[-4], cmd ret[0], wait[1]
02-15 13:00:02.455  2381  2575 E wlc     : event loop wait error
02-15 13:00:02.456  1855  1896 E HeatmapThread: !@ CAM New BSOH: 100
02-15 13:00:02.486  1814  1895 E BatteryDump: !@new_battery_dump : 4239,-160,100,100,81,313,302,321,313,0,326,321,0,Discharging,NO_CHARGING,None,Good,NONE,0,Normal,0,0,9300,0x40000000,0x10000,0x0,0,0,137,v0002,0000,0000,00000000,0,0,0,0,141,4243,8019,980,0,
02-15 13:00:03.986  1165  1553 E spcomlib: [spcom_ioctl] IOCTL failed: ret[-1], error [-4]
02-15 13:00:03.986  1165  1553 E spcomlib: [spcom_check_link_up_state] SPCom check for link up interrupted - ioctl ret[-4], cmd ret[0], wait[1]
02-15 13:00:03.986  1171  1544 E spcomlib: [spcom_ioctl] IOCTL failed: ret[-1], error [-4]
02-15 13:00:03.986  1171  1544 E spcomlib: [spcom_check_link_up_state] SPCom check for link up interrupted - ioctl ret[-4], cmd ret[0], wait[1]
02-15 13:00:03.986  1191  1398 E spcomlib: [spcom_ioctl] IOCTL failed: ret[-1], error [-4]
02-15 13:00:03.986  1191  1398 E spcomlib: [spcom_check_link_up_state] SPCom check for link up interrupted - ioctl ret[-4], cmd ret[0], wait[1]
02-15 13:00:03.987  1905  1935 E spcomlib: [spcom_ioctl] IOCTL failed: ret[-1], error [-4]
02-15 13:00:03.987  1905  1935 E spcomlib: [spcom_check_link_up_state] SPCom check for link up interrupted - ioctl ret[-4], cmd ret[0], wait[1]
02-15 13:00:03.989  2381  2575 E wlc     : event loop wait error
02-15 13:00:04.018  1814  1895 E BatteryDump: !@new_battery_dump : 4239,-160,100,100,81,313,302,320,313,0,326,321,0,Discharging,NO_CHARGING,None,Good,NONE,0,Normal,0,0,9300,0x40000000,0x10000,0x0,0,0,137,v0002,0000,0000,00000000,0,0,0,0,141,4243,8019,980,0,
02-15 13:00:05.523  1165  1553 E spcomlib: [spcom_ioctl] IOCTL failed: ret[-1], error [-4]
02-15 13:00:05.524  1165  1553 E spcomlib: [spcom_check_link_up_state] SPCom check for link up interrupted - ioctl ret[-4], cmd ret[0], wait[1]
02-15 13:00:05.524  1191  1398 E spcomlib: [spcom_ioctl] IOCTL failed: ret[-1], error [-4]
02-15 13:00:05.524  1171  1544 E spcomlib: [spcom_ioctl] IOCTL failed: ret[-1], error [-4]
02-15 13:00:05.524  1191  1398 E spcomlib: [spcom_check_link_up_state] SPCom check for link up interrupted - ioctl ret[-4], cmd ret[0], wait[1]
02-15 13:00:05.524  1171  1544 E spcomlib: [spcom_check_link_up_state] SPCom check for link up interrupted - ioctl ret[-4], cmd ret[0], wait[1]
02-15 13:00:05.526  1905  1935 E spcomlib: [spcom_ioctl] IOCTL failed: ret[-1], error [-4]
02-15 13:00:05.526  1905  1935 E spcomlib: [spcom_check_link_up_state] SPCom check for link up interrupted - ioctl ret[-4], cmd ret[0], wait[1]
02-15 13:00:05.529  2381  2575 E wlc     : event loop wait error
02-15 13:00:05.554  1814  1895 E BatteryDump: !@new_battery_dump : 4239,-160,100,100,81,313,302,320,313,0,326,321,0,Discharging,NO_CHARGING,None,Good,NONE,0,Normal,0,0,9300,0x40000000,0x10000,0x0,0,0,137,v0002,0000,0000,00000000,0,0,0,0,141,4243,8019,980,0,
02-15 13:00:06.959  1165  1553 E spcomlib: [spcom_ioctl] IOCTL failed: ret[-1], error [-4]
02-15 13:00:06.959  1165  1553 E spcomlib: [spcom_check_link_up_state] SPCom check for link up interrupted - ioctl ret[-4], cmd ret[0], wait[1]
02-15 13:00:06.959  1171  1544 E spcomlib: [spcom_ioctl] IOCTL failed: ret[-1], error [-4]
02-15 13:00:06.959  1171  1544 E spcomlib: [spcom_check_link_up_state] SPCom check for link up interrupted - ioctl ret[-4], cmd ret[0], wait[1]
02-15 13:00:06.959  1191  1398 E spcomlib: [spcom_ioctl] IOCTL failed: ret[-1], error [-4]
02-15 13:00:06.959  1191  1398 E spcomlib: [spcom_check_link_up_state] SPCom check for link up interrupted - ioctl ret[-4], cmd ret[0], wait[1]
02-15 13:00:06.961  1855  1896 E HeatmapThread: ECT Thread time in milliseconds: 1771174806
02-15 13:00:06.961  1905  1935 E spcomlib: [spcom_ioctl] IOCTL failed: ret[-1], error [-4]
02-15 13:00:06.961  1905  1935 E spcomlib: [spcom_check_link_up_state] SPCom check for link up interrupted - ioctl ret[-4], cmd ret[0], wait[1]
02-15 13:00:06.964  2381  2575 E wlc     : event loop wait error
02-15 13:00:06.966  1855  1896 E HeatmapThread: !@ CAM New BSOH: 100
02-15 13:00:06.966  2832  2915 E Watchdog: !@Sync: 3402 heap(MB): 160 / 168 FD: 1465 [2026-02-15 13:00:06.966]
02-15 13:00:06.991  1814  1895 E BatteryDump: !@new_battery_dump : 4237,-160,100,100,81,313,302,320,313,0,326,321,0,Discharging,NO_CHARGING,None,Good,NONE,0,Normal,0,0,9300,0x40000000,0x10000,0x0,0,0,137,v0002,0000,0000,00000000,0,0,0,0,141,4243,8019,980,0,
02-15 13:00:08.493  1165  1553 E spcomlib: [spcom_ioctl] IOCTL failed: ret[-1], error [-4]
02-15 13:00:08.493  1171  1544 E spcomlib: [spcom_ioctl] IOCTL failed: ret[-1], error [-4]
02-15 13:00:08.493  1171  1544 E spcomlib: [spcom_check_link_up_state] SPCom check for link up interrupted - ioctl ret[-4], cmd ret[0], wait[1]
02-15 13:00:08.493  1165  1553 E spcomlib: [spcom_check_link_up_state] SPCom check for link up interrupted - ioctl ret[-4], cmd ret[0], wait[1]
02-15 13:00:08.493  1191  1398 E spcomlib: [spcom_ioctl] IOCTL failed: ret[-1], error [-4]
02-15 13:00:08.493  1191  1398 E spcomlib: [spcom_check_link_up_state] SPCom check for link up interrupted - ioctl ret[-4], cmd ret[0], wait[1]
02-15 13:00:08.496  1905  1935 E spcomlib: [spcom_ioctl] IOCTL failed: ret[-1], error [-4]
02-15 13:00:08.496  1905  1935 E spcomlib: [spcom_check_link_up_state] SPCom check for link up interrupted - ioctl ret[-4], cmd ret[0], wait[1]
02-15 13:00:08.499  2381  2575 E wlc     : event loop wait error
02-15 13:00:08.530  1814  1895 E BatteryDump: !@new_battery_dump : 4239,-160,100,100,81,313,302,320,313,0,326,321,0,Discharging,NO_CHARGING,None,Good,NONE,0,Normal,0,0,9300,0x40000000,0x10000,0x0,0,0,137,v0002,0000,0000,00000000,0,0,0,0,141,4243,8019,980,0,
02-15 13:00:09.925  1171  1544 E spcomlib: [spcom_ioctl] IOCTL failed: ret[-1], error [-4]
02-15 13:00:09.925  1165  1553 E spcomlib: [spcom_ioctl] IOCTL failed: ret[-1], error [-4]
02-15 13:00:09.926  1171  1544 E spcomlib: [spcom_check_link_up_state] SPCom check for link up interrupted - ioctl ret[-4], cmd ret[0], wait[1]
02-15 13:00:09.926  1165  1553 E spcomlib: [spcom_check_link_up_state] SPCom check for link up interrupted - ioctl ret[-4], cmd ret[0], wait[1]
02-15 13:00:09.926  1191  1398 E spcomlib: [spcom_ioctl] IOCTL failed: ret[-1], error [-4]
02-15 13:00:09.926  1191  1398 E spcomlib: [spcom_check_link_up_state] SPCom check for link up interrupted - ioctl ret[-4], cmd ret[0], wait[1]
02-15 13:00:09.927  1905  1935 E spcomlib: [spcom_ioctl] IOCTL failed: ret[-1], error [-4]
02-15 13:00:09.927  1905  1935 E spcomlib: [spcom_check_link_up_state] SPCom check for link up interrupted - ioctl ret[-4], cmd ret[0], wait[1]
02-15 13:00:09.929  2381  2575 E wlc     : event loop wait error
02-15 13:00:09.959  1814  1895 E BatteryDump: !@new_battery_dump : 4239,-160,100,100,81,312,302,319,313,0,326,321,0,Discharging,NO_CHARGING,None,Good,NONE,0,Normal,0,0,9300,0x40000000,0x10000,0x0,0,0,137,v0002,0000,0000,00000000,0,0,0,0,141,4243,8019,980,0,
02-15 13:00:11.465  1171  1544 E spcomlib: [spcom_ioctl] IOCTL failed: ret[-1], error [-4]
02-15 13:00:11.466  1165  1553 E spcomlib: [spcom_ioctl] IOCTL failed: ret[-1], error [-4]
02-15 13:00:11.466  1165  1553 E spcomlib: [spcom_check_link_up_state] SPCom check for link up interrupted - ioctl ret[-4], cmd ret[0], wait[1]
02-15 13:00:11.466  1191  1398 E spcomlib: [spcom_ioctl] IOCTL failed: ret[-1], error [-4]
02-15 13:00:11.468  1171  1544 E spcomlib: [spcom_check_link_up_state] SPCom check for link up interrupted - ioctl ret[-4], cmd ret[0], wait[1]
02-15 13:00:11.468  1191  1398 E spcomlib: [spcom_check_link_up_state] SPCom check for link up interrupted - ioctl ret[-4], cmd ret[0], wait[1]
02-15 13:00:11.470  1905  1935 E spcomlib: [spcom_ioctl] IOCTL failed: ret[-1], error [-4]
02-15 13:00:11.470  1905  1935 E spcomlib: [spcom_check_link_up_state] SPCom check for link up interrupted - ioctl ret[-4], cmd ret[0], wait[1]
02-15 13:00:11.472  2381  2575 E wlc     : event loop wait error
02-15 13:00:11.485  1855  1896 E HeatmapThread: ECT Thread time in milliseconds: 1771174811
02-15 13:00:11.486  1855  1896 E HeatmapThread: !@ CAM New BSOH: 100
02-15 13:00:11.509  1814  1895 E BatteryDump: !@new_battery_dump : 4240,-160,100,100,81,312,302,319,312,0,326,321,0,Discharging,NO_CHARGING,None,Good,NONE,0,Normal,0,0,9300,0x40000000,0x10000,0x0,0,0,137,v0002,0000,0000,00000000,0,0,0,0,141,4243,8019,980,0,
02-15 13:00:12.998  1165  1553 E spcomlib: [spcom_ioctl] IOCTL failed: ret[-1], error [-4]
02-15 13:00:12.998  1165  1553 E spcomlib: [spcom_check_link_up_state] SPCom check for link up interrupted - ioctl ret[-4], cmd ret[0], wait[1]
02-15 13:00:12.998  1171  1544 E spcomlib: [spcom_ioctl] IOCTL failed: ret[-1], error [-4]
02-15 13:00:12.998  1171  1544 E spcomlib: [spcom_check_link_up_state] SPCom check for link up interrupted - ioctl ret[-4], cmd ret[0], wait[1]
02-15 13:00:12.999  1191  1398 E spcomlib: [spcom_ioctl] IOCTL failed: ret[-1], error [-4]
02-15 13:00:12.999  1191  1398 E spcomlib: [spcom_check_link_up_state] SPCom check for link up interrupted - ioctl ret[-4], cmd ret[0], wait[1]
02-15 13:00:13.001  1905  1935 E spcomlib: [spcom_ioctl] IOCTL failed: ret[-1], error [-4]
02-15 13:00:13.002  1905  1935 E spcomlib: [spcom_check_link_up_state] SPCom check for link up interrupted - ioctl ret[-4], cmd ret[0], wait[1]
02-15 13:00:13.003  2381  2575 E wlc     : event loop wait error
02-15 13:00:13.049  1814  1895 E BatteryDump: !@new_battery_dump : 4240,-160,100,100,81,312,302,319,312,0,326,321,0,Discharging,NO_CHARGING,None,Good,NONE,0,Normal,0,0,9300,0x40000000,0x10000,0x0,0,0,137,v0002,0000,0000,00000000,0,0,0,0,141,4243,8019,980,0,
02-15 13:00:14.497  1171  1544 E spcomlib: [spcom_ioctl] IOCTL failed: ret[-1], error [-4]
02-15 13:00:14.497  1171  1544 E spcomlib: [spcom_check_link_up_state] SPCom check for link up interrupted - ioctl ret[-4], cmd ret[0], wait[1]
02-15 13:00:14.497  1191  1398 E spcomlib: [spcom_ioctl] IOCTL failed: ret[-1], error [-4]
02-15 13:00:14.498  1165  1553 E spcomlib: [spcom_ioctl] IOCTL failed: ret[-1], error [-4]
02-15 13:00:14.497  1191  1398 E spcomlib: [spcom_check_link_up_state] SPCom check for link up interrupted - ioctl ret[-4], cmd ret[0], wait[1]
02-15 13:00:14.500  1165  1553 E spcomlib: [spcom_check_link_up_state] SPCom check for link up interrupted - ioctl ret[-4], cmd ret[0], wait[1]
02-15 13:00:14.501  1905  1935 E spcomlib: [spcom_ioctl] IOCTL failed: ret[-1], error [-4]
02-15 13:00:14.501  1905  1935 E spcomlib: [spcom_check_link_up_state] SPCom check for link up interrupted - ioctl ret[-4], cmd ret[0], wait[1]
02-15 13:00:14.505  2381  2575 E wlc     : event loop wait error
02-15 13:00:14.527  3938  3938 E ThemeUtils: View class com.airbnb.lottie.LottieAnimationView is an AppCompat widget that can only be used with a Theme.AppCompat theme (or descendant).
02-15 13:00:14.532  3938  4156 E perf_hint: Session ID too large, must fit 32-bit integer
02-15 13:00:14.535  1816  1816 E thermal_core: need_to_update: 15017
02-15 13:00:14.537  1814  1895 E BatteryDump: !@new_battery_dump : 4240,-160,100,100,81,312,302,319,312,0,326,321,0,Discharging,NO_CHARGING,None,Good,NONE,0,Normal,0,0,9300,0x40000000,0x10000,0x0,0,0,137,v0002,0000,0000,00000000,0,0,0,0,141,4243,8019,980,0,
02-15 13:00:14.537  1701  1804 E minksocket: MinkIPC ERROR: ( 1701:1804 ) MinkIPC_preProcess:272 Client down, but cannot find corresponding minksession
02-15 13:00:14.537  1701  1794 E minksocket: MinkIPC ERROR: ( 1701:1794 ) MinkIPC_preProcess:272 Client down, but cannot find corresponding minksession
02-15 13:00:14.537  1701  1794 E minksocket: MinkIPC ERROR: ( 1701:1794 ) MinkIPC_preProcess:272 Client down, but cannot find corresponding minksession
02-15 13:00:14.537  1701  1804 E minksocket: MinkIPC ERROR: ( 1701:1804 ) MinkIPC_preProcess:272 Client down, but cannot find corresponding minksession
02-15 13:00:14.538  1701  1794 E minksocket: MinkIPC ERROR: ( 1701:1794 ) MinkIPC_preProcess:272 Client down, but cannot find corresponding minksession
02-15 13:00:14.538  1701  1804 E minksocket: MinkIPC ERROR: ( 1701:1804 ) MinkIPC_preProcess:272 Client down, but cannot find corresponding minksession
02-15 13:00:14.538  1701  1804 E minksocket: MinkIPC ERROR: ( 1701:1804 ) MinkIPC_preProcess:272 Client down, but cannot find corresponding minksession
02-15 13:00:14.538  1701  1794 E minksocket: MinkIPC ERROR: ( 1701:1794 ) MinkIPC_preProcess:272 Client down, but cannot find corresponding minksession
02-15 13:00:14.546  2832  2832 E PocketModeEvent: ACTION_SCREEN_ON(by 1)
02-15 13:00:14.547  1776  1907 E PERFHAL-REQUEST: PERFHAL-REQUEST: Process() 384: Translate to physical failed
02-15 13:00:14.549  1738  1738 E sensors-hal: flush:384, invalid flush request, active=0, oneshot=0
02-15 13:00:14.551  1701  1794 E minksocket: MinkIPC ERROR: ( 1701:1794 ) MinkIPC_preProcess:272 Client down, but cannot find corresponding minksession
02-15 13:00:14.552  1701  1804 E minksocket: MinkIPC ERROR: ( 1701:1804 ) MinkIPC_preProcess:272 Client down, but cannot find corresponding minksession
02-15 13:00:14.552  1701  1804 E minksocket: MinkIPC ERROR: ( 1701:1804 ) MinkIPC_preProcess:272 Client down, but cannot find corresponding minksession
02-15 13:00:14.552  1701  1794 E minksocket: MinkIPC ERROR: ( 1701:1794 ) MinkIPC_preProcess:272 Client down, but cannot find corresponding minksession
02-15 13:00:14.553  1701  1804 E minksocket: MinkIPC ERROR: ( 1701:1804 ) MinkIPC_preProcess:272 Client down, but cannot find corresponding minksession
02-15 13:00:14.553  1701  1794 E minksocket: MinkIPC ERROR: ( 1701:1794 ) MinkIPC_preProcess:272 Client down, but cannot find corresponding minksession
02-15 13:00:14.553  1701  1794 E minksocket: MinkIPC ERROR: ( 1701:1794 ) MinkIPC_preProcess:272 Client down, but cannot find corresponding minksession
02-15 13:00:14.554  1701  1804 E minksocket: MinkIPC ERROR: ( 1701:1804 ) MinkIPC_preProcess:272 Client down, but cannot find corresponding minksession
02-15 13:00:14.554 15878  7842 E LoadedApk: Exception : java.lang.NullPointerException: Attempt to invoke virtual method 'boolean android.os.Looper.isPerfLogEnable()' on a null object reference
02-15 13:00:14.556  3938  3938 E NowBarCardStackView: getTopCard topCard is null view size = 0
02-15 13:00:14.556  3938  3938 E NowBarCardStackView: getTopCard topCard is null view size = 0
02-15 13:00:14.556  3938  3938 E NowBarCardStackView: getTopCard topCard is null view size = 0
02-15 13:00:14.558  2832  3561 E PocketMotionManager: register activity tracker
02-15 13:00:14.560  4508  7389 E perf_hint: Session ID too large, must fit 32-bit integer
02-15 13:00:14.562  4925  6188 E ScanManager: [GSIM LOG]: gsimLogHandler, msg: MESSAGE_SCAN_STOP, appName: android, scannerId: 1, reportDelayMillis=0
02-15 13:00:14.563  3938  3938 E NowBarCardViewModel: updateExpandedClickPanelVisibility screen on = true expanded false isTopCardSettingViewOpened = false
02-15 13:00:14.565  1743  7189 E sec_fr_NativeFaceService: wait callback state(1)
02-15 13:00:14.565  3938  3938 E NowBarCardViewModel: updateExpandedClickPanelVisibility screen on = true expanded false isTopCardSettingViewOpened = false
02-15 13:00:14.568  2832  3561 E PocketMotionManager: request activity tracker
02-15 13:00:14.570  2832  4047 E AppOps  : package client.pid<1743> not found, can't check for attributionTag null
02-15 13:00:14.570  2832  4047 E AppOps  : Bad call made by uid 1047. Package "client.pid<1743>" does not belong to uid 1000.
02-15 13:00:14.570  2832  4047 E AppOps  : Cannot getAppOpMode: non-application UID 1000
02-15 13:00:14.571  3938  3938 E AbsSettings: refreshInner: refreshedSettingsDBItem key enabled_complication_widgets_id_list val = 
02-15 13:00:14.573  1701  1804 E minksocket: MinkIPC ERROR: ( 1701:1804 ) MinkIPC_preProcess:272 Client down, but cannot find corresponding minksession
02-15 13:00:14.573  1701  1804 E minksocket: MinkIPC ERROR: ( 1701:1804 ) MinkIPC_preProcess:272 Client down, but cannot find corresponding minksession
02-15 13:00:14.573  1701  1804 E minksocket: MinkIPC ERROR: ( 1701:1804 ) MinkIPC_preProcess:272 Client down, but cannot find corresponding minksession
02-15 13:00:14.573  1701  1794 E minksocket: MinkIPC ERROR: ( 1701:1794 ) MinkIPC_preProcess:272 Client down, but cannot find corresponding minksession
02-15 13:00:14.573  1701  1794 E minksocket: MinkIPC ERROR: ( 1701:1794 ) MinkIPC_preProcess:272 Client down, but cannot find corresponding minksession
02-15 13:00:14.573  1701  1794 E minksocket: MinkIPC ERROR: ( 1701:1794 ) MinkIPC_preProcess:272 Client down, but cannot find corresponding minksession
02-15 13:00:14.573  2832  3312 E CameraService_worker: Recent tasks don't include camera client package name: client.pid<1743>
02-15 13:00:14.574 15878  7427 E LoadedApk: Exception : java.lang.NullPointerException: Attempt to invoke virtual method 'boolean android.os.Looper.isPerfLogEnable()' on a null object reference
02-15 13:00:14.574  3938  3938 E AbsSettings: refreshInner: refreshedSettingsDBItem key enabled_complication_widgets_id_list val = 
02-15 13:00:14.575  2832  3561 E PocketModeEvent: MSG_TYPE_START_SENSING
02-15 13:00:14.575  1701  1794 E minksocket: MinkIPC ERROR: ( 1701:1794 ) MinkIPC_preProcess:272 Client down, but cannot find corresponding minksession
02-15 13:00:14.575  1701  1804 E minksocket: MinkIPC ERROR: ( 1701:1804 ) MinkIPC_preProcess:272 Client down, but cannot find corresponding minksession
02-15 13:00:14.576  4925 13808 E BluetoothUtils: Permission denial: Location is off.
02-15 13:00:14.580 15878  7427 E LoadedApk: Exception : java.lang.NullPointerException: Attempt to invoke virtual method 'boolean android.os.Looper.isPerfLogEnable()' on a null object reference
02-15 13:00:14.582  4925  6188 E ScanManager: [GSIM LOG]: gsimLogHandler, msg: MESSAGE_SCAN_START, appName: com.samsung.android.beaconmanager, scannerId: 1, reportDelayMillis=0
02-15 13:00:14.585 14493 14493 E VSET/CameraStateManagerImpl: isCameraFacingFront : failed to get camera characteristics Attempt to invoke virtual method 'java.lang.Object android.hardware.camera2.CameraCharacteristics.get(android.hardware.camera2.CameraCharacteristics$Key)' on a null object reference
02-15 13:00:14.587  3938  3938 E NowBarCardViewModel: updateExpandedClickPanelVisibility screen on = true expanded false isTopCardSettingViewOpened = false
02-15 13:00:14.588  3938  3938 E NowBarCardViewModel: updateExpandedClickPanelVisibility screen on = true expanded false isTopCardSettingViewOpened = false
02-15 13:00:14.589  4925  5223 E bluetooth: system/gd/hci/le_scanning_manager.cc:998 scan_filter_add: Add passive filterScan. filter_index=4, uuid=0000fd59-0000-1000-8000-00805f9b34fb
02-15 13:00:14.589  3938  3938 E NowBarCardViewModel: updateExpandedClickPanelVisibility screen on = true expanded false isTopCardSettingViewOpened = false
02-15 13:00:14.590  1811  1844 E ChiX    : [ERROR][CORE   ] chxextensionmodule.cpp:19196 InitializeSensorSession() Skip SensorInit on CAM_FRONT_SECURE(logicalCameraId:3)
02-15 13:00:14.590  1811  1844 E CamX    : [ERROR][HAL    ] camxhal3.cpp:1990 initialize() initialize(): 0xb4000070c2b8c690, 0xb400007155a6d5d0
02-15 13:00:14.590  1811  1844 E CamX    : [ERROR][HAL    ] camxhal3.cpp:1999 initialize() haldevice: 0xb4000070c2b8c680
02-15 13:00:14.590  1811  1844 E CamX    : [ERROR][HAL    ] camxhaldevice.h:200 SetCallbackOps() device: 0xb4000070c2b8c680 callback: 0xb400007155a6d5d0
02-15 13:00:14.592  2173  2173 E Camera2-FrameProcessorBase: FrameProcessorBase: created
02-15 13:00:14.592  2173  2173 E Camera2-FrameProcessorBase: registerListener: Registering listener for frame id range 0 - 2147483647
02-15 13:00:14.594  1842   424 E ConversionHelperAidl: Function: parseAndSetVendorParameters Line: 94 Failed 
02-15 13:00:14.595  2832  3585 E WifiStaIfaceAidlImpl: getCachedScanData failed with service-specific exception: android.os.ServiceSpecificException:  (code 4)
02-15 13:00:14.596  1842   424 E ConversionHelperAidl: Function: parseAndSetVendorParameters Line: 94 Failed 
02-15 13:00:14.601  1811  1843 E CamX    : [ERROR][HAL    ] camxhaldevice.cpp:1533 CHIModuleInitialize() GetCameraId: 3 callback: 0xb4000070c2b8c738 cam3Device: 0xb4000070c2b8c690
02-15 13:00:14.601  1811  1843 E ChiX    : [ERROR][CORE   ] chxextensionmodule.cpp:2713 SetHALOps() SetHALOps being set for CameraID:3 pHalOps: 0xb4000070c2b8c738
02-15 13:00:14.601  1811  1843 E ChiX    : [ERROR][CORE   ] chxextensionmodule.cpp:8514 InitializeOverrideSession() logicalCam: 3 pCamera3Device: 0xb4000070c2b8c690
02-15 13:00:14.602  2832  3592 E WifiScanningService: Failed to unregister death recipient! com.android.server.wifi.scanner.WifiScanningServiceImpl$InternalListener@7bd13ff
02-15 13:00:14.604  2832  3585 E WifiStaIfaceAidlImpl: getCachedScanData failed with service-specific exception: android.os.ServiceSpecificException:  (code 4)
02-15 13:00:14.618  2832  3393 E SensorService: BigData:Pakage) 5 already enabled. 
02-15 13:00:14.635  1811  1843 E CHIFD   : [ERROR][FD     ] camxchinodefd.cpp:1867 FillInputBufferRequirments() Node[SecurePreview_com.qti.node.fd8_cam4] ImageRequirements index 0 width 640 height 480 Y stride 640 scanline 480 UV stride 640 scanline 240
02-15 13:00:14.635  1811  1843 E CHIFD   : [ERROR][FD     ] camxchinodefd.cpp:1867 FillInputBufferRequirments() Node[SecurePreview_com.qti.node.fd8_cam4] ImageRequirements index 1 width 640 height 360 Y stride 640 scanline 480 UV stride 640 scanline 240
02-15 13:00:14.635  1811  1843 E CHIFD   : [ERROR][FD     ] camxchinodefd.cpp:1867 FillInputBufferRequirments() Node[SecurePreview_com.qti.node.fd8_cam4] ImageRequirements index 2 width 1280 height 960 Y stride 1280 scanline 960 UV stride 1280 scanline 480
02-15 13:00:14.635  1811  1843 E CHIFD   : [ERROR][FD     ] camxchinodefd.cpp:1966 FillInputBufferRequirments() Dimensions :Base[640x480], Preview [0x0], Request [640x480] bufferModeChoosed 0
02-15 13:00:14.635  1811  1843 E CHIFD   : [ERROR][FD     ] camxchinodefd.cpp:1988 FillInputBufferRequirments() PortId 0, Min[640x480], Max[640x480], Optimal[640x480]
02-15 13:00:14.635  1811  1843 E CamX    : [ERROR][CHI    ] camxchicontext.cpp:5621 SetPipelineDescriptorOptions() [FmtNego] SecurePreview: Node 65538_0 Output Port::[8] Can't convert buffer format 4
02-15 13:00:14.637  1811  3672 E CamX    : [ERROR][SENSOR ] camxsensornode.cpp:1779 SensorThreadJobCallback() Sensor[4][SecurePreview_Sensor0_cam4] currConfigStatus:1
02-15 13:00:14.637  1811  3672 E CamX    : [ERROR][SENSOR ] camxsensor.cpp:10233 AcquireDevice() Sensor[4][SecurePreview_Sensor0_cam4] hCSL:0x850200 hDev:0x390101 devIdx:29 isAcquired:0 pipelineRefCount:0
02-15 13:00:14.638  1811  8007 E CamX    : [ERROR][ISP    ] camxmctfenode.cpp:5426 ConfigureInputResolution() SecurePreview_MCTFE0_cam4: IPP Input Resolution WxH = [4000 x 3000], RDI Resolution WxH = [4000 x 3000]binningFactor 1, CSIDBinning Enabled 0, bIsXCFANonRemosaicData: 0 SensorMode Index 13,isQPDMode:0
02-15 13:00:14.638  1811  8007 E CamX    : [ERROR][ISP    ] camxmctfenode.cpp:4195 PostUsecaseMetadata() SecurePreview_MCTFE0_cam4: IPP Resolution WxH = [4000 x 3000], RDI Resolution WxH = [4000 x 3000] SensorMode Index 13
02-15 13:00:14.638  1811  8012 E CamX    : [ERROR][CORE   ] camxnodecore.h:4996 IsVSREnabled() SecurePreview_OFE0_cam4 Failed to read VSR enable metaTag
02-15 13:00:14.638  1811  1843 E CamX    : [ERROR][CHI    ] camxchicontext.cpp:5621 SetPipelineDescriptorOptions() [FmtNego] SecurePreview: Node 65538_0 Output Port::[8] Can't convert buffer format 4
02-15 13:00:14.645  1811  8013 E AF_DEBUG: AfLib_BootingInit(724) : [cam_id_4] AF_Lib Version = 0x700F Chip Type = 1 (0:LSI, 1:QC) 
02-15 13:00:14.645  1811  8013 E AF_DEBUG: LinkAfCalData(187) : af_cal = ref_table_arr[0]->af_cal_data max_arr= 5
02-15 13:00:14.645  1811  8013 E AF_DEBUG: SetAfModuleInfo(529) : [cam_id_4] Module = S12XSRD00CM, ModuleInfo = PA123_FRONT, ModuleType = 31, phaseType = 1
02-15 13:00:14.645  1811  8013 E AF_DEBUG: PrintAfCalData(606) : [cam_id_4] 12bit | af cal data far: 1730, mid2: -1, mid1: -1, near: 2475, max: 4088, add_80: -1, plus_offset: 65535, minus_offset: 65535 zoom_rate(x1000) 1000
02-15 13:00:14.645  1811  8013 E AF_DEBUG: AfLib_BootingInit(745) : [cam_id_4][factory_af_booting_init]  factory_af_flag = 0
02-15 13:00:14.645  1811  8013 E AF_DEBUG: AfLib_AlgorithmInit(1046) : [cam_id_4] paf_cal_data_info = 20240527 paf_cal_errcheck 0x00000000 vpd_cal 0 vpd_cal_data_info = 0 vpaf_cal_errcheck 0x00000000 
02-15 13:00:14.645  1811  8013 E AF_DEBUG: AfInit(5685) : [cam_id_4] Version(0x700F). mode(0). lens(1730). sensor(4000 x 3000). touch(0 x 0 ). pafstatvalid(0)
02-15 13:00:14.645  1811  8013 E AF_DEBUG: UpdateAfStatus(68) : [cam_id_4] AF status 0x0 -> 0x20, called from : AfInit(5723)  
02-15 13:00:14.647  1811  8013 E CamX    : [ERROR][STATS_AEC] camxcaecstatsprocessor.cpp:7084 GetCropWindow() Wrong input: HALCropWindow left(0),top(0) width,height = 0x0
02-15 13:00:14.651  1811  8015 E CHIFD   : [ERROR][FD     ] camxchinodefd.cpp:1453 PostPipelineCreate() Node[SecurePreview_com.qti.node.fd8_cam4] FD node created in pipeline (realtime 1) FD Use client 2, Spectra Version 0x90800Facial attribute settings: GB(0), CT(1), CTV(0), Exp(0), Gen(0), Mask(1), UpperBody(1) Pet(0)
02-15 13:00:14.652  1811  8014 E SensorListener: ERR(initSensor[1078]):failed to open hrm alc sensor's name
02-15 13:00:14.654  1701  1794 E minksocket: MinkIPC ERROR: ( 1701:1794 ) MinkIPC_preProcess:272 Client down, but cannot find corresponding minksession
02-15 13:00:14.654  1701  1804 E minksocket: MinkIPC ERROR: ( 1701:1804 ) MinkIPC_preProcess:272 Client down, but cannot find corresponding minksession
02-15 13:00:14.655  1701  1804 E minksocket: MinkIPC ERROR: ( 1701:1804 ) MinkIPC_preProcess:272 Client down, but cannot find corresponding minksession
02-15 13:00:14.655  1701  1794 E minksocket: MinkIPC ERROR: ( 1701:1794 ) MinkIPC_preProcess:272 Client down, but cannot find corresponding minksession
02-15 13:00:14.655  1701  1804 E minksocket: MinkIPC ERROR: ( 1701:1804 ) MinkIPC_preProcess:272 Client down, but cannot find corresponding minksession
02-15 13:00:14.655  1701  1794 E minksocket: MinkIPC ERROR: ( 1701:1794 ) MinkIPC_preProcess:272 Client down, but cannot find corresponding minksession
02-15 13:00:14.656  1701  1804 E minksocket: MinkIPC ERROR: ( 1701:1804 ) MinkIPC_preProcess:272 Client down, but cannot find corresponding minksession
02-15 13:00:14.656  1701  1794 E minksocket: MinkIPC ERROR: ( 1701:1794 ) MinkIPC_preProcess:272 Client down, but cannot find corresponding minksession
02-15 13:00:14.656  1743  7969 E sec_fr_FaceCameraClient: [0] state is not matched (256)(132)
02-15 13:00:14.657  1738  1738 E sensors-hal: flush:384, invalid flush request, active=0, oneshot=0
02-15 13:00:14.657  1811  8009 E CamX    : [ERROR][FD     ] camxfdengine.cpp:209 FDEngineCreate() CN_07626430 - Create Parameters: DLFD 1, Facial Contour 0, Facial Expression 0, Facial Gender 0, ROI Manager 1, FD input Dims: (640, 480)
02-15 13:00:14.657  1701  1804 E minksocket: MinkIPC ERROR: ( 1701:1804 ) MinkIPC_preProcess:272 Client down, but cannot find corresponding minksession
02-15 13:00:14.657  1776  1907 E PERFHAL-UTIL: PERFHAL-UTIL: save_node_val() 251: Failed to read /sys/devices/system/cpu/cpu0/cpufreq/walt/target_load_shift
02-15 13:00:14.658  1776  1907 E PERFHAL-OPTSHANDLER: PERFHAL-OPTSHANDLER: modify_sysfsnode() 1154: Failed to read /sys/devices/system/cpu/cpu0/cpufreq/walt/target_load_shift
02-15 13:00:14.658  1776  1907 E PERFHAL-RESOURCEQS: PERFHAL-RESOURCEQS: AddAndApply() 159: Failed to apply optimization [5, 21]
02-15 13:00:14.658  1776  1907 E PERFHAL-UTIL: PERFHAL-UTIL: save_node_val() 251: Failed to read /sys/devices/system/cpu/cpu0/cpufreq/walt/target_load_thresh
02-15 13:00:14.658  1776  1907 E PERFHAL-OPTSHANDLER: PERFHAL-OPTSHANDLER: modify_sysfsnode() 1154: Failed to read /sys/devices/system/cpu/cpu0/cpufreq/walt/target_load_thresh
02-15 13:00:14.658  1776  1907 E PERFHAL-RESOURCEQS: PERFHAL-RESOURCEQS: AddAndApply() 159: Failed to apply optimization [5, 20]
02-15 13:00:14.658  1701  1794 E minksocket: MinkIPC ERROR: ( 1701:1794 ) MinkIPC_preProcess:272 Client down, but cannot find corresponding minksession
02-15 13:00:14.658  1701  1804 E minksocket: MinkIPC ERROR: ( 1701:1804 ) MinkIPC_preProcess:272 Client down, but cannot find corresponding minksession
02-15 13:00:14.658  1701  1794 E minksocket: MinkIPC ERROR: ( 1701:1794 ) MinkIPC_preProcess:272 Client down, but cannot find corresponding minksession
02-15 13:00:14.660  1701  1794 E minksocket: MinkIPC ERROR: ( 1701:1794 ) MinkIPC_preProcess:272 Client down, but cannot find corresponding minksession
02-15 13:00:14.660  1701  1794 E minksocket: MinkIPC ERROR: ( 1701:1794 ) MinkIPC_preProcess:272 Client down, but cannot find corresponding minksession
02-15 13:00:14.660  1701  1804 E minksocket: MinkIPC ERROR: ( 1701:1804 ) MinkIPC_preProcess:272 Client down, but cannot find corresponding minksession
02-15 13:00:14.660  1701  1804 E minksocket: MinkIPC ERROR: ( 1701:1804 ) MinkIPC_preProcess:272 Client down, but cannot find corresponding minksession
02-15 13:00:14.665  1811  3672 E CamX    : [ERROR][SENSOR ] camxsensorcache.cpp:117 SetSubDeviceHandle() Device[4][Sensor] refCount:0 hCSL:0x850200 hDev:0xf80101 hCSLCached:0x180200 isAcquired:0 pipelineRefCount:0
02-15 13:00:14.671  1811  8009 E CamX    : [ERROR][FD     ] camxfdengine.cpp:263 FDEngineCreate() Create ROI manager handle success -CN_07626430, result = 0
02-15 13:00:14.671  1811  8009 E CamX    : [ERROR][FD     ] camxfdengine.cpp:209 FDEngineCreate() CN_07626430 - Create Parameters: DLFD 0, Facial Contour 1, Facial Expression 0, Facial Gender 0, ROI Manager 0, FD input Dims: (640, 480)
02-15 13:00:14.673  1811  8015 E CamX    : [ERROR][ISP    ] camxmctfenode.cpp:1815 PostPipelineCreate() SecurePreview_MCTFE0_cam4: numProcessingExposures 1  usecaseNumExposures 1
02-15 13:00:14.681  1811  3672 E CamX    : [ERROR][SENSOR ] camxsensornode.cpp:1794 SensorThreadJobCallback() Sensor[4][SecurePreview_Sensor0_cam4] currConfigStatus:2
02-15 13:00:14.681  1811  3672 E CamX    : [ERROR][SENSOR ] camxsensorcache.cpp:117 SetSubDeviceHandle() Device[4][CSIPHY] refCount:1 hCSL:0x850200 hDev:0x50105 hCSLCached:0x850200 isAcquired:0 pipelineRefCount:0
02-15 13:00:14.681  1811  3672 E CamX    : [ERROR][SENSOR ] camxactuator.cpp:148 Initialize() Actuator[4][SecurePreview_Sensor0_cam4] hCSL:0x850200 hDev:0x570106 devIdx:21 isAcquired:0 pipelineRefCount:0
02-15 13:00:14.701  1811  3672 E CamX    : [ERROR][SENSOR ] camxsensorcache.cpp:117 SetSubDeviceHandle() Device[4][Actuator] refCount:2 hCSL:0x850200 hDev:0xff0106 hCSLCached:0x850200 isAcquired:0 pipelineRefCount:0
02-15 13:00:14.701  1811  3672 E CamX    : [ERROR][SENSOR ] camxsensornode.cpp:2075 SensorThreadJobCallback() Sensor[4][SecurePreview_Sensor0_cam4] ConfigureSensor: start, Config_status:2
02-15 13:00:14.701  1811  1843 E CamX    : [ERROR][SENSOR ] camxsensornode.cpp:656 PrepareStreamOn() Sensor[4][SecurePreview_Sensor0_cam4] currConfigStatus:2
02-15 13:00:14.701  1811  1843 E CamX    : [ERROR][SENSOR ] camxsensornode.cpp:662 PrepareStreamOn() Sensor[4][SecurePreview_Sensor0_cam4] Waiting for Sensor config  config_Status:2
02-15 13:00:14.701  1811  3672 E CamX    : [ERROR][SENSOR ] camxsensornode.cpp:2114 SensorThreadJobCallback() Sensor[4][SecurePreview_Sensor0_cam4] currConfigStatus:4
02-15 13:00:14.713  1811  1843 E CamX    : [ERROR][IQMod  ] camxtfebds2demosaic201.cpp:277 UpdateBDS2InputData() SecurePreview_MCTFE0_cam4 bayerPattern 0
02-15 13:00:14.716  1811  3666 E CHIFD   : [ERROR][FD     ] camxchinodefd.cpp:2134 ExecuteProcessRequest() Node[SecurePreview_com.qti.node.fd8_cam4] ReqId[1] EPR-0, bindIOBuffers=0
02-15 13:00:14.729  1811  3670 E CamX    : [ERROR][IQMod  ] camxtfebds2demosaic201.cpp:277 UpdateBDS2InputData() SecurePreview_MCTFE0_cam4 bayerPattern 0
02-15 13:00:14.738  1811  3669 E CHIFD   : [ERROR][FD     ] camxchinodefd.cpp:2134 ExecuteProcessRequest() Node[SecurePreview_com.qti.node.fd8_cam4] ReqId[2] EPR-0, bindIOBuffers=0
02-15 13:00:14.739  1811  3673 E CHIFD   : [ERROR][FD     ] camxchinodefd.cpp:2134 ExecuteProcessRequest() Node[SecurePreview_com.qti.node.fd8_cam4] ReqId[4] EPR-0, bindIOBuffers=0
02-15 13:00:14.739  1811  3666 E CHIFD   : [ERROR][FD     ] camxchinodefd.cpp:2134 ExecuteProcessRequest() Node[SecurePreview_com.qti.node.fd8_cam4] ReqId[3] EPR-0, bindIOBuffers=0
02-15 13:00:14.740  1811  3665 E CHIFD   : [ERROR][FD     ] camxchinodefd.cpp:2134 ExecuteProcessRequest() Node[SecurePreview_com.qti.node.fd8_cam4] ReqId[5] EPR-0, bindIOBuffers=0
02-15 13:00:14.753  1738  3871 E sensors-hal: handle_sns_client_event:71, num_items=17 exceeds SENSORS_HAL_MAX_DATA_LEN=16
02-15 13:00:14.755  1874  4869 E NativeCustomFrequencyManager: [NativeCFMS] BpCustomFrequencyManager::acquire()
02-15 13:00:14.756  1772  2380 E SDM     : ScalarConfig::GetAIScaleSettingsInfo: AI Scaler Config for display 68 is not present
02-15 13:00:14.764  1743  1924 E ACameraDeviceVendor: onCaptureStarted: request = 0xb400007dc1958a80
02-15 13:00:14.773  1738  3871 E sensors-hal: handle_sns_client_event:71, num_items=17 exceeds SENSORS_HAL_MAX_DATA_LEN=16
02-15 13:00:14.778  3938  3938 E MODManager: hideSubUIChargingInfo skip because mAODChargingInfoSubUiPresenter is null
02-15 13:00:14.778  3938  3938 E SQLiteLog: (10) POSIX Error : 11 SQLite Error : 3850
02-15 13:00:14.778  3938  3938 E SQLiteLog: (10) LOCK : Getting lock (4) failed due to (11). The current owner is (6838).
02-15 13:00:14.781  1811  3669 E CHIFD   : [ERROR][FD     ] camxchinodefd.cpp:2119 ExecuteProcessRequest() Node[SecurePreview_com.qti.node.fd8_cam4] ReqId[1] EPR-1, bindIOBuffers=0
02-15 13:00:14.781  1811  3669 E CHIFD   : [ERROR][FD     ] camxchinodefd.cpp:2301 ExecuteProcessRequest() Node[SecurePreview_com.qti.node.fd8_cam4] ReqId[1] ChiFD node publishing FD results
02-15 13:00:14.781  1811  3669 E CHIFD   : [ERROR][FD     ] camxchifdutils.cpp:1032 ConvertFDPointsBetweenReferences() previous: 0 0, current: 4000 3000
02-15 13:00:14.781  1811  3669 E CHIFD   : [ERROR][FD     ] camxchinodefd.cpp:4640 ReconvertFDResults() error in ConvertFDPointsBetweenReferences
02-15 13:00:14.781  1811  3669 E CHIFD   : [ERROR][FD     ] camxchinodefd.cpp:2388 ExecuteProcessRequest() Processing SW Detection ReqId[1] reqhandle 0 FD type: DLFD
02-15 13:00:14.781  1811  3669 E CHIFD   : [ERROR][FD     ] camxchinodefd.cpp:7995 OnProcessRequest() Node[SecurePreview_com.qti.node.fd8_cam4] ReqId[1] Request Scheduled (Pending frames 0)
02-15 13:00:14.781  1811  8010 E CHIFD   : [ERROR][FD     ] camxchinodefd.cpp:5265 ExecuteFDResultsProcessing() DL-FD Execution reqid 1
02-15 13:00:14.781  1811  8010 E CamX    : [ERROR][FD     ] camxfdengine.cpp:842 FDEngineGetFDRunFlag() FrameId=1: -CN_07626430 FDRunFlag=1, reqdFrameCyclePeriod=1
02-15 13:00:14.785  1811  8010 E CamX    : [ERROR][FD     ] camxfdengine.cpp:763 FDEngineProcessResult() valid input parameter!-CN_07626430 hFDEHandle 0xb4000071a5a8c7a0K, pPerFrameInfo 0x705b4b0ff0K, pMainResult 0x705b4858d8K, pOutputResult 0x705b47923cK, pHeadBodyResult 0x705b46c020K, pOutputResultStabilized 0x705b46cba0K, pOutputHeadBodyResult 0x705b46bcd4K, pOutputHeadBodyResultStabilized 0x705b46b988K, pPetResult 0x705b46a9a8K,pOutputPetResult 0x705b46a090K, pOutputPetResultStabilized 0x705b46a51cK
02-15 13:00:14.785  1811  8010 E CHIFD   : [ERROR][FD     ] camxchinodefd.cpp:9009 FDDLExecution() Node[SecurePreview_com.qti.node.fd8_cam4] ReqId[1] Faces 0
02-15 13:00:14.785  1811  8010 E CHIFD   : [ERROR][FD     ] camxchinodefd.cpp:10518 ProcessRequestDone() Node[SecurePreview_com.qti.node.fd8_cam4] ReqId[1] ProcessRequestDone
02-15 13:00:14.799  1811  3667 E DATC-IF : [ERROR][ChiNode] camxchinodesecofectrl.cpp:896 OverrideOFECGData() SecurePreview_OFE0 req 1 get metadata fail NULL pointer 0x0
02-15 13:00:14.818  1811  3667 E CHIFD   : [ERROR][FD     ] camxchinodefd.cpp:2134 ExecuteProcessRequest() Node[SecurePreview_com.qti.node.fd8_cam4] ReqId[6] EPR-0, bindIOBuffers=0
02-15 13:00:14.831  1743  1924 E ACameraDeviceVendor: onCaptureStarted: request = 0xb400007dc1958a80
02-15 13:00:14.848  1811  3666 E CHIFD   : [ERROR][FD     ] camxchinodefd.cpp:2119 ExecuteProcessRequest() Node[SecurePreview_com.qti.node.fd8_cam4] ReqId[2] EPR-1, bindIOBuffers=0
02-15 13:00:14.848  1811  3666 E CHIFD   : [ERROR][FD     ] camxchinodefd.cpp:2301 ExecuteProcessRequest() Node[SecurePreview_com.qti.node.fd8_cam4] ReqId[2] ChiFD node publishing FD results
02-15 13:00:14.848  1811  3666 E CHIFD   : [ERROR][FD     ] camxchinodefd.cpp:2388 ExecuteProcessRequest() Processing SW Detection ReqId[2] reqhandle 0 FD type: DLFD
02-15 13:00:14.848  1811  3666 E CHIFD   : [ERROR][FD     ] camxchinodefd.cpp:7995 OnProcessRequest() Node[SecurePreview_com.qti.node.fd8_cam4] ReqId[2] Request Scheduled (Pending frames 0)
02-15 13:00:14.848  1811  8010 E CHIFD   : [ERROR][FD     ] camxchinodefd.cpp:5265 ExecuteFDResultsProcessing() DL-FD Execution reqid 2
02-15 13:00:14.848  1811  8010 E CamX    : [ERROR][FD     ] camxfdengine.cpp:842 FDEngineGetFDRunFlag() FrameId=2: -CN_07626430 FDRunFlag=1, reqdFrameCyclePeriod=1
02-15 13:00:14.850  2173  2386 E Camera3-OutputStream: [VSync] getBufferLockedCommon: Stream 0: wait for dequeued buffer exceeds 30000us (31680)us
02-15 13:00:14.851  1743  7902 E SmcInvoke_MinkDescriptor: Invalid handle 37
02-15 13:00:14.853  1811  8010 E CamX    : [ERROR][FD     ] camxfdengine.cpp:763 FDEngineProcessResult() valid input parameter!-CN_07626430 hFDEHandle 0xb4000071a5a8c7a0K, pPerFrameInfo 0x705b4b0ff0K, pMainResult 0x705b4858d8K, pOutputResult 0x705b47923cK, pHeadBodyResult 0x705b46c020K, pOutputResultStabilized 0x705b46cba0K, pOutputHeadBodyResult 0x705b46bcd4K, pOutputHeadBodyResultStabilized 0x705b46b988K, pPetResult 0x705b46a9a8K,pOutputPetResult 0x705b46a090K, pOutputPetResultStabilized 0x705b46a51cK
02-15 13:00:14.853  1811  8010 E CHIFD   : [ERROR][FD     ] camxchinodefd.cpp:9009 FDDLExecution() Node[SecurePreview_com.qti.node.fd8_cam4] ReqId[2] Faces 0
02-15 13:00:14.853  1811  8009 E CHIFD   : [ERROR][FD     ] camxchinodefd.cpp:10518 ProcessRequestDone() Node[SecurePreview_com.qti.node.fd8_cam4] ReqId[2] ProcessRequestDone
02-15 13:00:14.859  1811  3673 E DATC-IF : [ERROR][ChiNode] camxchinodesecofectrl.cpp:896 OverrideOFECGData() SecurePreview_OFE0 req 2 get metadata fail NULL pointer 0x0
02-15 13:00:14.864  1743 21107 E ACameraDeviceVendor: onCaptureStarted: request = 0xb400007dc1958a80
02-15 13:00:14.877  1811  3672 E CHIFD   : [ERROR][FD     ] camxchinodefd.cpp:2134 ExecuteProcessRequest() Node[SecurePreview_com.qti.node.fd8_cam4] ReqId[7] EPR-0, bindIOBuffers=0
02-15 13:00:14.881  1811  3673 E CHIFD   : [ERROR][FD     ] camxchinodefd.cpp:2119 ExecuteProcessRequest() Node[SecurePreview_com.qti.node.fd8_cam4] ReqId[3] EPR-1, bindIOBuffers=0
02-15 13:00:14.881  1811  3673 E CHIFD   : [ERROR][FD     ] camxchinodefd.cpp:2301 ExecuteProcessRequest() Node[SecurePreview_com.qti.node.fd8_cam4] ReqId[3] ChiFD node publishing FD results
02-15 13:00:14.881  1811  3673 E CHIFD   : [ERROR][FD     ] camxchinodefd.cpp:2388 ExecuteProcessRequest() Processing SW Detection ReqId[3] reqhandle 0 FD type: DLFD
02-15 13:00:14.881  1811  3673 E CHIFD   : [ERROR][FD     ] camxchinodefd.cpp:7995 OnProcessRequest() Node[SecurePreview_com.qti.node.fd8_cam4] ReqId[3] Request Scheduled (Pending frames 0)
02-15 13:00:14.881  1811  8009 E CHIFD   : [ERROR][FD     ] camxchinodefd.cpp:5265 ExecuteFDResultsProcessing() DL-FD Execution reqid 3
02-15 13:00:14.881  1811  8009 E CamX    : [ERROR][FD     ] camxfdengine.cpp:842 FDEngineGetFDRunFlag() FrameId=3: -CN_07626430 FDRunFlag=1, reqdFrameCyclePeriod=1
02-15 13:00:14.886  1811  8009 E CamX    : [ERROR][FD     ] camxfdengine.cpp:763 FDEngineProcessResult() valid input parameter!-CN_07626430 hFDEHandle 0xb4000071a5a8c7a0K, pPerFrameInfo 0x705b5b4ff0K, pMainResult 0x705b5898d8K, pOutputResult 0x705b57d23cK, pHeadBodyResult 0x705b570020K, pOutputResultStabilized 0x705b570ba0K, pOutputHeadBodyResult 0x705b56fcd4K, pOutputHeadBodyResultStabilized 0x705b56f988K, pPetResult 0x705b56e9a8K,pOutputPetResult 0x705b56e090K, pOutputPetResultStabilized 0x705b56e51cK
02-15 13:00:14.886  1811  8009 E CHIFD   : [ERROR][FD     ] camxchinodefd.cpp:9009 FDDLExecution() Node[SecurePreview_com.qti.node.fd8_cam4] ReqId[3] Faces 0
02-15 13:00:14.886  1811  8009 E CHIFD   : [ERROR][FD     ] camxchinodefd.cpp:10518 ProcessRequestDone() Node[SecurePreview_com.qti.node.fd8_cam4] ReqId[3] ProcessRequestDone
02-15 13:00:14.890  1811  3665 E DATC-IF : [ERROR][ChiNode] camxchinodesecofectrl.cpp:896 OverrideOFECGData() SecurePreview_OFE0 req 3 get metadata fail NULL pointer 0x0
02-15 13:00:14.898  1743 21107 E ACameraDeviceVendor: onCaptureStarted: request = 0xb400007dc1958a80
02-15 13:00:14.906  1743  7901 E SmcInvoke_MinkDescriptor: mem obj with id :37 not found in list
02-15 13:00:14.907  1811  3673 E CHIFD   : [ERROR][FD     ] camxchinodefd.cpp:2134 ExecuteProcessRequest() Node[SecurePreview_com.qti.node.fd8_cam4] ReqId[8] EPR-0, bindIOBuffers=0
02-15 13:00:14.914  1855  1896 E HeatmapThread: ECT Thread time in milliseconds: 1771174814
02-15 13:00:14.914  1811  3670 E CHIFD   : [ERROR][FD     ] camxchinodefd.cpp:2119 ExecuteProcessRequest() Node[SecurePreview_com.qti.node.fd8_cam4] ReqId[4] EPR-1, bindIOBuffers=0
02-15 13:00:14.914  1811  3670 E CHIFD   : [ERROR][FD     ] camxchinodefd.cpp:2301 ExecuteProcessRequest() Node[SecurePreview_com.qti.node.fd8_cam4] ReqId[4] ChiFD node publishing FD results
02-15 13:00:14.914  1811  3670 E CHIFD   : [ERROR][FD     ] camxchinodefd.cpp:2388 ExecuteProcessRequest() Processing SW Detection ReqId[4] reqhandle 0 FD type: DLFD
02-15 13:00:14.914  1811  3670 E CHIFD   : [ERROR][FD     ] camxchinodefd.cpp:7995 OnProcessRequest() Node[SecurePreview_com.qti.node.fd8_cam4] ReqId[4] Request Scheduled (Pending frames 0)
02-15 13:00:14.914  1811  8010 E CHIFD   : [ERROR][FD     ] camxchinodefd.cpp:5265 ExecuteFDResultsProcessing() DL-FD Execution reqid 4
02-15 13:00:14.914  1811  8010 E CamX    : [ERROR][FD     ] camxfdengine.cpp:842 FDEngineGetFDRunFlag() FrameId=4: -CN_07626430 FDRunFlag=1, reqdFrameCyclePeriod=1
02-15 13:00:14.915  1855  1896 E HeatmapThread: !@ CAM New BSOH: 100
02-15 13:00:14.920  1811  8010 E CamX    : [ERROR][FD     ] camxfdengine.cpp:763 FDEngineProcessResult() valid input parameter!-CN_07626430 hFDEHandle 0xb4000071a5a8c7a0K, pPerFrameInfo 0x705b4b0ff0K, pMainResult 0x705b4858d8K, pOutputResult 0x705b47923cK, pHeadBodyResult 0x705b46c020K, pOutputResultStabilized 0x705b46cba0K, pOutputHeadBodyResult 0x705b46bcd4K, pOutputHeadBodyResultStabilized 0x705b46b988K, pPetResult 0x705b46a9a8K,pOutputPetResult 0x705b46a090K, pOutputPetResultStabilized 0x705b46a51cK
02-15 13:00:14.920  1811  8010 E CHIFD   : [ERROR][FD     ] camxchinodefd.cpp:9009 FDDLExecution() Node[SecurePreview_com.qti.node.fd8_cam4] ReqId[4] Faces 1
02-15 13:00:14.920  1811  8010 E CHIFD   : [ERROR][FD     ] camxchinodefd.cpp:9882 PrintFDResults() Node[SecurePreview_com.qti.node.fd8_cam4] ReqId[4] [StabilizedResults-Sorted)] : Dimensions[640x480], numFaces=1
02-15 13:00:14.920  1811  8010 E CHIFD   : [ERROR][FD     ] camxchinodefd.cpp:8743 PostProcessFDEngineResults() Face ID 1 detected: face 1, mask  0 landmark 1head 0 torso 0
02-15 13:00:14.920  1811  8010 E CamX    : [ERROR][FD     ] camxfdengine.cpp:949 FDEngineDLFacialContourDetect() valid lib handles,CN_07626430 hDLFAHandle 0xb4000072962c2f00K, PT request 1, PT created 1
02-15 13:00:14.920  1811  3672 E DATC-IF : [ERROR][ChiNode] camxchinodesecofectrl.cpp:896 OverrideOFECGData() SecurePreview_OFE0 req 4 get metadata fail NULL pointer 0x0
02-15 13:00:14.922  1811  8010 E CHIFD   : [ERROR][FD     ] camxchinodefd.cpp:10518 ProcessRequestDone() Node[SecurePreview_com.qti.node.fd8_cam4] ReqId[4] ProcessRequestDone
02-15 13:00:14.926  1743  7901 E SmcInvoke_MinkDescriptor: mem obj with id :37 not found in list
02-15 13:00:14.931  1743 21107 E ACameraDeviceVendor: onCaptureStarted: request = 0xb400007dc1958a80
02-15 13:00:14.938  1811  3667 E CHIFD   : [ERROR][FD     ] camxchinodefd.cpp:2134 ExecuteProcessRequest() Node[SecurePreview_com.qti.node.fd8_cam4] ReqId[9] EPR-0, bindIOBuffers=0
02-15 13:00:14.946  2832  2832 E PocketModeEvent: Acc, AT is unregister by condition 1, 107
02-15 13:00:14.946  2832  3561 E PocketModeEvent: MSG_TYPE_STOP_SENSING
02-15 13:00:14.946  2832  3561 E PocketModeEvent: unregisterSensor L : -1 P : 0
02-15 13:00:14.946  2832  2832 E PocketMotionManager: unregister activity tracker
02-15 13:00:14.947  1701  1804 E minksocket: MinkIPC ERROR: ( 1701:1804 ) MinkIPC_preProcess:272 Client down, but cannot find corresponding minksession
02-15 13:00:14.947  1701  1794 E minksocket: MinkIPC ERROR: ( 1701:1794 ) MinkIPC_preProcess:272 Client down, but cannot find corresponding minksession
02-15 13:00:14.947  1811  3670 E CHIFD   : [ERROR][FD     ] camxchinodefd.cpp:2119 ExecuteProcessRequest() Node[SecurePreview_com.qti.node.fd8_cam4] ReqId[5] EPR-1, bindIOBuffers=0
02-15 13:00:14.947  1811  3670 E CHIFD   : [ERROR][FD     ] camxchinodefd.cpp:2301 ExecuteProcessRequest() Node[SecurePreview_com.qti.node.fd8_cam4] ReqId[5] ChiFD node publishing FD results
02-15 13:00:14.947  1811  3670 E CHIFD   : [ERROR][FD     ] camxchinodefd.cpp:2388 ExecuteProcessRequest() Processing SW Detection ReqId[5] reqhandle 0 FD type: DLFD
02-15 13:00:14.949  1811  8009 E CHIFD   : [ERROR][FD     ] camxchinodefd.cpp:5265 ExecuteFDResultsProcessing() DL-FD Execution reqid 5
02-15 13:00:14.949  1811  8009 E CamX    : [ERROR][FD     ] camxfdengine.cpp:842 FDEngineGetFDRunFlag() FrameId=5: -CN_07626430 FDRunFlag=1, reqdFrameCyclePeriod=1
02-15 13:00:14.949  1811  3670 E CHIFD   : [ERROR][FD     ] camxchinodefd.cpp:7995 OnProcessRequest() Node[SecurePreview_com.qti.node.fd8_cam4] ReqId[5] Request Scheduled (Pending frames 0)
02-15 13:00:14.953  1811  8009 E CamX    : [ERROR][FD     ] camxfdengine.cpp:763 FDEngineProcessResult() valid input parameter!-CN_07626430 hFDEHandle 0xb4000071a5a8c7a0K, pPerFrameInfo 0x705b5b4ff0K, pMainResult 0x705b5898d8K, pOutputResult 0x705b57d23cK, pHeadBodyResult 0x705b570020K, pOutputResultStabilized 0x705b570ba0K, pOutputHeadBodyResult 0x705b56fcd4K, pOutputHeadBodyResultStabilized 0x705b56f988K, pPetResult 0x705b56e9a8K,pOutputPetResult 0x705b56e090K, pOutputPetResultStabilized 0x705b56e51cK
02-15 13:00:14.953  1811  8009 E CHIFD   : [ERROR][FD     ] camxchinodefd.cpp:9009 FDDLExecution() Node[SecurePreview_com.qti.node.fd8_cam4] ReqId[5] Faces 1
02-15 13:00:14.953  1811  8009 E CHIFD   : [ERROR][FD     ] camxchinodefd.cpp:9882 PrintFDResults() Node[SecurePreview_com.qti.node.fd8_cam4] ReqId[5] [StabilizedResults-Sorted)] : Dimensions[640x480], numFaces=1
02-15 13:00:14.953  1811  8009 E CHIFD   : [ERROR][FD     ] camxchinodefd.cpp:8743 PostProcessFDEngineResults() Face ID 1 detected: face 1, mask  0 landmark 1head 0 torso 0
02-15 13:00:14.953  1811  8010 E CamX    : [ERROR][FD     ] camxfdengine.cpp:949 FDEngineDLFacialContourDetect() valid lib handles,CN_07626430 hDLFAHandle 0xb4000072962c2f00K, PT request 1, PT created 1
02-15 13:00:14.956  1811  8010 E CHIFD   : [ERROR][FD     ] camxchinodefd.cpp:10518 ProcessRequestDone() Node[SecurePreview_com.qti.node.fd8_cam4] ReqId[5] ProcessRequestDone
02-15 13:00:14.956  1743  7901 E SmcInvoke_MinkDescriptor: mem obj with id :37 not found in list
02-15 13:00:14.960  1811  3672 E DATC-IF : [ERROR][ChiNode] camxchinodesecofectrl.cpp:896 OverrideOFECGData() SecurePreview_OFE0 req 5 get metadata fail NULL pointer 0x0
02-15 13:00:14.964  1743 21107 E ACameraDeviceVendor: onCaptureStarted: request = 0xb400007dc1958a80
02-15 13:00:14.977  1811  3672 E CHIFD   : [ERROR][FD     ] camxchinodefd.cpp:2134 ExecuteProcessRequest() Node[SecurePreview_com.qti.node.fd8_cam4] ReqId[10] EPR-0, bindIOBuffers=0
02-15 13:00:14.981  1811  3666 E CHIFD   : [ERROR][FD     ] camxchinodefd.cpp:2119 ExecuteProcessRequest() Node[SecurePreview_com.qti.node.fd8_cam4] ReqId[6] EPR-1, bindIOBuffers=0
02-15 13:00:14.981  1811  3666 E CHIFD   : [ERROR][FD     ] camxchinodefd.cpp:2301 ExecuteProcessRequest() Node[SecurePreview_com.qti.node.fd8_cam4] ReqId[6] ChiFD node publishing FD results
02-15 13:00:14.981  1811  3666 E CHIFD   : [ERROR][FD     ] camxchinodefd.cpp:2388 ExecuteProcessRequest() Processing SW Detection ReqId[6] reqhandle 0 FD type: DLFD
02-15 13:00:14.981  1811  3666 E CHIFD   : [ERROR][FD     ] camxchinodefd.cpp:7995 OnProcessRequest() Node[SecurePreview_com.qti.node.fd8_cam4] ReqId[6] Request Scheduled (Pending frames 0)
02-15 13:00:14.981  1811  8009 E CHIFD   : [ERROR][FD     ] camxchinodefd.cpp:5265 ExecuteFDResultsProcessing() DL-FD Execution reqid 6
02-15 13:00:14.981  1811  8009 E CamX    : [ERROR][FD     ] camxfdengine.cpp:842 FDEngineGetFDRunFlag() FrameId=6: -CN_07626430 FDRunFlag=1, reqdFrameCyclePeriod=1
02-15 13:00:14.985  1811  8009 E CamX    : [ERROR][FD     ] camxfdengine.cpp:763 FDEngineProcessResult() valid input parameter!-CN_07626430 hFDEHandle 0xb4000071a5a8c7a0K, pPerFrameInfo 0x705b5b4ff0K, pMainResult 0x705b5898d8K, pOutputResult 0x705b57d23cK, pHeadBodyResult 0x705b570020K, pOutputResultStabilized 0x705b570ba0K, pOutputHeadBodyResult 0x705b56fcd4K, pOutputHeadBodyResultStabilized 0x705b56f988K, pPetResult 0x705b56e9a8K,pOutputPetResult 0x705b56e090K, pOutputPetResultStabilized 0x705b56e51cK
02-15 13:00:14.985  1811  8009 E CHIFD   : [ERROR][FD     ] camxchinodefd.cpp:9009 FDDLExecution() Node[SecurePreview_com.qti.node.fd8_cam4] ReqId[6] Faces 1
02-15 13:00:14.985  1811  8009 E CHIFD   : [ERROR][FD     ] camxchinodefd.cpp:9882 PrintFDResults() Node[SecurePreview_com.qti.node.fd8_cam4] ReqId[6] [StabilizedResults-Sorted)] : Dimensions[640x480], numFaces=1
02-15 13:00:14.985  1811  8009 E CHIFD   : [ERROR][FD     ] camxchinodefd.cpp:8743 PostProcessFDEngineResults() Face ID 1 detected: face 1, mask  0 landmark 1head 0 torso 0
02-15 13:00:14.985  1811  8010 E CamX    : [ERROR][FD     ] camxfdengine.cpp:949 FDEngineDLFacialContourDetect() valid lib handles,CN_07626430 hDLFAHandle 0xb4000072962c2f00K, PT request 1, PT created 1
02-15 13:00:14.988  1811  8010 E CHIFD   : [ERROR][FD     ] camxchinodefd.cpp:10518 ProcessRequestDone() Node[SecurePreview_com.qti.node.fd8_cam4] ReqId[6] ProcessRequestDone
02-15 13:00:14.990  1811  3670 E DATC-IF : [ERROR][ChiNode] camxchinodesecofectrl.cpp:896 OverrideOFECGData() SecurePreview_OFE0 req 6 get metadata fail NULL pointer 0x0
02-15 13:00:14.997  1743  7901 E SmcInvoke_MinkDescriptor: Invalid handle 37
02-15 13:00:14.998  1743 21107 E ACameraDeviceVendor: onCaptureStarted: request = 0xb400007dc1958a80
02-15 13:00:15.007  1776  1907 E PERFHAL-UTIL: PERFHAL-UTIL: save_node_val() 251: Failed to read /sys/devices/system/cpu/cpu0/cpufreq/walt/target_load_shift
02-15 13:00:15.007  1776  1907 E PERFHAL-OPTSHANDLER: PERFHAL-OPTSHANDLER: modify_sysfsnode() 1154: Failed to read /sys/devices/system/cpu/cpu0/cpufreq/walt/target_load_shift
02-15 13:00:15.007  1776  1907 E PERFHAL-RESOURCEQS: PERFHAL-RESOURCEQS: AddAndApply() 159: Failed to apply optimization [5, 21]
02-15 13:00:15.007  1776  1907 E PERFHAL-UTIL: PERFHAL-UTIL: save_node_val() 251: Failed to read /sys/devices/system/cpu/cpu0/cpufreq/walt/target_load_thresh
02-15 13:00:15.007  1776  1907 E PERFHAL-OPTSHANDLER: PERFHAL-OPTSHANDLER: modify_sysfsnode() 1154: Failed to read /sys/devices/system/cpu/cpu0/cpufreq/walt/target_load_thresh
02-15 13:00:15.007  1776  1907 E PERFHAL-RESOURCEQS: PERFHAL-RESOURCEQS: AddAndApply() 159: Failed to apply optimization [5, 20]
02-15 13:00:15.008  1811  3669 E CHIFD   : [ERROR][FD     ] camxchinodefd.cpp:2134 ExecuteProcessRequest() Node[SecurePreview_com.qti.node.fd8_cam4] ReqId[11] EPR-0, bindIOBuffers=0
02-15 13:00:15.014  1811  3665 E CHIFD   : [ERROR][FD     ] camxchinodefd.cpp:2119 ExecuteProcessRequest() Node[SecurePreview_com.qti.node.fd8_cam4] ReqId[7] EPR-1, bindIOBuffers=0
02-15 13:00:15.014  1811  3665 E CHIFD   : [ERROR][FD     ] camxchinodefd.cpp:2301 ExecuteProcessRequest() Node[SecurePreview_com.qti.node.fd8_cam4] ReqId[7] ChiFD node publishing FD results
02-15 13:00:15.014  1811  3665 E CHIFD   : [ERROR][FD     ] camxchinodefd.cpp:2388 ExecuteProcessRequest() Processing SW Detection ReqId[7] reqhandle 0 FD type: DLFD
02-15 13:00:15.014  1811  3665 E CHIFD   : [ERROR][FD     ] camxchinodefd.cpp:7995 OnProcessRequest() Node[SecurePreview_com.qti.node.fd8_cam4] ReqId[7] Request Scheduled (Pending frames 0)
02-15 13:00:15.014  1811  8009 E CHIFD   : [ERROR][FD     ] camxchinodefd.cpp:5265 ExecuteFDResultsProcessing() DL-FD Execution reqid 7
02-15 13:00:15.014  1811  8009 E CamX    : [ERROR][FD     ] camxfdengine.cpp:842 FDEngineGetFDRunFlag() FrameId=7: -CN_07626430 FDRunFlag=1, reqdFrameCyclePeriod=1
02-15 13:00:15.018  1811  8009 E CamX    : [ERROR][FD     ] camxfdengine.cpp:763 FDEngineProcessResult() valid input parameter!-CN_07626430 hFDEHandle 0xb4000071a5a8c7a0K, pPerFrameInfo 0x705b5b4ff0K, pMainResult 0x705b5898d8K, pOutputResult 0x705b57d23cK, pHeadBodyResult 0x705b570020K, pOutputResultStabilized 0x705b570ba0K, pOutputHeadBodyResult 0x705b56fcd4K, pOutputHeadBodyResultStabilized 0x705b56f988K, pPetResult 0x705b56e9a8K,pOutputPetResult 0x705b56e090K, pOutputPetResultStabilized 0x705b56e51cK
02-15 13:00:15.018  1811  8009 E CHIFD   : [ERROR][FD     ] camxchinodefd.cpp:9009 FDDLExecution() Node[SecurePreview_com.qti.node.fd8_cam4] ReqId[7] Faces 1
02-15 13:00:15.018  1811  8009 E CHIFD   : [ERROR][FD     ] camxchinodefd.cpp:9882 PrintFDResults() Node[SecurePreview_com.qti.node.fd8_cam4] ReqId[7] [StabilizedResults-Sorted)] : Dimensions[640x480], numFaces=1
02-15 13:00:15.018  1811  8009 E CHIFD   : [ERROR][FD     ] camxchinodefd.cpp:8743 PostProcessFDEngineResults() Face ID 1 detected: face 1, mask  0 landmark 1head 0 torso 0
02-15 13:00:15.018  1811  8009 E CamX    : [ERROR][FD     ] camxfdengine.cpp:949 FDEngineDLFacialContourDetect() valid lib handles,CN_07626430 hDLFAHandle 0xb4000072962c2f00K, PT request 1, PT created 1
02-15 13:00:15.021  1811  8009 E CHIFD   : [ERROR][FD     ] camxchinodefd.cpp:10518 ProcessRequestDone() Node[SecurePreview_com.qti.node.fd8_cam4] ReqId[7] ProcessRequestDone
02-15 13:00:15.021  1811  3666 E DATC-IF : [ERROR][ChiNode] camxchinodesecofectrl.cpp:896 OverrideOFECGData() SecurePreview_OFE0 req 7 get metadata fail NULL pointer 0x0
02-15 13:00:15.026  1743  7901 E SmcInvoke_MinkDescriptor: mem obj with id :37 not found in list
02-15 13:00:15.031  1743 21107 E ACameraDeviceVendor: onCaptureStarted: request = 0xb400007dc1958a80
02-15 13:00:15.038  1811  3669 E CHIFD   : [ERROR][FD     ] camxchinodefd.cpp:2134 ExecuteProcessRequest() Node[SecurePreview_com.qti.node.fd8_cam4] ReqId[12] EPR-0, bindIOBuffers=0
02-15 13:00:15.047  1811  3670 E CHIFD   : [ERROR][FD     ] camxchinodefd.cpp:2119 ExecuteProcessRequest() Node[SecurePreview_com.qti.node.fd8_cam4] ReqId[8] EPR-1, bindIOBuffers=0
02-15 13:00:15.047  1811  3670 E CHIFD   : [ERROR][FD     ] camxchinodefd.cpp:2301 ExecuteProcessRequest() Node[SecurePreview_com.qti.node.fd8_cam4] ReqId[8] ChiFD node publishing FD results
02-15 13:00:15.048  1811  3670 E CHIFD   : [ERROR][FD     ] camxchinodefd.cpp:2388 ExecuteProcessRequest() Processing SW Detection ReqId[8] reqhandle 0 FD type: DLFD
02-15 13:00:15.048  1811  3670 E CHIFD   : [ERROR][FD     ] camxchinodefd.cpp:7995 OnProcessRequest() Node[SecurePreview_com.qti.node.fd8_cam4] ReqId[8] Request Scheduled (Pending frames 0)
02-15 13:00:15.048  1811  8010 E CHIFD   : [ERROR][FD     ] camxchinodefd.cpp:5265 ExecuteFDResultsProcessing() DL-FD Execution reqid 8
02-15 13:00:15.048  1811  8010 E CamX    : [ERROR][FD     ] camxfdengine.cpp:842 FDEngineGetFDRunFlag() FrameId=8: -CN_07626430 FDRunFlag=1, reqdFrameCyclePeriod=1
02-15 13:00:15.052  1811  8010 E CamX    : [ERROR][FD     ] camxfdengine.cpp:763 FDEngineProcessResult() valid input parameter!-CN_07626430 hFDEHandle 0xb4000071a5a8c7a0K, pPerFrameInfo 0x705b4b0ff0K, pMainResult 0x705b4858d8K, pOutputResult 0x705b47923cK, pHeadBodyResult 0x705b46c020K, pOutputResultStabilized 0x705b46cba0K, pOutputHeadBodyResult 0x705b46bcd4K, pOutputHeadBodyResultStabilized 0x705b46b988K, pPetResult 0x705b46a9a8K,pOutputPetResult 0x705b46a090K, pOutputPetResultStabilized 0x705b46a51cK
02-15 13:00:15.052  1811  8010 E CHIFD   : [ERROR][FD     ] camxchinodefd.cpp:9009 FDDLExecution() Node[SecurePreview_com.qti.node.fd8_cam4] ReqId[8] Faces 1
02-15 13:00:15.052  1811  8010 E CHIFD   : [ERROR][FD     ] camxchinodefd.cpp:9882 PrintFDResults() Node[SecurePreview_com.qti.node.fd8_cam4] ReqId[8] [StabilizedResults-Sorted)] : Dimensions[640x480], numFaces=1
02-15 13:00:15.052  1811  8010 E CHIFD   : [ERROR][FD     ] camxchinodefd.cpp:8743 PostProcessFDEngineResults() Face ID 1 detected: face 1, mask  0 landmark 1head 0 torso 0
02-15 13:00:15.052  1811  8010 E CamX    : [ERROR][FD     ] camxfdengine.cpp:949 FDEngineDLFacialContourDetect() valid lib handles,CN_07626430 hDLFAHandle 0xb4000072962c2f00K, PT request 1, PT created 1
02-15 13:00:15.054  1811  8010 E CHIFD   : [ERROR][FD     ] camxchinodefd.cpp:10518 ProcessRequestDone() Node[SecurePreview_com.qti.node.fd8_cam4] ReqId[8] ProcessRequestDone
02-15 13:00:15.055  2832  5668 E SemWifiApSmartBleScanner: mGuidScanFilterBluetoothLeScanFilter [mDeviceName=null, mDeviceAddress=null, mUuid=null, mUuidMask=null, mServiceSolicitationUuid=null, mServiceSolicitationUuidMask=null, mServiceDataUuid=null, mServiceData=null, mServiceDataMask=null, mManufacturerId=117, mManufacturerData=[1, 18, -76, -9, 0, 67, 0, 0, 0, 0, 4, 0, 0, 0, 0, 0, 0, 0, 0, 0, 0, 0, 0, 0], mManufacturerDataMask=[0, -1, -1, -1, -1, -1, 0, 0, 0, 0, 0, 0, 0, 0, 0, 0, 0, 0, 0, 0, 0, 0, 0, 0], mAdvertisingDataType=-1, mAdvertisingData=null, mAdvertisingDataMask=null, mTransportBlockFilter=null]
02-15 13:00:15.056  4925 13808 E BluetoothUtils: Permission denial: Location is off.
02-15 13:00:15.057  1743  7901 E SmcInvoke_MinkDescriptor: mem obj with id :37 not found in list
02-15 13:00:15.062  1811  3665 E DATC-IF : [ERROR][ChiNode] camxchinodesecofectrl.cpp:896 OverrideOFECGData() SecurePreview_OFE0 req 8 get metadata fail NULL pointer 0x0
02-15 13:00:15.064  1743 21107 E ACameraDeviceVendor: onCaptureStarted: request = 0xb400007dc1958a80
02-15 13:00:15.066  4925  6188 E ScanManager: [GSIM LOG]: gsimLogHandler, msg: MESSAGE_SCAN_START, appName: android, scannerId: 2, reportDelayMillis=0
02-15 13:00:15.079  1811  3670 E CHIFD   : [ERROR][FD     ] camxchinodefd.cpp:2134 ExecuteProcessRequest() Node[SecurePreview_com.qti.node.fd8_cam4] ReqId[13] EPR-0, bindIOBuffers=0
02-15 13:00:15.081  1811  3673 E CHIFD   : [ERROR][FD     ] camxchinodefd.cpp:2119 ExecuteProcessRequest() Node[SecurePreview_com.qti.node.fd8_cam4] ReqId[9] EPR-1, bindIOBuffers=0
02-15 13:00:15.081  1811  3673 E CHIFD   : [ERROR][FD     ] camxchinodefd.cpp:2301 ExecuteProcessRequest() Node[SecurePreview_com.qti.node.fd8_cam4] ReqId[9] ChiFD node publishing FD results
02-15 13:00:15.081  1811  3673 E CHIFD   : [ERROR][FD     ] camxchinodefd.cpp:2388 ExecuteProcessRequest() Processing SW Detection ReqId[9] reqhandle 0 FD type: DLFD
02-15 13:00:15.081  1811  3673 E CHIFD   : [ERROR][FD     ] camxchinodefd.cpp:7995 OnProcessRequest() Node[SecurePreview_com.qti.node.fd8_cam4] ReqId[9] Request Scheduled (Pending frames 0)
02-15 13:00:15.081  1811  8009 E CHIFD   : [ERROR][FD     ] camxchinodefd.cpp:5265 ExecuteFDResultsProcessing() DL-FD Execution reqid 9
02-15 13:00:15.081  1811  8009 E CamX    : [ERROR][FD     ] camxfdengine.cpp:842 FDEngineGetFDRunFlag() FrameId=9: -CN_07626430 FDRunFlag=1, reqdFrameCyclePeriod=1
02-15 13:00:15.084  1811  8009 E CamX    : [ERROR][FD     ] camxfdengine.cpp:763 FDEngineProcessResult() valid input parameter!-CN_07626430 hFDEHandle 0xb4000071a5a8c7a0K, pPerFrameInfo 0x705b5b4ff0K, pMainResult 0x705b5898d8K, pOutputResult 0x705b57d23cK, pHeadBodyResult 0x705b570020K, pOutputResultStabilized 0x705b570ba0K, pOutputHeadBodyResult 0x705b56fcd4K, pOutputHeadBodyResultStabilized 0x705b56f988K, pPetResult 0x705b56e9a8K,pOutputPetResult 0x705b56e090K, pOutputPetResultStabilized 0x705b56e51cK
02-15 13:00:15.085  1811  8009 E CHIFD   : [ERROR][FD     ] camxchinodefd.cpp:9009 FDDLExecution() Node[SecurePreview_com.qti.node.fd8_cam4] ReqId[9] Faces 1
02-15 13:00:15.085  1811  8009 E CHIFD   : [ERROR][FD     ] camxchinodefd.cpp:9882 PrintFDResults() Node[SecurePreview_com.qti.node.fd8_cam4] ReqId[9] [StabilizedResults-Sorted)] : Dimensions[640x480], numFaces=1
02-15 13:00:15.085  1811  8009 E CHIFD   : [ERROR][FD     ] camxchinodefd.cpp:8743 PostProcessFDEngineResults() Face ID 1 detected: face 1, mask  0 landmark 1head 0 torso 0
02-15 13:00:15.085  1811  8009 E CamX    : [ERROR][FD     ] camxfdengine.cpp:949 FDEngineDLFacialContourDetect() valid lib handles,CN_07626430 hDLFAHandle 0xb4000072962c2f00K, PT request 1, PT created 1
02-15 13:00:15.088  1811  8009 E CHIFD   : [ERROR][FD     ] camxchinodefd.cpp:10518 ProcessRequestDone() Node[SecurePreview_com.qti.node.fd8_cam4] ReqId[9] ProcessRequestDone
02-15 13:00:15.091  1811  3666 E DATC-IF : [ERROR][ChiNode] camxchinodesecofectrl.cpp:896 OverrideOFECGData() SecurePreview_OFE0 req 9 get metadata fail NULL pointer 0x0
02-15 13:00:15.098  1743 21107 E ACameraDeviceVendor: onCaptureStarted: request = 0xb400007dc1958a80
02-15 13:00:15.098  1743  7902 E SmcInvoke_MinkDescriptor: mem obj with id :37 not found in list
02-15 13:00:15.107  1811  3668 E CHIFD   : [ERROR][FD     ] camxchinodefd.cpp:2134 ExecuteProcessRequest() Node[SecurePreview_com.qti.node.fd8_cam4] ReqId[14] EPR-0, bindIOBuffers=0
02-15 13:00:15.114  1811  3673 E CHIFD   : [ERROR][FD     ] camxchinodefd.cpp:2119 ExecuteProcessRequest() Node[SecurePreview_com.qti.node.fd8_cam4] ReqId[10] EPR-1, bindIOBuffers=0
02-15 13:00:15.114  1811  3673 E CHIFD   : [ERROR][FD     ] camxchinodefd.cpp:2301 ExecuteProcessRequest() Node[SecurePreview_com.qti.node.fd8_cam4] ReqId[10] ChiFD node publishing FD results
02-15 13:00:15.114  1811  3673 E CHIFD   : [ERROR][FD     ] camxchinodefd.cpp:2388 ExecuteProcessRequest() Processing SW Detection ReqId[10] reqhandle 0 FD type: DLFD
02-15 13:00:15.114  1811  3673 E CHIFD   : [ERROR][FD     ] camxchinodefd.cpp:7995 OnProcessRequest() Node[SecurePreview_com.qti.node.fd8_cam4] ReqId[10] Request Scheduled (Pending frames 0)
02-15 13:00:15.114  1811  8010 E CHIFD   : [ERROR][FD     ] camxchinodefd.cpp:5265 ExecuteFDResultsProcessing() DL-FD Execution reqid 10
02-15 13:00:15.114  1811  8010 E CamX    : [ERROR][FD     ] camxfdengine.cpp:842 FDEngineGetFDRunFlag() FrameId=10: -CN_07626430 FDRunFlag=1, reqdFrameCyclePeriod=1
02-15 13:00:15.118  1811  8010 E CamX    : [ERROR][FD     ] camxfdengine.cpp:763 FDEngineProcessResult() valid input parameter!-CN_07626430 hFDEHandle 0xb4000071a5a8c7a0K, pPerFrameInfo 0x705b4b0ff0K, pMainResult 0x705b4858d8K, pOutputResult 0x705b47923cK, pHeadBodyResult 0x705b46c020K, pOutputResultStabilized 0x705b46cba0K, pOutputHeadBodyResult 0x705b46bcd4K, pOutputHeadBodyResultStabilized 0x705b46b988K, pPetResult 0x705b46a9a8K,pOutputPetResult 0x705b46a090K, pOutputPetResultStabilized 0x705b46a51cK
02-15 13:00:15.118  1811  8010 E CHIFD   : [ERROR][FD     ] camxchinodefd.cpp:9009 FDDLExecution() Node[SecurePreview_com.qti.node.fd8_cam4] ReqId[10] Faces 1
02-15 13:00:15.118  1811  8010 E CHIFD   : [ERROR][FD     ] camxchinodefd.cpp:9882 PrintFDResults() Node[SecurePreview_com.qti.node.fd8_cam4] ReqId[10] [StabilizedResults-Sorted)] : Dimensions[640x480], numFaces=1
02-15 13:00:15.118  1811  8010 E CHIFD   : [ERROR][FD     ] camxchinodefd.cpp:8743 PostProcessFDEngineResults() Face ID 1 detected: face 1, mask  0 landmark 1head 0 torso 0
02-15 13:00:15.118  1811  8009 E CamX    : [ERROR][FD     ] camxfdengine.cpp:949 FDEngineDLFacialContourDetect() valid lib handles,CN_07626430 hDLFAHandle 0xb4000072962c2f00K, PT request 1, PT created 1
02-15 13:00:15.121  1811  3669 E DATC-IF : [ERROR][ChiNode] camxchinodesecofectrl.cpp:896 OverrideOFECGData() SecurePreview_OFE0 req 10 get metadata fail NULL pointer 0x0
02-15 13:00:15.122  1811  8009 E CHIFD   : [ERROR][FD     ] camxchinodefd.cpp:10518 ProcessRequestDone() Node[SecurePreview_com.qti.node.fd8_cam4] ReqId[10] ProcessRequestDone
02-15 13:00:15.125  1743  7904 E SmcInvoke_MinkDescriptor: mem obj with id :37 not found in list
02-15 13:00:15.131  1743 21107 E ACameraDeviceVendor: onCaptureStarted: request = 0xb400007dc1958a80
02-15 13:00:15.139  1811  3672 E CHIFD   : [ERROR][FD     ] camxchinodefd.cpp:2134 ExecuteProcessRequest() Node[SecurePreview_com.qti.node.fd8_cam4] ReqId[15] EPR-0, bindIOBuffers=0
02-15 13:00:15.147  1811  3673 E CHIFD   : [ERROR][FD     ] camxchinodefd.cpp:2119 ExecuteProcessRequest() Node[SecurePreview_com.qti.node.fd8_cam4] ReqId[11] EPR-1, bindIOBuffers=0
02-15 13:00:15.147  1811  3673 E CHIFD   : [ERROR][FD     ] camxchinodefd.cpp:2301 ExecuteProcessRequest() Node[SecurePreview_com.qti.node.fd8_cam4] ReqId[11] ChiFD node publishing FD results
02-15 13:00:15.147  1811  3673 E CHIFD   : [ERROR][FD     ] camxchinodefd.cpp:2388 ExecuteProcessRequest() Processing SW Detection ReqId[11] reqhandle 0 FD type: DLFD
02-15 13:00:15.147  1811  3673 E CHIFD   : [ERROR][FD     ] camxchinodefd.cpp:7995 OnProcessRequest() Node[SecurePreview_com.qti.node.fd8_cam4] ReqId[11] Request Scheduled (Pending frames 0)
02-15 13:00:15.147  1811  8010 E CHIFD   : [ERROR][FD     ] camxchinodefd.cpp:5265 ExecuteFDResultsProcessing() DL-FD Execution reqid 11
02-15 13:00:15.147  1811  8010 E CamX    : [ERROR][FD     ] camxfdengine.cpp:842 FDEngineGetFDRunFlag() FrameId=11: -CN_07626430 FDRunFlag=1, reqdFrameCyclePeriod=1
02-15 13:00:15.151  1811  8010 E CamX    : [ERROR][FD     ] camxfdengine.cpp:763 FDEngineProcessResult() valid input parameter!-CN_07626430 hFDEHandle 0xb4000071a5a8c7a0K, pPerFrameInfo 0x705b4b0ff0K, pMainResult 0x705b4858d8K, pOutputResult 0x705b47923cK, pHeadBodyResult 0x705b46c020K, pOutputResultStabilized 0x705b46cba0K, pOutputHeadBodyResult 0x705b46bcd4K, pOutputHeadBodyResultStabilized 0x705b46b988K, pPetResult 0x705b46a9a8K,pOutputPetResult 0x705b46a090K, pOutputPetResultStabilized 0x705b46a51cK
02-15 13:00:15.151  1811  8010 E CHIFD   : [ERROR][FD     ] camxchinodefd.cpp:9009 FDDLExecution() Node[SecurePreview_com.qti.node.fd8_cam4] ReqId[11] Faces 1
02-15 13:00:15.151  1811  8010 E CHIFD   : [ERROR][FD     ] camxchinodefd.cpp:9882 PrintFDResults() Node[SecurePreview_com.qti.node.fd8_cam4] ReqId[11] [StabilizedResults-Sorted)] : Dimensions[640x480], numFaces=1
02-15 13:00:15.151  1811  8010 E CHIFD   : [ERROR][FD     ] camxchinodefd.cpp:8743 PostProcessFDEngineResults() Face ID 1 detected: face 1, mask  0 landmark 1head 0 torso 0
02-15 13:00:15.151  1811  8010 E CamX    : [ERROR][FD     ] camxfdengine.cpp:949 FDEngineDLFacialContourDetect() valid lib handles,CN_07626430 hDLFAHandle 0xb4000072962c2f00K, PT request 1, PT created 1
02-15 13:00:15.154  1811  8010 E CHIFD   : [ERROR][FD     ] camxchinodefd.cpp:10518 ProcessRequestDone() Node[SecurePreview_com.qti.node.fd8_cam4] ReqId[11] ProcessRequestDone
02-15 13:00:15.157  1743  7900 E SmcInvoke_MinkDescriptor: mem obj with id :37 not found in list
02-15 13:00:15.161  1811  3672 E DATC-IF : [ERROR][ChiNode] camxchinodesecofectrl.cpp:896 OverrideOFECGData() SecurePreview_OFE0 req 11 get metadata fail NULL pointer 0x0
02-15 13:00:15.164  1743 21107 E ACameraDeviceVendor: onCaptureStarted: request = 0xb400007dc1958a80
02-15 13:00:15.181  1811  3673 E CHIFD   : [ERROR][FD     ] camxchinodefd.cpp:2119 ExecuteProcessRequest() Node[SecurePreview_com.qti.node.fd8_cam4] ReqId[12] EPR-1, bindIOBuffers=0
02-15 13:00:15.181  1811  3673 E CHIFD   : [ERROR][FD     ] camxchinodefd.cpp:2301 ExecuteProcessRequest() Node[SecurePreview_com.qti.node.fd8_cam4] ReqId[12] ChiFD node publishing FD results
02-15 13:00:15.182  1811  3673 E CHIFD   : [ERROR][FD     ] camxchinodefd.cpp:2388 ExecuteProcessRequest() Processing SW Detection ReqId[12] reqhandle 0 FD type: DLFD
02-15 13:00:15.182  1811  3673 E CHIFD   : [ERROR][FD     ] camxchinodefd.cpp:7995 OnProcessRequest() Node[SecurePreview_com.qti.node.fd8_cam4] ReqId[12] Request Scheduled (Pending frames 0)
02-15 13:00:15.182  1811  8009 E CHIFD   : [ERROR][FD     ] camxchinodefd.cpp:5265 ExecuteFDResultsProcessing() DL-FD Execution reqid 12
02-15 13:00:15.182  1811  8009 E CamX    : [ERROR][FD     ] camxfdengine.cpp:842 FDEngineGetFDRunFlag() FrameId=12: -CN_07626430 FDRunFlag=1, reqdFrameCyclePeriod=1
02-15 13:00:15.186  1811  8009 E CamX    : [ERROR][FD     ] camxfdengine.cpp:763 FDEngineProcessResult() valid input parameter!-CN_07626430 hFDEHandle 0xb4000071a5a8c7a0K, pPerFrameInfo 0x705b5b4ff0K, pMainResult 0x705b5898d8K, pOutputResult 0x705b57d23cK, pHeadBodyResult 0x705b570020K, pOutputResultStabilized 0x705b570ba0K, pOutputHeadBodyResult 0x705b56fcd4K, pOutputHeadBodyResultStabilized 0x705b56f988K, pPetResult 0x705b56e9a8K,pOutputPetResult 0x705b56e090K, pOutputPetResultStabilized 0x705b56e51cK
02-15 13:00:15.186  1811  8009 E CHIFD   : [ERROR][FD     ] camxchinodefd.cpp:9009 FDDLExecution() Node[SecurePreview_com.qti.node.fd8_cam4] ReqId[12] Faces 1
02-15 13:00:15.186  1811  8009 E CHIFD   : [ERROR][FD     ] camxchinodefd.cpp:9882 PrintFDResults() Node[SecurePreview_com.qti.node.fd8_cam4] ReqId[12] [StabilizedResults-Sorted)] : Dimensions[640x480], numFaces=1
02-15 13:00:15.186  1811  8009 E CHIFD   : [ERROR][FD     ] camxchinodefd.cpp:8743 PostProcessFDEngineResults() Face ID 1 detected: face 1, mask  0 landmark 1head 0 torso 0
02-15 13:00:15.186  1811  8009 E CamX    : [ERROR][FD     ] camxfdengine.cpp:949 FDEngineDLFacialContourDetect() valid lib handles,CN_07626430 hDLFAHandle 0xb4000072962c2f00K, PT request 1, PT created 1
02-15 13:00:15.188  1811  8009 E CHIFD   : [ERROR][FD     ] camxchinodefd.cpp:10518 ProcessRequestDone() Node[SecurePreview_com.qti.node.fd8_cam4] ReqId[12] ProcessRequestDone
02-15 13:00:15.191  1811  3666 E DATC-IF : [ERROR][ChiNode] camxchinodesecofectrl.cpp:896 OverrideOFECGData() SecurePreview_OFE0 req 12 get metadata fail NULL pointer 0x0
02-15 13:00:15.197  1743  7901 E SmcInvoke_MinkDescriptor: mem obj with id :37 not found in list
02-15 13:00:15.198  1743 21107 E ACameraDeviceVendor: onCaptureStarted: request = 0xb400007dc1958a80
02-15 13:00:15.214  1811  3670 E CHIFD   : [ERROR][FD     ] camxchinodefd.cpp:2119 ExecuteProcessRequest() Node[SecurePreview_com.qti.node.fd8_cam4] ReqId[13] EPR-1, bindIOBuffers=0
02-15 13:00:15.214  1811  3670 E CHIFD   : [ERROR][FD     ] camxchinodefd.cpp:2301 ExecuteProcessRequest() Node[SecurePreview_com.qti.node.fd8_cam4] ReqId[13] ChiFD node publishing FD results
02-15 13:00:15.214  1811  3670 E CHIFD   : [ERROR][FD     ] camxchinodefd.cpp:2388 ExecuteProcessRequest() Processing SW Detection ReqId[13] reqhandle 0 FD type: DLFD
02-15 13:00:15.214  1811  3670 E CHIFD   : [ERROR][FD     ] camxchinodefd.cpp:7995 OnProcessRequest() Node[SecurePreview_com.qti.node.fd8_cam4] ReqId[13] Request Scheduled (Pending frames 0)
02-15 13:00:15.215  1811  8010 E CHIFD   : [ERROR][FD     ] camxchinodefd.cpp:5265 ExecuteFDResultsProcessing() DL-FD Execution reqid 13
02-15 13:00:15.215  1811  8010 E CamX    : [ERROR][FD     ] camxfdengine.cpp:842 FDEngineGetFDRunFlag() FrameId=13: -CN_07626430 FDRunFlag=1, reqdFrameCyclePeriod=1
02-15 13:00:15.218  1811  8010 E CamX    : [ERROR][FD     ] camxfdengine.cpp:763 FDEngineProcessResult() valid input parameter!-CN_07626430 hFDEHandle 0xb4000071a5a8c7a0K, pPerFrameInfo 0x705b4b0ff0K, pMainResult 0x705b4858d8K, pOutputResult 0x705b47923cK, pHeadBodyResult 0x705b46c020K, pOutputResultStabilized 0x705b46cba0K, pOutputHeadBodyResult 0x705b46bcd4K, pOutputHeadBodyResultStabilized 0x705b46b988K, pPetResult 0x705b46a9a8K,pOutputPetResult 0x705b46a090K, pOutputPetResultStabilized 0x705b46a51cK
02-15 13:00:15.219  1811  8010 E CHIFD   : [ERROR][FD     ] camxchinodefd.cpp:9009 FDDLExecution() Node[SecurePreview_com.qti.node.fd8_cam4] ReqId[13] Faces 1
02-15 13:00:15.219  1811  8010 E CHIFD   : [ERROR][FD     ] camxchinodefd.cpp:9882 PrintFDResults() Node[SecurePreview_com.qti.node.fd8_cam4] ReqId[13] [StabilizedResults-Sorted)] : Dimensions[640x480], numFaces=1
02-15 13:00:15.219  1811  8010 E CHIFD   : [ERROR][FD     ] camxchinodefd.cpp:8743 PostProcessFDEngineResults() Face ID 1 detected: face 1, mask  0 landmark 1head 0 torso 0
02-15 13:00:15.219  1811  8010 E CamX    : [ERROR][FD     ] camxfdengine.cpp:949 FDEngineDLFacialContourDetect() valid lib handles,CN_07626430 hDLFAHandle 0xb4000072962c2f00K, PT request 1, PT created 1
02-15 13:00:15.221  1811  8010 E CHIFD   : [ERROR][FD     ] camxchinodefd.cpp:10518 ProcessRequestDone() Node[SecurePreview_com.qti.node.fd8_cam4] ReqId[13] ProcessRequestDone
02-15 13:00:15.222  1811  3666 E DATC-IF : [ERROR][ChiNode] camxchinodesecofectrl.cpp:896 OverrideOFECGData() SecurePreview_OFE0 req 13 get metadata fail NULL pointer 0x0
02-15 13:00:15.231  1743 21107 E ACameraDeviceVendor: onCaptureStarted: request = 0xb400007dc1958a80
02-15 13:00:15.232  1743  7904 E SmcInvoke_MinkDescriptor: mem obj with id :37 not found in list
02-15 13:00:15.247  1811  3669 E CHIFD   : [ERROR][FD     ] camxchinodefd.cpp:2119 ExecuteProcessRequest() Node[SecurePreview_com.qti.node.fd8_cam4] ReqId[14] EPR-1, bindIOBuffers=0
02-15 13:00:15.247  1811  3669 E CHIFD   : [ERROR][FD     ] camxchinodefd.cpp:2301 ExecuteProcessRequest() Node[SecurePreview_com.qti.node.fd8_cam4] ReqId[14] ChiFD node publishing FD results
02-15 13:00:15.247  1811  3669 E CHIFD   : [ERROR][FD     ] camxchinodefd.cpp:2388 ExecuteProcessRequest() Processing SW Detection ReqId[14] reqhandle 0 FD type: DLFD
02-15 13:00:15.247  1811  3669 E CHIFD   : [ERROR][FD     ] camxchinodefd.cpp:7995 OnProcessRequest() Node[SecurePreview_com.qti.node.fd8_cam4] ReqId[14] Request Scheduled (Pending frames 0)
02-15 13:00:15.248  1811  8009 E CHIFD   : [ERROR][FD     ] camxchinodefd.cpp:5265 ExecuteFDResultsProcessing() DL-FD Execution reqid 14
02-15 13:00:15.248  1811  8009 E CamX    : [ERROR][FD     ] camxfdengine.cpp:842 FDEngineGetFDRunFlag() FrameId=14: -CN_07626430 FDRunFlag=1, reqdFrameCyclePeriod=1
02-15 13:00:15.251  1811  8009 E CamX    : [ERROR][FD     ] camxfdengine.cpp:763 FDEngineProcessResult() valid input parameter!-CN_07626430 hFDEHandle 0xb4000071a5a8c7a0K, pPerFrameInfo 0x705b5b4ff0K, pMainResult 0x705b5898d8K, pOutputResult 0x705b57d23cK, pHeadBodyResult 0x705b570020K, pOutputResultStabilized 0x705b570ba0K, pOutputHeadBodyResult 0x705b56fcd4K, pOutputHeadBodyResultStabilized 0x705b56f988K, pPetResult 0x705b56e9a8K,pOutputPetResult 0x705b56e090K, pOutputPetResultStabilized 0x705b56e51cK
02-15 13:00:15.252  1811  8009 E CHIFD   : [ERROR][FD     ] camxchinodefd.cpp:9009 FDDLExecution() Node[SecurePreview_com.qti.node.fd8_cam4] ReqId[14] Faces 1
02-15 13:00:15.252  1811  8009 E CHIFD   : [ERROR][FD     ] camxchinodefd.cpp:9882 PrintFDResults() Node[SecurePreview_com.qti.node.fd8_cam4] ReqId[14] [StabilizedResults-Sorted)] : Dimensions[640x480], numFaces=1
02-15 13:00:15.252  1811  8009 E CHIFD   : [ERROR][FD     ] camxchinodefd.cpp:8743 PostProcessFDEngineResults() Face ID 1 detected: face 1, mask  0 landmark 1head 0 torso 0
02-15 13:00:15.252  1811  8009 E CamX    : [ERROR][FD     ] camxfdengine.cpp:949 FDEngineDLFacialContourDetect() valid lib handles,CN_07626430 hDLFAHandle 0xb4000072962c2f00K, PT request 1, PT created 1
02-15 13:00:15.254  1811  8009 E CHIFD   : [ERROR][FD     ] camxchinodefd.cpp:10518 ProcessRequestDone() Node[SecurePreview_com.qti.node.fd8_cam4] ReqId[14] ProcessRequestDone
02-15 13:00:15.263  1811  3673 E DATC-IF : [ERROR][ChiNode] camxchinodesecofectrl.cpp:896 OverrideOFECGData() SecurePreview_OFE0 req 14 get metadata fail NULL pointer 0x0
02-15 13:00:15.263  1743  7902 E SmcInvoke_MinkDescriptor: Invalid handle 37
02-15 13:00:15.264  1743 21107 E ACameraDeviceVendor: onCaptureStarted: request = 0xb400007dc1958a80
02-15 13:00:15.281  1811  3669 E CHIFD   : [ERROR][FD     ] camxchinodefd.cpp:2119 ExecuteProcessRequest() Node[SecurePreview_com.qti.node.fd8_cam4] ReqId[15] EPR-1, bindIOBuffers=0
02-15 13:00:15.281  1811  3669 E CHIFD   : [ERROR][FD     ] camxchinodefd.cpp:2301 ExecuteProcessRequest() Node[SecurePreview_com.qti.node.fd8_cam4] ReqId[15] ChiFD node publishing FD results
02-15 13:00:15.281  1811  3669 E CHIFD   : [ERROR][FD     ] camxchinodefd.cpp:2388 ExecuteProcessRequest() Processing SW Detection ReqId[15] reqhandle 0 FD type: DLFD
02-15 13:00:15.281  1811  3669 E CHIFD   : [ERROR][FD     ] camxchinodefd.cpp:7995 OnProcessRequest() Node[SecurePreview_com.qti.node.fd8_cam4] ReqId[15] Request Scheduled (Pending frames 0)
02-15 13:00:15.281  1811  8010 E CHIFD   : [ERROR][FD     ] camxchinodefd.cpp:5265 ExecuteFDResultsProcessing() DL-FD Execution reqid 15
02-15 13:00:15.281  1811  8010 E CamX    : [ERROR][FD     ] camxfdengine.cpp:842 FDEngineGetFDRunFlag() FrameId=15: -CN_07626430 FDRunFlag=1, reqdFrameCyclePeriod=1
02-15 13:00:15.284  1811  8010 E CamX    : [ERROR][FD     ] camxfdengine.cpp:763 FDEngineProcessResult() valid input parameter!-CN_07626430 hFDEHandle 0xb4000071a5a8c7a0K, pPerFrameInfo 0x705b4b0ff0K, pMainResult 0x705b4858d8K, pOutputResult 0x705b47923cK, pHeadBodyResult 0x705b46c020K, pOutputResultStabilized 0x705b46cba0K, pOutputHeadBodyResult 0x705b46bcd4K, pOutputHeadBodyResultStabilized 0x705b46b988K, pPetResult 0x705b46a9a8K,pOutputPetResult 0x705b46a090K, pOutputPetResultStabilized 0x705b46a51cK
02-15 13:00:15.284  1811  8010 E CHIFD   : [ERROR][FD     ] camxchinodefd.cpp:9009 FDDLExecution() Node[SecurePreview_com.qti.node.fd8_cam4] ReqId[15] Faces 1
02-15 13:00:15.284  1811  8010 E CHIFD   : [ERROR][FD     ] camxchinodefd.cpp:9882 PrintFDResults() Node[SecurePreview_com.qti.node.fd8_cam4] ReqId[15] [StabilizedResults-Sorted)] : Dimensions[640x480], numFaces=1
02-15 13:00:15.284  1811  8010 E CHIFD   : [ERROR][FD     ] camxchinodefd.cpp:8743 PostProcessFDEngineResults() Face ID 1 detected: face 1, mask  0 landmark 1head 0 torso 0
02-15 13:00:15.284  1811  8010 E CamX    : [ERROR][FD     ] camxfdengine.cpp:949 FDEngineDLFacialContourDetect() valid lib handles,CN_07626430 hDLFAHandle 0xb4000072962c2f00K, PT request 1, PT created 1
02-15 13:00:15.287  1811  8010 E CHIFD   : [ERROR][FD     ] camxchinodefd.cpp:10518 ProcessRequestDone() Node[SecurePreview_com.qti.node.fd8_cam4] ReqId[15] ProcessRequestDone
02-15 13:00:15.294  1811  3669 E DATC-IF : [ERROR][ChiNode] camxchinodesecofectrl.cpp:896 OverrideOFECGData() SecurePreview_OFE0 req 15 get metadata fail NULL pointer 0x0
02-15 13:00:15.298  1743 21107 E ACameraDeviceVendor: onCaptureStarted: request = 0xb400007dc1958a80
02-15 13:00:15.324  1811  3666 E DATC-IF : [ERROR][ChiNode] camxchinodesecofectrl.cpp:896 OverrideOFECGData() SecurePreview_OFE0 req 16 get metadata fail NULL pointer 0x0
02-15 13:00:15.331  1743  1924 E ACameraDeviceVendor: onCaptureStarted: request = 0xb400007dc1958a80
02-15 13:00:15.354  1811  3672 E DATC-IF : [ERROR][ChiNode] camxchinodesecofectrl.cpp:896 OverrideOFECGData() SecurePreview_OFE0 req 17 get metadata fail NULL pointer 0x0
02-15 13:00:15.364  1743  1924 E ACameraDeviceVendor: onCaptureStarted: request = 0xb400007dc1958a80
02-15 13:00:15.394  1811  3670 E DATC-IF : [ERROR][ChiNode] camxchinodesecofectrl.cpp:896 OverrideOFECGData() SecurePreview_OFE0 req 18 get metadata fail NULL pointer 0x0
02-15 13:00:15.398  1743  1924 E ACameraDeviceVendor: onCaptureStarted: request = 0xb400007dc1958a80
02-15 13:00:15.424  1811  3668 E DATC-IF : [ERROR][ChiNode] camxchinodesecofectrl.cpp:896 OverrideOFECGData() SecurePreview_OFE0 req 19 get metadata fail NULL pointer 0x0
02-15 13:00:15.431  1743  1924 E ACameraDeviceVendor: onCaptureStarted: request = 0xb400007dc1958a80
02-15 13:00:15.454  1811  3673 E DATC-IF : [ERROR][ChiNode] camxchinodesecofectrl.cpp:896 OverrideOFECGData() SecurePreview_OFE0 req 20 get metadata fail NULL pointer 0x0
02-15 13:00:15.456  1743  7902 E SmcInvoke_MinkDescriptor: mem obj with id :37 not found in list
02-15 13:00:15.456  2173  2386 E Camera3-OutputStream: [VSync] getBufferLockedCommon: Stream 0: wait for dequeued buffer exceeds 30000us (140105)us
02-15 13:00:15.464  1743  1924 E ACameraDeviceVendor: onCaptureStarted: request = 0xb400007dc1958a80
02-15 13:00:15.472  1743  7902 E SmcInvoke_MinkDescriptor: mem obj with id :46 not found in list
02-15 13:00:15.474  1743  7904 E SmcInvoke_MinkDescriptor: mem obj with id :46 not found in list
02-15 13:00:15.474  1743  7954 E sec_fr_FaceRecognizer: identify fails
02-15 13:00:15.495  1811  3665 E DATC-IF : [ERROR][ChiNode] camxchinodesecofectrl.cpp:896 OverrideOFECGData() SecurePreview_OFE0 req 21 get metadata fail NULL pointer 0x0
02-15 13:00:15.498  1743  1924 E ACameraDeviceVendor: onCaptureStarted: request = 0xb400007dc1958a80
02-15 13:00:15.521  2832  7307 E KioskModeService: There's no matched data
02-15 13:00:15.521  3938  3938 E KeyguardFingerPrintSwipe: mLongPressCallback canceled. Touch position is FP-InDisplay area!
02-15 13:00:15.521  3938  3938 E KeyguardFingerPrintSwipe: mLongPressCallback canceled. Touch position is FP-InDisplay area!
02-15 13:00:15.526  1811  3670 E DATC-IF : [ERROR][ChiNode] camxchinodesecofectrl.cpp:896 OverrideOFECGData() SecurePreview_OFE0 req 22 get metadata fail NULL pointer 0x0
02-15 13:00:15.528  3938  3938 E KeyguardFingerPrintSwipe: mLongPressCallback canceled. Touch position is FP-InDisplay area!
02-15 13:00:15.531  1743  1924 E ACameraDeviceVendor: onCaptureStarted: request = 0xb400007dc1958a80
02-15 13:00:15.536  3938  3938 E KeyguardFingerPrintSwipe: mLongPressCallback canceled. Touch position is FP-InDisplay area!
02-15 13:00:15.545  3938  3938 E KeyguardFingerPrintSwipe: mLongPressCallback canceled. Touch position is FP-InDisplay area!
02-15 13:00:15.553  3938  3938 E KeyguardFingerPrintSwipe: mLongPressCallback canceled. Touch position is FP-InDisplay area!
02-15 13:00:15.556  1811  3672 E DATC-IF : [ERROR][ChiNode] camxchinodesecofectrl.cpp:896 OverrideOFECGData() SecurePreview_OFE0 req 23 get metadata fail NULL pointer 0x0
02-15 13:00:15.561  3938  3938 E KeyguardFingerPrintSwipe: mLongPressCallback canceled. Touch position is FP-InDisplay area!
02-15 13:00:15.564  1743  1924 E ACameraDeviceVendor: onCaptureStarted: request = 0xb400007dc1958a80
02-15 13:00:15.570  3938  3938 E KeyguardFingerPrintSwipe: mLongPressCallback canceled. Touch position is FP-InDisplay area!
02-15 13:00:15.578  3938  3938 E KeyguardFingerPrintSwipe: mLongPressCallback canceled. Touch position is FP-InDisplay area!
02-15 13:00:15.586  3938  3938 E KeyguardFingerPrintSwipe: mLongPressCallback canceled. Touch position is FP-InDisplay area!
02-15 13:00:15.587  1811  3665 E DATC-IF : [ERROR][ChiNode] camxchinodesecofectrl.cpp:896 OverrideOFECGData() SecurePreview_OFE0 req 24 get metadata fail NULL pointer 0x0
02-15 13:00:15.595  3938  3938 E KeyguardFingerPrintSwipe: mLongPressCallback canceled. Touch position is FP-InDisplay area!
02-15 13:00:15.598  1743  1924 E ACameraDeviceVendor: onCaptureStarted: request = 0xb400007dc1958a80
02-15 13:00:15.603  3938  3938 E KeyguardFingerPrintSwipe: mLongPressCallback canceled. Touch position is FP-InDisplay area!
02-15 13:00:15.611  3938  3938 E KeyguardFingerPrintSwipe: mLongPressCallback canceled. Touch position is FP-InDisplay area!
02-15 13:00:15.622  3938  3938 E KeyguardFingerPrintSwipe: mLongPressCallback canceled. Touch position is FP-InDisplay area!
02-15 13:00:15.628  1811  3667 E DATC-IF : [ERROR][ChiNode] camxchinodesecofectrl.cpp:896 OverrideOFECGData() SecurePreview_OFE0 req 25 get metadata fail NULL pointer 0x0
02-15 13:00:15.628  3938  3938 E KeyguardFingerPrintSwipe: mLongPressCallback canceled. Touch position is FP-InDisplay area!
02-15 13:00:15.631  1743  1924 E ACameraDeviceVendor: onCaptureStarted: request = 0xb400007dc1958a80
02-15 13:00:15.636  3938  3938 E KeyguardFingerPrintSwipe: mLongPressCallback canceled. Touch position is FP-InDisplay area!
02-15 13:00:15.644  3938  3938 E KeyguardFingerPrintSwipe: mLongPressCallback canceled. Touch position is FP-InDisplay area!
02-15 13:00:15.654  1743  7902 E SmcInvoke_MinkDescriptor: mem obj with id :36 not found in list
02-15 13:00:15.654  2472  2859 E SmcInvoke_MinkDescriptor: mem obj with id :20 not found in list
02-15 13:00:15.655  1776  1907 E PERFHAL-REQUEST: PERFHAL-REQUEST: Process() 384: Translate to physical failed
02-15 13:00:15.658  1811  3673 E DATC-IF : [ERROR][ChiNode] camxchinodesecofectrl.cpp:896 OverrideOFECGData() SecurePreview_OFE0 req 26 get metadata fail NULL pointer 0x0
02-15 13:00:15.664  1743  1924 E ACameraDeviceVendor: onCaptureStarted: request = 0xb400007dc1958a80
02-15 13:00:15.680  1743  7955 E sec_fr_FaceWorkerManager: mState(6), mode(0x2)
02-15 13:00:15.680  1743  7955 E sec_fr_FaceWorkerManager: needKeepBuffer: mState is not init
02-15 13:00:15.688  1811  3670 E DATC-IF : [ERROR][ChiNode] camxchinodesecofectrl.cpp:896 OverrideOFECGData() SecurePreview_OFE0 req 27 get metadata fail NULL pointer 0x0
02-15 13:00:15.698  1743  1924 E ACameraDeviceVendor: onCaptureStarted: request = 0xb400007dc1958a80
02-15 13:00:15.711  1743  7955 E sec_fr_FaceWorkerManager: mState(6), mode(0x2)
02-15 13:00:15.711  1743  7955 E sec_fr_FaceWorkerManager: needKeepBuffer: mState is not init
02-15 13:00:15.729  1811  3665 E DATC-IF : [ERROR][ChiNode] camxchinodesecofectrl.cpp:896 OverrideOFECGData() SecurePreview_OFE0 req 28 get metadata fail NULL pointer 0x0
02-15 13:00:15.731  1743  1924 E ACameraDeviceVendor: onCaptureStarted: request = 0xb400007dc1958a80
02-15 13:00:15.751  1743  7955 E sec_fr_FaceWorkerManager: mState(6), mode(0x2)
02-15 13:00:15.751  1743  7955 E sec_fr_FaceWorkerManager: needKeepBuffer: mState is not init
02-15 13:00:15.759  1811  3665 E DATC-IF : [ERROR][ChiNode] camxchinodesecofectrl.cpp:896 OverrideOFECGData() SecurePreview_OFE0 req 29 get metadata fail NULL pointer 0x0
02-15 13:00:15.765  1743  1924 E ACameraDeviceVendor: onCaptureStarted: request = 0xb400007dc1958a80
02-15 13:00:15.778  1776  1907 E PERFHAL-REQUEST: PERFHAL-REQUEST: Process() 384: Translate to physical failed
02-15 13:00:15.778  1776  1907 E PERFHAL-REQUEST: PERFHAL-REQUEST: Process() 384: Translate to physical failed
02-15 13:00:15.779  3938  3938 E ThemeUtils: View class com.airbnb.lottie.LottieAnimationView is an AppCompat widget that can only be used with a Theme.AppCompat theme (or descendant).
02-15 13:00:15.781  3938  4156 E perf_hint: Session ID too large, must fit 32-bit integer
02-15 13:00:15.782  1743  7955 E sec_fr_FaceWorkerManager: mState(6), mode(0x2)
02-15 13:00:15.782  1743  7955 E sec_fr_FaceWorkerManager: needKeepBuffer: mState is not init
02-15 13:00:15.783  3938  3938 E SystemUIImageView: white-bg res invalid = 0
02-15 13:00:15.784  3938  3938 E NowBarCardViewModel: updateExpandedClickPanelVisibility screen on = true expanded false isTopCardSettingViewOpened = false
02-15 13:00:15.790  1811  3672 E DATC-IF : [ERROR][ChiNode] camxchinodesecofectrl.cpp:896 OverrideOFECGData() SecurePreview_OFE0 req 30 get metadata fail NULL pointer 0x0
02-15 13:00:15.798  1743  1924 E ACameraDeviceVendor: onCaptureStarted: request = 0xb400007dc1958a80
02-15 13:00:15.811  1874  1874 E SurfaceFlinger: alpha changed 1.000 -> 0.000 - Surface(name=5951399 NavigationBar0)/@0xe48810f - animation-leash of insets_animation#32364
02-15 13:00:15.812  1743  7955 E sec_fr_FaceWorkerManager: mState(6), mode(0x2)
02-15 13:00:15.812  1743  7955 E sec_fr_FaceWorkerManager: needKeepBuffer: mState is not init
02-15 13:00:15.822  2832  7313 E WindowManager: win=Window{c0196c6 u0 com.sec.android.app.launcher/com.samsung.app.honeyspace.edge.edgepanel.app.CocktailBarService} destroySurfaces: appStopped=true cleanupOnResume=false win.mWindowRemovalAllowed=false win.mRemoveOnExit=false win.mViewVisibility=8 caller=com.android.server.wm.WindowManagerService.tryStartExitingAnimation:134 com.android.server.wm.WindowManagerService.relayoutWindow:1138 com.android.server.wm.Session.relayout:27 android.view.IWindowSession$Stub.onTransact:829 com.android.server.wm.Session.onTransact:1 android.os.Binder.execTransactInternal:1457 android.os.Binder.execTransact:1401 
02-15 13:00:15.822  1811  3666 E DATC-IF : [ERROR][ChiNode] camxchinodesecofectrl.cpp:896 OverrideOFECGData() SecurePreview_OFE0 req 31 get metadata fail NULL pointer 0x0
02-15 13:00:15.827  1874  1874 E SurfaceFlinger: alpha changed 0.000 -> 1.000 - Surface(name=5951399 NavigationBar0)/@0xe48810f - animation-leash of insets_animation#32364
02-15 13:00:15.831  1743  1924 E ACameraDeviceVendor: onCaptureStarted: request = 0xb400007dc1958a80
02-15 13:00:15.848  1743  7954 E sec_fr_FaceRecognizer: not ready state(7)
02-15 13:00:15.848  1743  7902 E SmcInvoke_MinkDescriptor: Invalid handle 36
02-15 13:00:15.848  2472  2859 E SmcInvoke_MinkDescriptor: mem obj with id :20 not found in list
02-15 13:00:15.853  1743  7955 E sec_fr_FaceWorkerManager: mState(6), mode(0x2)
02-15 13:00:15.853  1743  7955 E sec_fr_FaceWorkerManager: needKeepBuffer: mState is not init
02-15 13:00:15.853  2472  2859 E SmcInvoke_MinkDescriptor: mem obj with id :20 not found in list
02-15 13:00:15.853  2472  2634 E bauth_TLC_Communicator: return value from qsapp is wrong : 39
02-15 13:00:15.857  1819  1819 E SecVibrator-HAL-AIDL-EXT: V_5_0: performPrebakedHapticPattern 114 : 4000 : 0
02-15 13:00:15.857  1819  1819 E SecVibrator-HAL-AIDL-CORE: HW_API: [setForceFeedbackAmplitude]amplitude: 4000
02-15 13:00:15.860  1811  3668 E DATC-IF : [ERROR][ChiNode] camxchinodesecofectrl.cpp:896 OverrideOFECGData() SecurePreview_OFE0 req 32 get metadata fail NULL pointer 0x0
02-15 13:00:15.862  2472  2859 E SmcInvoke_MinkDescriptor: mem obj with id :20 not found in list
02-15 13:00:15.865  1743 21107 E ACameraDeviceVendor: onCaptureStarted: request = 0xb400007dc1958a80
02-15 13:00:15.866  2472  2859 E SmcInvoke_MinkDescriptor: mem obj with id :20 not found in list
02-15 13:00:15.869  2472  2859 E SmcInvoke_MinkDescriptor: mem obj with id :20 not found in list
02-15 13:00:15.874  1819  1819 E SecVibrator-HAL-AIDL-CORE: HW_API: [uploadForceFeedbackeffect]ioctl success ,uploaded effect with ID: 0
02-15 13:00:15.874  1819  1819 E SecVibrator-HAL-AIDL-CORE: HW_API: do_on for timeoutMs: 1000
02-15 13:00:15.874  1819  1819 E SecVibrator-HAL-AIDL-CORE: HW_API: [triggerForceFeedbackVibration]on: 1
02-15 13:00:15.890  1811  3665 E DATC-IF : [ERROR][ChiNode] camxchinodesecofectrl.cpp:896 OverrideOFECGData() SecurePreview_OFE0 req 33 get metadata fail NULL pointer 0x0
02-15 13:00:15.898  1743 21107 E ACameraDeviceVendor: onCaptureStarted: request = 0xb400007dc1958a80
02-15 13:00:15.914  1855  1896 E HeatmapThread: ECT Thread time in milliseconds: 1771174815
02-15 13:00:15.916  1855  1896 E HeatmapThread: !@ CAM New BSOH: 100
02-15 13:00:15.921  1811  3666 E DATC-IF : [ERROR][ChiNode] camxchinodesecofectrl.cpp:896 OverrideOFECGData() SecurePreview_OFE0 req 34 get metadata fail NULL pointer 0x0
02-15 13:00:15.931  1743 21107 E ACameraDeviceVendor: onCaptureStarted: request = 0xb400007dc1958a80
02-15 13:00:15.962  1811  3673 E DATC-IF : [ERROR][ChiNode] camxchinodesecofectrl.cpp:896 OverrideOFECGData() SecurePreview_OFE0 req 35 get metadata fail NULL pointer 0x0
02-15 13:00:15.965  1743 21107 E ACameraDeviceVendor: onCaptureStarted: request = 0xb400007dc1958a80
02-15 13:00:15.991  1811  3669 E DATC-IF : [ERROR][ChiNode] camxchinodesecofectrl.cpp:896 OverrideOFECGData() SecurePreview_OFE0 req 36 get metadata fail NULL pointer 0x0
02-15 13:00:15.998  1743 21107 E ACameraDeviceVendor: onCaptureStarted: request = 0xb400007dc1958a80
02-15 13:00:16.022  1811  3667 E DATC-IF : [ERROR][ChiNode] camxchinodesecofectrl.cpp:896 OverrideOFECGData() SecurePreview_OFE0 req 37 get metadata fail NULL pointer 0x0
02-15 13:00:16.031  1743 21107 E ACameraDeviceVendor: onCaptureStarted: request = 0xb400007dc1958a80
02-15 13:00:16.035  2472  2859 E SmcInvoke_MinkDescriptor: mem obj with id :20 not found in list
02-15 13:00:16.063  1811  3668 E DATC-IF : [ERROR][ChiNode] camxchinodesecofectrl.cpp:896 OverrideOFECGData() SecurePreview_OFE0 req 38 get metadata fail NULL pointer 0x0
02-15 13:00:16.064  1743  1924 E ACameraDeviceVendor: onCaptureStarted: request = 0xb400007dc1958a80
02-15 13:00:16.092  1811  3670 E DATC-IF : [ERROR][ChiNode] camxchinodesecofectrl.cpp:896 OverrideOFECGData() SecurePreview_OFE0 req 39 get metadata fail NULL pointer 0x0
02-15 13:00:16.098  1743  1924 E ACameraDeviceVendor: onCaptureStarted: request = 0xb400007dc1958a80
02-15 13:00:16.122  1811  3667 E DATC-IF : [ERROR][ChiNode] camxchinodesecofectrl.cpp:896 OverrideOFECGData() SecurePreview_OFE0 req 40 get metadata fail NULL pointer 0x0
02-15 13:00:16.131  1743  1924 E ACameraDeviceVendor: onCaptureStarted: request = 0xb400007dc1958a80
02-15 13:00:16.162  1811  3670 E DATC-IF : [ERROR][ChiNode] camxchinodesecofectrl.cpp:896 OverrideOFECGData() SecurePreview_OFE0 req 41 get metadata fail NULL pointer 0x0
02-15 13:00:16.164  1743  1924 E ACameraDeviceVendor: onCaptureStarted: request = 0xb400007dc1958a80
02-15 13:00:16.193  1811  3667 E DATC-IF : [ERROR][ChiNode] camxchinodesecofectrl.cpp:896 OverrideOFECGData() SecurePreview_OFE0 req 42 get metadata fail NULL pointer 0x0
02-15 13:00:16.198  1743  1924 E ACameraDeviceVendor: onCaptureStarted: request = 0xb400007dc1958a80
02-15 13:00:16.223  1811  3673 E DATC-IF : [ERROR][ChiNode] camxchinodesecofectrl.cpp:896 OverrideOFECGData() SecurePreview_OFE0 req 43 get metadata fail NULL pointer 0x0
02-15 13:00:16.231  1743  1924 E ACameraDeviceVendor: onCaptureStarted: request = 0xb400007dc1958a80
02-15 13:00:16.262  1874  4869 E NativeCustomFrequencyManager: [NativeCFMS] BpCustomFrequencyManager::acquire()
02-15 13:00:16.264  1743  1924 E ACameraDeviceVendor: onCaptureStarted: request = 0xb400007dc1958a80
02-15 13:00:16.283  1811  3672 E ChiX    : [ERROR][SBM    ] chxstreambuffermanager.cpp:2292 GetStreamBuffer() Can't get buffer for stream 0xb400007245987c78 : (0, 6, 0, 0, 8) : (avail, pending, used, psStatus, totalUnique), requestId 43, bufferMgrName SecurePreview_IPE0_cam4_OutputPortId8_Display
02-15 13:00:16.283  1811  3672 E CamX    : [ERROR][MEMMGR ] camximagebuffer.cpp:1845 BindImportedBuffer() [SecurePreview_IPE0_cam4_OutputPortId8_Display] Failed to get buffer from stream buffer manager
02-15 13:00:16.283  1811  3672 E CamX    : [ERROR][MEMMGR ] camximagebuffer.cpp:1911 BindImportedBuffer() [SecurePreview_IPE0_cam4_OutputPortId8_Display][0xb40000710599a8f0] Invalid Gralloc buffer [0x0] to import
02-15 13:00:16.298  1743  1924 E ACameraDeviceVendor: onCaptureStarted: request = 0xb400007dc1958a80
02-15 13:00:16.331  1743  1924 E ACameraDeviceVendor: onCaptureStarted: request = 0xb400007dc1958a80
02-15 13:00:16.437  1819  1819 E SecVibrator-HAL-AIDL-CORE: V_2_0: Vibrator off
02-15 13:00:16.437  1819  1819 E SecVibrator-HAL-AIDL-CORE: HW_API: do_off
02-15 13:00:16.437  1819  1819 E SecVibrator-HAL-AIDL-CORE: HW_API: [triggerForceFeedbackVibration]on: 0
02-15 13:00:16.500  2173  2386 E Camera3-OutputStream: [VSync] getBufferLockedCommon: Stream 0: wait for dequeued buffer exceeds 30000us (454264)us
02-15 13:00:16.501  1811  3667 E CamX    : [ERROR][CSL    ] camxcslhw.cpp:3544 CSLAllocHW() [MEMTIME] caller = MPG_7_Buffer2 allocTime = 238 bufferSize = 3375104
02-15 13:00:16.501  1743  7902 E SmcInvoke_MinkDescriptor: mem obj with id :42 not found in list
02-15 13:00:16.501  2472  2859 E SmcInvoke_MinkDescriptor: mem obj with id :20 not found in list
02-15 13:00:16.527  1811  3667 E CamX    : [ERROR][CSL    ] camxcslhw.cpp:3544 CSLAllocHW() [MEMTIME] caller = MPG_8_Buffer2 allocTime = 26 bufferSize = 245760
02-15 13:00:16.530  1743  7904 E SmcInvoke_MinkDescriptor: mem obj with id :42 not found in list
02-15 13:00:16.530  2472  2862 E SmcInvoke_MinkDescriptor: mem obj with id :20 not found in list
02-15 13:00:16.530  1811  3668 E CamX    : [ERROR][CORE   ] camxpipeline.cpp:5917 SinkPortFenceErrorSignaled() SecurePreview_0_cam_4 Reporting stream done for stream=0, sequenceId=42 Buffer type=0 handle=0x0
02-15 13:00:16.530  1811  3668 E CamX    : [ERROR][CORE   ] camxsession.cpp:9310 InjectResult() Session 0xb40000728598a330 [SecurePreview] Reporting a buffer error to the framework for streamIndex 0 SeqId: 42 <-> ReqId: 43
02-15 13:00:16.530  1811  3667 E DATC-IF : [ERROR][ChiNode] camxchinodesecofectrl.cpp:896 OverrideOFECGData() SecurePreview_OFE0 req 44 get metadata fail NULL pointer 0x0
02-15 13:00:16.530  1811  3672 E CamX    : [ERROR][HAL    ] camxhaldevice.cpp:997 Notify() type 00000001, frame_number 42, error_code 00000004, error_stream 0xb400007245987c78
02-15 13:00:16.530  2173  2386 E CameraDeviceClient: notifyError: pid=1743, errorCode=5, errorStreamId=0, frameNumber=42
02-15 13:00:16.530  2173  2386 E CameraDeviceClient: notifyError: pid=1743, skipClientNotification=false
02-15 13:00:16.531  1811  3669 E DATC-IF : [ERROR][ChiNode] camxchinodesecofectrl.cpp:896 OverrideOFECGData() SecurePreview_OFE0 req 45 get metadata fail NULL pointer 0x0
02-15 13:00:16.532  1743  7904 E SmcInvoke_MinkDescriptor: mem obj with id :42 not found in list
02-15 13:00:16.532  1743  7954 E sec_fr_FaceRecognizer: identify fails
02-15 13:00:16.793  1811  3667 E CamX    : [ERROR][CSL    ] camxcslhw.cpp:3544 CSLAllocHW() [MEMTIME] caller = MPG_7_Buffer3 allocTime = 262 bufferSize = 3375104
02-15 13:00:16.796  1743  7904 E SmcInvoke_MinkDescriptor: mem obj with id :36 not found in list
02-15 13:00:16.797  2472  2862 E SmcInvoke_MinkDescriptor: mem obj with id :20 not found in list
02-15 13:00:16.825  1811  3667 E CamX    : [ERROR][CSL    ] camxcslhw.cpp:3544 CSLAllocHW() [MEMTIME] caller = MPG_9_Buffer3 allocTime = 27 bufferSize = 32768
02-15 13:00:16.825  1811  3667 E DATC-IF : [ERROR][ChiNode] camxchinodesecofectrl.cpp:896 OverrideOFECGData() SecurePreview_OFE0 req 46 get metadata fail NULL pointer 0x0
02-15 13:00:16.825  1743  7904 E SmcInvoke_MinkDescriptor: mem obj with id :36 not found in list
02-15 13:00:16.833  1743  7904 E SmcInvoke_MinkDescriptor: mem obj with id :36 not found in list
02-15 13:00:16.833  1743  7954 E sec_fr_FaceRecognizer: identify fails
02-15 13:00:16.833  2472  2862 E SmcInvoke_MinkDescriptor: mem obj with id :20 not found in list
02-15 13:00:16.836  1811  3667 E DATC-IF : [ERROR][ChiNode] camxchinodesecofectrl.cpp:896 OverrideOFECGData() SecurePreview_OFE0 req 47 get metadata fail NULL pointer 0x0
02-15 13:00:16.898  1743  1924 E ACameraDeviceVendor: onCaptureStarted: request = 0xb400007dc1958a80
02-15 13:00:16.914  1855  1896 E HeatmapThread: ECT Thread time in milliseconds: 1771174816
02-15 13:00:16.915  1855  1896 E HeatmapThread: !@ CAM New BSOH: 100
02-15 13:00:16.928  1811  3668 E DATC-IF : [ERROR][ChiNode] camxchinodesecofectrl.cpp:896 OverrideOFECGData() SecurePreview_OFE0 req 48 get metadata fail NULL pointer 0x0
02-15 13:00:16.931  1743  1924 E ACameraDeviceVendor: onCaptureStarted: request = 0xb400007dc1958a80
02-15 13:00:16.958  1811  3673 E DATC-IF : [ERROR][ChiNode] camxchinodesecofectrl.cpp:896 OverrideOFECGData() SecurePreview_OFE0 req 49 get metadata fail NULL pointer 0x0
02-15 13:00:16.964  1743  1924 E ACameraDeviceVendor: onCaptureStarted: request = 0xb400007dc1958a80
02-15 13:00:16.988  1811  3669 E DATC-IF : [ERROR][ChiNode] camxchinodesecofectrl.cpp:896 OverrideOFECGData() SecurePreview_OFE0 req 50 get metadata fail NULL pointer 0x0
02-15 13:00:16.997  1743  1924 E ACameraDeviceVendor: onCaptureStarted: request = 0xb400007dc1958a80
02-15 13:00:17.019  1811  3666 E DATC-IF : [ERROR][ChiNode] camxchinodesecofectrl.cpp:896 OverrideOFECGData() SecurePreview_OFE0 req 51 get metadata fail NULL pointer 0x0
02-15 13:00:17.031  1743  1924 E ACameraDeviceVendor: onCaptureStarted: request = 0xb400007dc1958a80
02-15 13:00:17.059  1811  3670 E DATC-IF : [ERROR][ChiNode] camxchinodesecofectrl.cpp:896 OverrideOFECGData() SecurePreview_OFE0 req 52 get metadata fail NULL pointer 0x0
02-15 13:00:17.064  1743  1924 E ACameraDeviceVendor: onCaptureStarted: request = 0xb400007dc1958a80
02-15 13:00:17.089  1811  3668 E DATC-IF : [ERROR][ChiNode] camxchinodesecofectrl.cpp:896 OverrideOFECGData() SecurePreview_OFE0 req 53 get metadata fail NULL pointer 0x0
02-15 13:00:17.098  1743  1924 E ACameraDeviceVendor: onCaptureStarted: request = 0xb400007dc1958a80
02-15 13:00:17.099  1743  7902 E SmcInvoke_MinkDescriptor: mem obj with id :47 not found in list
02-15 13:00:17.099  2472  2862 E SmcInvoke_MinkDescriptor: mem obj with id :20 not found in list
02-15 13:00:17.120  1811  3667 E DATC-IF : [ERROR][ChiNode] camxchinodesecofectrl.cpp:896 OverrideOFECGData() SecurePreview_OFE0 req 54 get metadata fail NULL pointer 0x0
02-15 13:00:17.131  1743  1924 E ACameraDeviceVendor: onCaptureStarted: request = 0xb400007dc1958a80
02-15 13:00:17.160  1811  3668 E DATC-IF : [ERROR][ChiNode] camxchinodesecofectrl.cpp:896 OverrideOFECGData() SecurePreview_OFE0 req 55 get metadata fail NULL pointer 0x0
02-15 13:00:17.164  1743  1924 E ACameraDeviceVendor: onCaptureStarted: request = 0xb400007dc1958a80
02-15 13:00:17.179  1743  7902 E SmcInvoke_MinkDescriptor: mem obj with id :42 not found in list
02-15 13:00:17.179  2472  2862 E SmcInvoke_MinkDescriptor: mem obj with id :20 not found in list
02-15 13:00:17.190  1811  3673 E DATC-IF : [ERROR][ChiNode] camxchinodesecofectrl.cpp:896 OverrideOFECGData() SecurePreview_OFE0 req 56 get metadata fail NULL pointer 0x0
02-15 13:00:17.191  1743  7904 E SmcInvoke_MinkDescriptor: mem obj with id :42 not found in list
02-15 13:00:17.191  1743  7954 E sec_fr_FaceRecognizer: identify fails
02-15 13:00:17.191  2472  2862 E SmcInvoke_MinkDescriptor: mem obj with id :20 not found in list
02-15 13:00:17.198  1743  1924 E ACameraDeviceVendor: onCaptureStarted: request = 0xb400007dc1958a80
02-15 13:00:17.221  1811  3667 E DATC-IF : [ERROR][ChiNode] camxchinodesecofectrl.cpp:896 OverrideOFECGData() SecurePreview_OFE0 req 57 get metadata fail NULL pointer 0x0
02-15 13:00:17.231  1743  1924 E ACameraDeviceVendor: onCaptureStarted: request = 0xb400007dc1958a80
02-15 13:00:17.261  1811  3667 E DATC-IF : [ERROR][ChiNode] camxchinodesecofectrl.cpp:896 OverrideOFECGData() SecurePreview_OFE0 req 58 get metadata fail NULL pointer 0x0
02-15 13:00:17.264  1743  1924 E ACameraDeviceVendor: onCaptureStarted: request = 0xb400007dc1958a80
02-15 13:00:17.291  1811  3672 E DATC-IF : [ERROR][ChiNode] camxchinodesecofectrl.cpp:896 OverrideOFECGData() SecurePreview_OFE0 req 59 get metadata fail NULL pointer 0x0
02-15 13:00:17.297  1743  1924 E ACameraDeviceVendor: onCaptureStarted: request = 0xb400007dc1958a80
02-15 13:00:17.321  1811  3666 E DATC-IF : [ERROR][ChiNode] camxchinodesecofectrl.cpp:896 OverrideOFECGData() SecurePreview_OFE0 req 60 get metadata fail NULL pointer 0x0
02-15 13:00:17.331  1743  1924 E ACameraDeviceVendor: onCaptureStarted: request = 0xb400007dc1958a80
02-15 13:00:17.362  1811  3668 E DATC-IF : [ERROR][ChiNode] camxchinodesecofectrl.cpp:896 OverrideOFECGData() SecurePreview_OFE0 req 61 get metadata fail NULL pointer 0x0
02-15 13:00:17.364  1743  1924 E ACameraDeviceVendor: onCaptureStarted: request = 0xb400007dc1958a80
02-15 13:00:17.392  1811  3672 E DATC-IF : [ERROR][ChiNode] camxchinodesecofectrl.cpp:896 OverrideOFECGData() SecurePreview_OFE0 req 62 get metadata fail NULL pointer 0x0
02-15 13:00:17.397  1743  1924 E ACameraDeviceVendor: onCaptureStarted: request = 0xb400007dc1958a80
02-15 13:00:17.422  1811  3665 E DATC-IF : [ERROR][ChiNode] camxchinodesecofectrl.cpp:896 OverrideOFECGData() SecurePreview_OFE0 req 63 get metadata fail NULL pointer 0x0
02-15 13:00:17.431  1743  1924 E ACameraDeviceVendor: onCaptureStarted: request = 0xb400007dc1958a80
02-15 13:00:17.448  1743  7904 E SmcInvoke_MinkDescriptor: mem obj with id :36 not found in list
02-15 13:00:17.462  1811  3673 E DATC-IF : [ERROR][ChiNode] camxchinodesecofectrl.cpp:896 OverrideOFECGData() SecurePreview_OFE0 req 64 get metadata fail NULL pointer 0x0
02-15 13:00:17.464  1743  1924 E ACameraDeviceVendor: onCaptureStarted: request = 0xb400007dc1958a80
02-15 13:00:17.474  1743  7904 E SmcInvoke_MinkDescriptor: mem obj with id :36 not found in list
02-15 13:00:17.476  1743  7904 E SmcInvoke_MinkDescriptor: mem obj with id :36 not found in list
02-15 13:00:17.476  1743  7954 E sec_fr_FaceRecognizer: identify fails
02-15 13:00:17.476  1743  7954 E sec_fr_FaceRecognizer: No match count(5) is max, send status to Service
02-15 13:00:17.493  1811  3668 E DATC-IF : [ERROR][ChiNode] camxchinodesecofectrl.cpp:896 OverrideOFECGData() SecurePreview_OFE0 req 65 get metadata fail NULL pointer 0x0
02-15 13:00:17.497  1743  1924 E ACameraDeviceVendor: onCaptureStarted: request = 0xb400007dc1958a80
02-15 13:00:17.523  1811  3667 E DATC-IF : [ERROR][ChiNode] camxchinodesecofectrl.cpp:896 OverrideOFECGData() SecurePreview_OFE0 req 66 get metadata fail NULL pointer 0x0
02-15 13:00:17.531  1743  1924 E ACameraDeviceVendor: onCaptureStarted: request = 0xb400007dc1958a80
02-15 13:00:17.553  1811  3670 E DATC-IF : [ERROR][ChiNode] camxchinodesecofectrl.cpp:896 OverrideOFECGData() SecurePreview_OFE0 req 67 get metadata fail NULL pointer 0x0
02-15 13:00:17.564  1743  1924 E ACameraDeviceVendor: onCaptureStarted: request = 0xb400007dc1958a80
02-15 13:00:17.593  1811  3665 E DATC-IF : [ERROR][ChiNode] camxchinodesecofectrl.cpp:896 OverrideOFECGData() SecurePreview_OFE0 req 68 get metadata fail NULL pointer 0x0
02-15 13:00:17.597  1743  1924 E ACameraDeviceVendor: onCaptureStarted: request = 0xb400007dc1958a80
02-15 13:00:17.609  2832  3585 E WifiStaIfaceAidlImpl: getCachedScanData failed with service-specific exception: android.os.ServiceSpecificException:  (code 4)
02-15 13:00:17.610  2832  3783 E SemWifiLinkQualityMonitor: Too old or invalid TMI: currentTime=1771174817610 lastDateWindow=1771118498000
02-15 13:00:17.624  1811  3668 E DATC-IF : [ERROR][ChiNode] camxchinodesecofectrl.cpp:896 OverrideOFECGData() SecurePreview_OFE0 req 69 get metadata fail NULL pointer 0x0
02-15 13:00:17.631  1743  1924 E ACameraDeviceVendor: onCaptureStarted: request = 0xb400007dc1958a80
02-15 13:00:17.654  1811  3667 E DATC-IF : [ERROR][ChiNode] camxchinodesecofectrl.cpp:896 OverrideOFECGData() SecurePreview_OFE0 req 70 get metadata fail NULL pointer 0x0
02-15 13:00:17.654  1776  1907 E PERFHAL-REQUEST: PERFHAL-REQUEST: Process() 384: Translate to physical failed
02-15 13:00:17.664  1743 21107 E ACameraDeviceVendor: onCaptureStarted: request = 0xb400007dc1958a80
02-15 13:00:17.694  1811  3666 E DATC-IF : [ERROR][ChiNode] camxchinodesecofectrl.cpp:896 OverrideOFECGData() SecurePreview_OFE0 req 71 get metadata fail NULL pointer 0x0
02-15 13:00:17.697  1743 21107 E ACameraDeviceVendor: onCaptureStarted: request = 0xb400007dc1958a80
02-15 13:00:17.725  1811  3669 E DATC-IF : [ERROR][ChiNode] camxchinodesecofectrl.cpp:896 OverrideOFECGData() SecurePreview_OFE0 req 72 get metadata fail NULL pointer 0x0
02-15 13:00:17.731  1743 21107 E ACameraDeviceVendor: onCaptureStarted: request = 0xb400007dc1958a80
02-15 13:00:17.734  1743  7904 E SmcInvoke_MinkDescriptor: mem obj with id :36 not found in list
02-15 13:00:17.755  1811  3672 E DATC-IF : [ERROR][ChiNode] camxchinodesecofectrl.cpp:896 OverrideOFECGData() SecurePreview_OFE0 req 73 get metadata fail NULL pointer 0x0
02-15 13:00:17.760  1743  7904 E SmcInvoke_MinkDescriptor: mem obj with id :36 not found in list
02-15 13:00:17.762  1743  7904 E SmcInvoke_MinkDescriptor: mem obj with id :36 not found in list
02-15 13:00:17.762  1743  7954 E sec_fr_FaceRecognizer: identify fails
02-15 13:00:17.764  1743 21107 E ACameraDeviceVendor: onCaptureStarted: request = 0xb400007dc1958a80
02-15 13:00:17.769  1874  4869 E NativeCustomFrequencyManager: [NativeCFMS] BpCustomFrequencyManager::acquire()
02-15 13:00:17.795  1811  3673 E DATC-IF : [ERROR][ChiNode] camxchinodesecofectrl.cpp:896 OverrideOFECGData() SecurePreview_OFE0 req 74 get metadata fail NULL pointer 0x0
02-15 13:00:17.797  1743 21107 E ACameraDeviceVendor: onCaptureStarted: request = 0xb400007dc1958a80
02-15 13:00:17.825  1811  3672 E DATC-IF : [ERROR][ChiNode] camxchinodesecofectrl.cpp:896 OverrideOFECGData() SecurePreview_OFE0 req 75 get metadata fail NULL pointer 0x0
02-15 13:00:17.831  1743 21107 E ACameraDeviceVendor: onCaptureStarted: request = 0xb400007dc1958a80
02-15 13:00:17.856  1811  3667 E DATC-IF : [ERROR][ChiNode] camxchinodesecofectrl.cpp:896 OverrideOFECGData() SecurePreview_OFE0 req 76 get metadata fail NULL pointer 0x0
02-15 13:00:17.864  1743 21107 E ACameraDeviceVendor: onCaptureStarted: request = 0xb400007dc1958a80
02-15 13:00:17.896  1811  3666 E DATC-IF : [ERROR][ChiNode] camxchinodesecofectrl.cpp:896 OverrideOFECGData() SecurePreview_OFE0 req 77 get metadata fail NULL pointer 0x0
02-15 13:00:17.897  1743 21107 E ACameraDeviceVendor: onCaptureStarted: request = 0xb400007dc1958a80
02-15 13:00:17.914  1855  1896 E HeatmapThread: ECT Thread time in milliseconds: 1771174817
02-15 13:00:17.915  1855  1896 E HeatmapThread: !@ CAM New BSOH: 100
02-15 13:00:17.920  1750  1750 E hwvault_tee: [[31mERR[0m] (nwd_hv_kv_common.cpp:103) _kv2_init onlypower 0 1
02-15 13:00:17.926  1811  3669 E DATC-IF : [ERROR][ChiNode] camxchinodesecofectrl.cpp:896 OverrideOFECGData() SecurePreview_OFE0 req 78 get metadata fail NULL pointer 0x0
02-15 13:00:17.931  1743 21107 E ACameraDeviceVendor: onCaptureStarted: request = 0xb400007dc1958a80
02-15 13:00:17.956  1811  3672 E DATC-IF : [ERROR][ChiNode] camxchinodesecofectrl.cpp:896 OverrideOFECGData() SecurePreview_OFE0 req 79 get metadata fail NULL pointer 0x0
02-15 13:00:17.964  1743 21107 E ACameraDeviceVendor: onCaptureStarted: request = 0xb400007dc1958a80
02-15 13:00:17.987  1811  3665 E DATC-IF : [ERROR][ChiNode] camxchinodesecofectrl.cpp:896 OverrideOFECGData() SecurePreview_OFE0 req 80 get metadata fail NULL pointer 0x0
02-15 13:00:17.997  1743 21107 E ACameraDeviceVendor: onCaptureStarted: request = 0xb400007dc1958a80
02-15 13:00:18.027  1811  3667 E DATC-IF : [ERROR][ChiNode] camxchinodesecofectrl.cpp:896 OverrideOFECGData() SecurePreview_OFE0 req 81 get metadata fail NULL pointer 0x0
02-15 13:00:18.030  1743  7904 E SmcInvoke_MinkDescriptor: mem obj with id :36 not found in list
02-15 13:00:18.031  1743 21107 E ACameraDeviceVendor: onCaptureStarted: request = 0xb400007dc1958a80
02-15 13:00:18.056  1811  3667 E DATC-IF : [ERROR][ChiNode] camxchinodesecofectrl.cpp:896 OverrideOFECGData() SecurePreview_OFE0 req 82 get metadata fail NULL pointer 0x0
02-15 13:00:18.064  1743 21107 E ACameraDeviceVendor: onCaptureStarted: request = 0xb400007dc1958a80
02-15 13:00:18.087  1811  3665 E DATC-IF : [ERROR][ChiNode] camxchinodesecofectrl.cpp:896 OverrideOFECGData() SecurePreview_OFE0 req 83 get metadata fail NULL pointer 0x0
02-15 13:00:18.097  1743 21107 E ACameraDeviceVendor: onCaptureStarted: request = 0xb400007dc1958a80
02-15 13:00:18.114  3938  3938 E KeyguardSecAbsKeyInputViewController: onPasswordChecked
02-15 13:00:18.122  2832  3598 E WindowManager: win=Window{f600b8e u0 FP Iconview} destroySurfaces: appStopped=true cleanupOnResume=false win.mWindowRemovalAllowed=false win.mRemoveOnExit=false win.mViewVisibility=8 caller=com.android.server.wm.WindowManagerService.tryStartExitingAnimation:134 com.android.server.wm.WindowManagerService.relayoutWindow:1138 com.android.server.wm.Session.relayout:27 android.view.IWindowSession$Stub.onTransact:829 com.android.server.wm.Session.onTransact:1 android.os.Binder.execTransactInternal:1457 android.os.Binder.execTransact:1401 
02-15 13:00:18.128  1811  3669 E DATC-IF : [ERROR][ChiNode] camxchinodesecofectrl.cpp:896 OverrideOFECGData() SecurePreview_OFE0 req 84 get metadata fail NULL pointer 0x0
02-15 13:00:18.131  1743  1924 E ACameraDeviceVendor: onCaptureStarted: request = 0xb400007dc1958a80
02-15 13:00:18.143  1743  7904 E SmcInvoke_MinkDescriptor: mem obj with id :36 not found in list
02-15 13:00:18.143  1743  7954 E sec_fr_FaceRecognizer: not ready state(7)
02-15 13:00:18.144  2472  2862 E SmcInvoke_MinkDescriptor: mem obj with id :20 not found in list
02-15 13:00:18.148  2173  2386 E CameraDeviceClient: notifyError: pid=1743, errorCode=4, errorStreamId=0, frameNumber=84
02-15 13:00:18.148  2173  2386 E CameraDeviceClient: notifyError: pid=1743, skipClientNotification=false
02-15 13:00:18.148  2173  2386 E CameraDeviceClient: notifyError: pid=1743, errorCode=4, errorStreamId=0, frameNumber=85
02-15 13:00:18.148  2173  2386 E CameraDeviceClient: notifyError: pid=1743, skipClientNotification=false
02-15 13:00:18.148  2173  2386 E CameraDeviceClient: notifyError: pid=1743, errorCode=4, errorStreamId=0, frameNumber=86
02-15 13:00:18.148  2173  2386 E CameraDeviceClient: notifyError: pid=1743, skipClientNotification=false
02-15 13:00:18.149  2173  2386 E CameraDeviceClient: notifyError: pid=1743, errorCode=4, errorStreamId=0, frameNumber=87
02-15 13:00:18.149  2173  2386 E CameraDeviceClient: notifyError: pid=1743, skipClientNotification=false
02-15 13:00:18.149  2173 11587 E CameraDeviceClient: notifyError: pid=1743, errorCode=5, errorStreamId=0, frameNumber=84
02-15 13:00:18.149  2173 11587 E CameraDeviceClient: notifyError: pid=1743, skipClientNotification=false
02-15 13:00:18.149  2173 11587 E CameraDeviceClient: notifyError: pid=1743, errorCode=5, errorStreamId=0, frameNumber=85
02-15 13:00:18.149  2173 11587 E CameraDeviceClient: notifyError: pid=1743, skipClientNotification=false
02-15 13:00:18.149  2173 11587 E CameraDeviceClient: notifyError: pid=1743, errorCode=5, errorStreamId=0, frameNumber=86
02-15 13:00:18.149  2173 11587 E CameraDeviceClient: notifyError: pid=1743, skipClientNotification=false
02-15 13:00:18.149  2173 11587 E CameraDeviceClient: notifyError: pid=1743, errorCode=5, errorStreamId=0, frameNumber=87
02-15 13:00:18.149  2173 11587 E CameraDeviceClient: notifyError: pid=1743, skipClientNotification=false
02-15 13:00:18.150  1743  7955 E sec_fr_FaceWorkerManager: idx is under zero
02-15 13:00:18.155  2472  2862 E SmcInvoke_MinkDescriptor: mem obj with id :20 not found in list
02-15 13:00:18.156  2173  2173 E CameraDeviceClient: notifyError: pid=1743, errorCode=3, errorStreamId=0, frameNumber=88
02-15 13:00:18.156  2173  2173 E CameraDeviceClient: notifyError: pid=1743, skipClientNotification=false
02-15 13:00:18.159  2832  3751 E AidlResponseHandler: Client monitor is not an instance of com.android.server.biometrics.sensors.fingerprint.aidl.FingerprintResetLockoutClient
02-15 13:00:18.164  2472  2861 E SmcInvoke_MinkDescriptor: mem obj with id :20 not found in list
02-15 13:00:18.167  2472  2861 E SmcInvoke_MinkDescriptor: mem obj with id :20 not found in list
02-15 13:00:18.167  2832  3393 E AuthSessionCoordinator: Error unable to find auth operation : authEndedFor(userId=0 ,biometricStrength=15, sensorId=0, requestId=293, wasSuccessful=false)
02-15 13:00:18.167  2832  3751 E SensorService: BigData:Pakage) 5 already disabled. 
02-15 13:00:18.168  2173  2173 E Camera2-FrameProcessorBase: removeListener: 
02-15 13:00:18.247  1811 18047 E CamX    : [ERROR][CORE   ] camxpipeline.cpp:235 Destroy() SecurePreview_0: Updated m_referenceCount=1
02-15 13:00:18.247  1811 18047 E CamX    : [ERROR][CORE   ] camxpipeline.cpp:235 Destroy() SecurePreview_0: Updated m_referenceCount=0
02-15 13:00:18.248  1811  3681 E CamX    : [ERROR][CORE   ] camxpipeline.cpp:4967 NodeDestroy() Destroying node: SecurePreview_Sensor0_cam4
02-15 13:00:18.248  1811  3681 E CamX    : [ERROR][SENSOR ] camxsensorcache.cpp:261 ReleaseOneSubDevice() Device[4][Actuator] refCount:3 hDev:0xff0106 hCSLCached:0x850200 isAcquired:1 pipelineRefCount:1
02-15 13:00:18.248  1811  3681 E CamX    : [ERROR][SENSOR ] camxsensorcache.cpp:269 ReleaseOneSubDevice() [SUBDEV_DBG]Camera[4] IsAcquired[1] PipelineRefcount[1] hDevice[0xff0106]
02-15 13:00:18.248  1811  3681 E CamX    : [ERROR][CSL    ] camxcslhw.cpp:1474 CSLReleaseDeviceHW() [SUBDEV_DBG] hCSL[0x850200] hDevice[0xff0106] hSession[0x850200]
02-15 13:00:18.248  1811  3681 E CamX    : [ERROR][CSL    ] camxcslhw.cpp:1501 CSLReleaseDeviceHW() [SUBDEV_DBG] hDevice[0xff0106] hAcquired[0xff0106] hSession[0x850200]                                     devName[] deviceIdx[21] deviceType[2] refCount[0] isStreamActive[0] session_name[SecurePreview]
02-15 13:00:18.248  1811  3679 E CamX    : [ERROR][CORE   ] camxpipeline.cpp:4967 NodeDestroy() Destroying node: SecurePreview_AWB0_cam4
02-15 13:00:18.248  1811  3680 E CamX    : [ERROR][CORE   ] camxpipeline.cpp:4967 NodeDestroy() Destroying node: SecurePreview_Stats0_cam4
02-15 13:00:18.248  1811  3678 E CamX    : [ERROR][CORE   ] camxpipeline.cpp:4967 NodeDestroy() Destroying node: SecurePreview_com.qti.node.gme0_cam4
02-15 13:00:18.248  1811  3676 E CamX    : [ERROR][CORE   ] camxpipeline.cpp:4967 NodeDestroy() Destroying node: SecurePreview_com.qti.node.fd8_cam4
02-15 13:00:18.248  1811  3682 E CamX    : [ERROR][CORE   ] camxpipeline.cpp:4967 NodeDestroy() Destroying node: SecurePreview_AutoFocus0_cam4
02-15 13:00:18.248  1811  3677 E CamX    : [ERROR][CORE   ] camxpipeline.cpp:4967 NodeDestroy() Destroying node: SecurePreview_IPE0_cam4
02-15 13:00:18.248  1811  3674 E CamX    : [ERROR][CORE   ] camxpipeline.cpp:4967 NodeDestroy() Destroying node: SecurePreview_EVA0_cam4
02-15 13:00:18.248  1811  3675 E CamX    : [ERROR][CORE   ] camxpipeline.cpp:4967 NodeDestroy() Destroying node: SecurePreview_MCTFE0_cam4
02-15 13:00:18.248  1811  3675 E CamX    : [ERROR][CSL    ] camxcslhw.cpp:1474 CSLReleaseDeviceHW() [SUBDEV_DBG] hCSL[0x850200] hDevice[0x130104] hSession[0x850200]
02-15 13:00:18.248  1811  3682 E AF_DEBUG: ProcessPafEndModule(170) : [cam_id_4] Memory for PAF Main Window Free OK!
02-15 13:00:18.249  1811  3678 E CamX    : [ERROR][CORE   ] camxpipeline.cpp:4967 NodeDestroy() Destroying node: SecurePreview_OFE0_cam4
02-15 13:00:18.249  1811  3678 E CamX    : [ERROR][CSL    ] camxcslhw.cpp:1474 CSLReleaseDeviceHW() [SUBDEV_DBG] hCSL[0x850200] hDevice[0xfc0103] hSession[0x850200]
02-15 13:00:18.249  1738  1738 E sensors-hal: register_cb:315, all callbacks are null for new suid. no need to register it
02-15 13:00:18.249  1811  3682 E CamX    : [ERROR][CORE   ] camxpipeline.cpp:4967 NodeDestroy() Destroying node: SecurePreview_StatsParse0_cam4
02-15 13:00:18.250  1701  1794 E minksocket: MinkIPC ERROR: ( 1701:1794 ) MinkIPC_preProcess:272 Client down, but cannot find corresponding minksession
02-15 13:00:18.250  1701  1804 E minksocket: MinkIPC ERROR: ( 1701:1804 ) MinkIPC_preProcess:272 Client down, but cannot find corresponding minksession
02-15 13:00:18.251  1811  3681 E CamX    : [ERROR][SENSOR ] camxsensorcache.cpp:309 ReleaseOneSubDevice() [SUBDEV_DBG]CSLReleased CameraId= 4 hCSLSession= 0x850200 refCount= 2Subdevice: Actuator hDevice= 0xff0106 pipelineRefCount= 0
02-15 13:00:18.251  1811  3681 E CamX    : [ERROR][SENSOR ] camxsensorcache.cpp:261 ReleaseOneSubDevice() Device[4][CSIPHY] refCount:2 hDev:0x50105 hCSLCached:0x850200 isAcquired:1 pipelineRefCount:1
02-15 13:00:18.251  1811  3681 E CamX    : [ERROR][SENSOR ] camxsensorcache.cpp:269 ReleaseOneSubDevice() [SUBDEV_DBG]Camera[4] IsAcquired[1] PipelineRefcount[1] hDevice[0x50105]
02-15 13:00:18.251  1811  3681 E CamX    : [ERROR][CSL    ] camxcslhw.cpp:1474 CSLReleaseDeviceHW() [SUBDEV_DBG] hCSL[0x850200] hDevice[0x50105] hSession[0x850200]
02-15 13:00:18.251  1811  3681 E CamX    : [ERROR][CSL    ] camxcslhw.cpp:1501 CSLReleaseDeviceHW() [SUBDEV_DBG] hDevice[0x50105] hAcquired[0x50105] hSession[0x850200]                                     devName[] deviceIdx[5] deviceType[5] refCount[0] isStreamActive[0] session_name[SecurePreview]
02-15 13:00:18.251  1811  3675 E CamX    : [ERROR][CSL    ] camxcslhw.cpp:1501 CSLReleaseDeviceHW() [SUBDEV_DBG] hDevice[0x130104] hAcquired[0x130104] hSession[0x850200]                                     devName[] deviceIdx[0] deviceType[23] refCount[0] isStreamActive[0] session_name[SecurePreview]
02-15 13:00:18.251  1811  3681 E CamX    : [ERROR][SENSOR ] camxsensorcache.cpp:309 ReleaseOneSubDevice() [SUBDEV_DBG]CSLReleased CameraId= 4 hCSLSession= 0x850200 refCount= 1Subdevice: CSIPHY hDevice= 0x50105 pipelineRefCount= 0
02-15 13:00:18.251  1811  3678 E CamX    : [ERROR][CSL    ] camxcslhw.cpp:1501 CSLReleaseDeviceHW() [SUBDEV_DBG] hDevice[0xfc0103] hAcquired[0xfc0103] hSession[0x850200]                                     devName[] deviceIdx[18] deviceType[16] refCount[0] isStreamActive[0] session_name[SecurePreview]
02-15 13:00:18.252  1701  1804 E minksocket: MinkIPC ERROR: ( 1701:1804 ) MinkIPC_preProcess:272 Client down, but cannot find corresponding minksession
02-15 13:00:18.252  1701  1794 E minksocket: MinkIPC ERROR: ( 1701:1794 ) MinkIPC_preProcess:272 Client down, but cannot find corresponding minksession
02-15 13:00:18.253  1811  3681 E CamX    : [ERROR][SENSOR ] camxsensorcache.cpp:261 ReleaseOneSubDevice() Device[4][Sensor] refCount:1 hDev:0xf80101 hCSLCached:0x850200 isAcquired:1 pipelineRefCount:1
02-15 13:00:18.253  1811  3681 E CamX    : [ERROR][SENSOR ] camxsensorcache.cpp:269 ReleaseOneSubDevice() [SUBDEV_DBG]Camera[4] IsAcquired[1] PipelineRefcount[1] hDevice[0xf80101]
02-15 13:00:18.253  1811  3681 E CamX    : [ERROR][CSL    ] camxcslhw.cpp:1474 CSLReleaseDeviceHW() [SUBDEV_DBG] hCSL[0x850200] hDevice[0xf80101] hSession[0x850200]
02-15 13:00:18.253  1811  3677 E CamX    : [ERROR][CSL    ] camxcslhw.cpp:1474 CSLReleaseDeviceHW() [SUBDEV_DBG] hCSL[0x850200] hDevice[0xb80102] hSession[0x850200]
02-15 13:00:18.253  1811  3679 E snap_api::V6: adapter class instance doesn't exist/Already closed
02-15 13:00:18.254  1811  3677 E CamX    : [ERROR][CSL    ] camxcslhw.cpp:1501 CSLReleaseDeviceHW() [SUBDEV_DBG] hDevice[0xb80102] hAcquired[0xb80102] hSession[0x850200]                                     devName[] deviceIdx[17] deviceType[16] refCount[0] isStreamActive[0] session_name[SecurePreview]
02-15 13:00:18.254  1811  3681 E CamX    : [ERROR][CSL    ] camxcslhw.cpp:1501 CSLReleaseDeviceHW() [SUBDEV_DBG] hDevice[0xf80101] hAcquired[0xf80101] hSession[0x850200]                                     devName[] deviceIdx[29] deviceType[1] refCount[0] isStreamActive[0] session_name[SecurePreview]
02-15 13:00:18.254  1701  1794 E minksocket: MinkIPC ERROR: ( 1701:1794 ) MinkIPC_preProcess:272 Client down, but cannot find corresponding minksession
02-15 13:00:18.255  1701  1804 E minksocket: MinkIPC ERROR: ( 1701:1804 ) MinkIPC_preProcess:272 Client down, but cannot find corresponding minksession
02-15 13:00:18.273  1811  3681 E CamX    : [ERROR][SENSOR ] camxsensorcache.cpp:309 ReleaseOneSubDevice() [SUBDEV_DBG]CSLReleased CameraId= 4 hCSLSession= 0x850200 refCount= 0Subdevice: Sensor hDevice= 0xf80101 pipelineRefCount= 0
02-15 13:00:18.273  1811  3681 E CamX    : [ERROR][SENSOR ] camxsensorcache.cpp:336 ReleaseOneSubDevice() [SUBDEV_DBG]CameraId= 4, Closing hCSLSession= 0x7000850200
02-15 13:00:18.278  1811 18047 E CamX    : [ERROR][SENSOR ] camxsensorcache.cpp:436 ReleaseAllCache() [SUBDEV_DBG]Camera[0] ReleaseAllCache:hCSLSession0[0x940200] hCSLSession1[0x0]refcount[0]<subdeviceSensor: isAcquired[0] deviceIndex[25] hDevice[0xeb0101]  pipelineRefCount[0]><subdeviceCSIPHY: isAcquired[0] deviceIndex[2] hDevice[0x970103]  pipelineRefCount[0]><subdeviceOIS: isAcquired[0] deviceIndex[22] hDevice[0xc60107]  pipelineRefCount[0]><subdeviceActuator: isAcquired[0] deviceIndex[7] hDevice[0xc80106]  pipelineRefCount[0]><subdeviceFlash: isAcquired[0] deviceIndex[14] hDevice[0x3d010c]  pipelineRefCount[0]><subdeviceTPG: isAcquired[0] deviceIndex[0] hDevice[0x0]  pipelineRefCount[0]>
02-15 13:00:18.278  1811 18047 E CamX    : [ERROR][SENSOR ] camxsensorcache.cpp:436 ReleaseAllCache() [SUBDEV_DBG]Camera[1] ReleaseAllCache:hCSLSession0[0x0] hCSLSession1[0x0]refcount[0]<subdeviceSensor: isAcquired[0] deviceIndex[0] hDevice[0x0]  pipelineRefCount[0]><subdeviceCSIPHY: isAcquired[0] deviceIndex[0] hDevice[0x0]  pipelineRefCount[0]><subdeviceOIS: isAcquired[0] deviceIndex[0] hDevice[0x0]  pipelineRefCount[0]><subdeviceActuator: isAcquired[0] deviceIndex[0] hDevice[0x0]  pipelineRefCount[0]><subdeviceFlash: isAcquired[0] deviceIndex[0] hDevice[0x0]  pipelineRefCount[0]><subdeviceTPG: isAcquired[0] deviceIndex[0] hDevice[0x0]  pipelineRefCount[0]>
02-15 13:00:18.278  1811 18047 E CamX    : [ERROR][SENSOR ] camxsensorcache.cpp:436 ReleaseAllCache() [SUBDEV_DBG]Camera[2] ReleaseAllCache:hCSLSession0[0x940200] hCSLSession1[0x0]refcount[0]<subdeviceSensor: isAcquired[0] deviceIndex[27] hDevice[0x8f0105]  pipelineRefCount[0]><subdeviceCSIPHY: isAcquired[0] deviceIndex[3] hDevice[0xb5010e]  pipelineRefCount[0]><subdeviceOIS: isAcquired[0] deviceIndex[0] hDevice[0x0]  pipelineRefCount[0]><subdeviceActuator: isAcquired[0] deviceIndex[0] hDevice[0x0]  pipelineRefCount[0]><subdeviceFlash: isAcquired[0] deviceIndex[15] hDevice[0x73010f]  pipelineRefCount[0]><subdeviceTPG: isAcquired[0] deviceIndex[0] hDevice[0x0]  pipelineRefCount[0]>
02-15 13:00:18.278  1811 18047 E CamX    : [ERROR][SENSOR ] camxsensorcache.cpp:436 ReleaseAllCache() [SUBDEV_DBG]Camera[3] ReleaseAllCache:hCSLSession0[0x940200] hCSLSession1[0x0]refcount[0]<subdeviceSensor: isAcquired[0] deviceIndex[28] hDevice[0xc20108]  pipelineRefCount[0]><subdeviceCSIPHY: isAcquired[0] deviceIndex[1] hDevice[0xd0110]  pipelineRefCount[0]><subdeviceOIS: isAcquired[0] deviceIndex[23] hDevice[0x2f0109]  pipelineRefCount[0]><subdeviceActuator: isAcquired[0] deviceIndex[20] hDevice[0x490111]  pipelineRefCount[0]><subdeviceFlash: isAcquired[0] deviceIndex[16] hDevice[0xec0112]  pipelineRefCount[0]><subdeviceTPG: isAcquired[0] deviceIndex[0] hDevice[0x0]  pipelineRefCount[0]>
02-15 13:00:18.278  1811 18047 E CamX    : [ERROR][SENSOR ] camxsensorcache.cpp:436 ReleaseAllCache() [SUBDEV_DBG]Camera[4] ReleaseAllCache:hCSLSession0[0x850200] hCSLSession1[0x0]refcount[0]<subdeviceSensor: isAcquired[0] deviceIndex[29] hDevice[0xf80101]  pipelineRefCount[0]><subdeviceCSIPHY: isAcquired[0] deviceIndex[5] hDevice[0x50105]  pipelineRefCount[0]><subdeviceOIS: isAcquired[0] deviceIndex[0] hDevice[0x0]  pipelineRefCount[0]><subdeviceActuator: isAcquired[0] deviceIndex[21] hDevice[0xff0106]  pipelineRefCount[0]><subdeviceFlash: isAcquired[0] deviceIndex[0] hDevice[0x0]  pipelineRefCount[0]><subdeviceTPG: isAcquired[0] deviceIndex[0] hDevice[0x0]  pipelineRefCount[0]>
02-15 13:00:18.278  1811 18047 E CamX    : [ERROR][SENSOR ] camxsensorcache.cpp:436 ReleaseAllCache() [SUBDEV_DBG]Camera[5] ReleaseAllCache:hCSLSession0[0x0] hCSLSession1[0x0]refcount[0]<subdeviceSensor: isAcquired[0] deviceIndex[0] hDevice[0x0]  pipelineRefCount[0]><subdeviceCSIPHY: isAcquired[0] deviceIndex[0] hDevice[0x0]  pipelineRefCount[0]><subdeviceOIS: isAcquired[0] deviceIndex[0] hDevice[0x0]  pipelineRefCount[0]><subdeviceActuator: isAcquired[0] deviceIndex[0] hDevice[0x0]  pipelineRefCount[0]><subdeviceFlash: isAcquired[0] deviceIndex[0] hDevice[0x0]  pipelineRefCount[0]><subdeviceTPG: isAcquired[0] deviceIndex[0] hDevice[0x0]  pipelineRefCount[0]>
02-15 13:00:18.278  1811 18047 E CamX    : [ERROR][SENSOR ] camxsensorcache.cpp:436 ReleaseAllCache() [SUBDEV_DBG]Camera[6] ReleaseAllCache:hCSLSession0[0x0] hCSLSession1[0x0]refcount[0]<subdeviceSensor: isAcquired[0] deviceIndex[0] hDevice[0x0]  pipelineRefCount[0]><subdeviceCSIPHY: isAcquired[0] deviceIndex[0] hDevice[0x0]  pipelineRefCount[0]><subdeviceOIS: isAcquired[0] deviceIndex[0] hDevice[0x0]  pipelineRefCount[0]><subdeviceActuator: isAcquired[0] deviceIndex[0] hDevice[0x0]  pipelineRefCount[0]><subdeviceFlash: isAcquired[0] deviceIndex[0] hDevice[0x0]  pipelineRefCount[0]><subdeviceTPG: isAcquired[0] deviceIndex[0] hDevice[0x0]  pipelineRefCount[0]>
02-15 13:00:18.278  1811 18047 E CamX    : [ERROR][SENSOR ] camxsensorcache.cpp:436 ReleaseAllCache() [SUBDEV_DBG]Camera[7] ReleaseAllCache:hCSLSession0[0x0] hCSLSession1[0x0]refcount[0]<subdeviceSensor: isAcquired[0] deviceIndex[0] hDevice[0x0]  pipelineRefCount[0]><subdeviceCSIPHY: isAcquired[0] deviceIndex[0] hDevice[0x0]  pipelineRefCount[0]><subdeviceOIS: isAcquired[0] deviceIndex[0] hDevice[0x0]  pipelineRefCount[0]><subdeviceActuator: isAcquired[0] deviceIndex[0] hDevice[0x0]  pipelineRefCount[0]><subdeviceFlash: isAcquired[0] deviceIndex[0] hDevice[0x0]  pipelineRefCount[0]><subdeviceTPG: isAcquired[0] deviceIndex[0] hDevice[0x0]  pipelineRefCount[0]>
02-15 13:00:18.278  1811 18047 E CamX    : [ERROR][SENSOR ] camxsensorcache.cpp:436 ReleaseAllCache() [SUBDEV_DBG]Camera[8] ReleaseAllCache:hCSLSession0[0x0] hCSLSession1[0x0]refcount[0]<subdeviceSensor: isAcquired[0] deviceIndex[0] hDevice[0x0]  pipelineRefCount[0]><subdeviceCSIPHY: isAcquired[0] deviceIndex[0] hDevice[0x0]  pipelineRefCount[0]><subdeviceOIS: isAcquired[0] deviceIndex[0] hDevice[0x0]  pipelineRefCount[0]><subdeviceActuator: isAcquired[0] deviceIndex[0] hDevice[0x0]  pipelineRefCount[0]><subdeviceFlash: isAcquired[0] deviceIndex[0] hDevice[0x0]  pipelineRefCount[0]><subdeviceTPG: isAcquired[0] deviceIndex[0] hDevice[0x0]  pipelineRefCount[0]>
02-15 13:00:18.278  1811 18047 E CamX    : [ERROR][SENSOR ] camxsensorcache.cpp:436 ReleaseAllCache() [SUBDEV_DBG]Camera[9] ReleaseAllCache:hCSLSession0[0x0] hCSLSession1[0x0]refcount[0]<subdeviceSensor: isAcquired[0] deviceIndex[0] hDevice[0x0]  pipelineRefCount[0]><subdeviceCSIPHY: isAcquired[0] deviceIndex[0] hDevice[0x0]  pipelineRefCount[0]><subdeviceOIS: isAcquired[0] deviceIndex[0] hDevice[0x0]  pipelineRefCount[0]><subdeviceActuator: isAcquired[0] deviceIndex[0] hDevice[0x0]  pipelineRefCount[0]><subdeviceFlash: isAcquired[0] deviceIndex[0] hDevice[0x0]  pipelineRefCount[0]><subdeviceTPG: isAcquired[0] deviceIndex[0] hDevice[0x0]  pipelineRefCount[0]>
02-15 13:00:18.278  1811 18047 E CamX    : [ERROR][SENSOR ] camxsensorcache.cpp:436 ReleaseAllCache() [SUBDEV_DBG]Camera[10] ReleaseAllCache:hCSLSession0[0x0] hCSLSession1[0x0]refcount[0]<subdeviceSensor: isAcquired[0] deviceIndex[0] hDevice[0x0]  pipelineRefCount[0]><subdeviceCSIPHY: isAcquired[0] deviceIndex[0] hDevice[0x0]  pipelineRefCount[0]><subdeviceOIS: isAcquired[0] deviceIndex[0] hDevice[0x0]  pipelineRefCount[0]><subdeviceActuator: isAcquired[0] deviceIndex[0] hDevice[0x0]  pipelineRefCount[0]><subdeviceFlash: isAcquired[0] deviceIndex[0] hDevice[0x0]  pipelineRefCount[0]><subdeviceTPG: isAcquired[0] deviceIndex[0] hDevice[0x0]  pipelineRefCount[0]>
02-15 13:00:18.278  1811 18047 E CamX    : [ERROR][SENSOR ] camxsensorcache.cpp:436 ReleaseAllCache() [SUBDEV_DBG]Camera[11] ReleaseAllCache:hCSLSession0[0x0] hCSLSession1[0x0]refcount[0]<subdeviceSensor: isAcquired[0] deviceIndex[0] hDevice[0x0]  pipelineRefCount[0]><subdeviceCSIPHY: isAcquired[0] deviceIndex[0] hDevice[0x0]  pipelineRefCount[0]><subdeviceOIS: isAcquired[0] deviceIndex[0] hDevice[0x0]  pipelineRefCount[0]><subdeviceActuator: isAcquired[0] deviceIndex[0] hDevice[0x0]  pipelineRefCount[0]><subdeviceFlash: isAcquired[0] deviceIndex[0] hDevice[0x0]  pipelineRefCount[0]><subdeviceTPG: isAcquired[0] deviceIndex[0] hDevice[0x0]  pipelineRefCount[0]>
02-15 13:00:18.278  1811 18047 E CamX    : [ERROR][SENSOR ] camxsensorcache.cpp:436 ReleaseAllCache() [SUBDEV_DBG]Camera[12] ReleaseAllCache:hCSLSession0[0x0] hCSLSession1[0x0]refcount[0]<subdeviceSensor: isAcquired[0] deviceIndex[0] hDevice[0x0]  pipelineRefCount[0]><subdeviceCSIPHY: isAcquired[0] deviceIndex[0] hDevice[0x0]  pipelineRefCount[0]><subdeviceOIS: isAcquired[0] deviceIndex[0] hDevice[0x0]  pipelineRefCount[0]><subdeviceActuator: isAcquired[0] deviceIndex[0] hDevice[0x0]  pipelineRefCount[0]><subdeviceFlash: isAcquired[0] deviceIndex[0] hDevice[0x0]  pipelineRefCount[0]><subdeviceTPG: isAcquired[0] deviceIndex[0] hDevice[0x0]  pipelineRefCount[0]>
02-15 13:00:18.278  1811 18047 E CamX    : [ERROR][SENSOR ] camxsensorcache.cpp:436 ReleaseAllCache() [SUBDEV_DBG]Camera[13] ReleaseAllCache:hCSLSession0[0x0] hCSLSession1[0x0]refcount[0]<subdeviceSensor: isAcquired[0] deviceIndex[0] hDevice[0x0]  pipelineRefCount[0]><subdeviceCSIPHY: isAcquired[0] deviceIndex[0] hDevice[0x0]  pipelineRefCount[0]><subdeviceOIS: isAcquired[0] deviceIndex[0] hDevice[0x0]  pipelineRefCount[0]><subdeviceActuator: isAcquired[0] deviceIndex[0] hDevice[0x0]  pipelineRefCount[0]><subdeviceFlash: isAcquired[0] deviceIndex[0] hDevice[0x0]  pipelineRefCount[0]><subdeviceTPG: isAcquired[0] deviceIndex[0] hDevice[0x0]  pipelineRefCount[0]>
02-15 13:00:18.278  1811 18047 E CamX    : [ERROR][SENSOR ] camxsensorcache.cpp:436 ReleaseAllCache() [SUBDEV_DBG]Camera[14] ReleaseAllCache:hCSLSession0[0x0] hCSLSession1[0x0]refcount[0]<subdeviceSensor: isAcquired[0] deviceIndex[0] hDevice[0x0]  pipelineRefCount[0]><subdeviceCSIPHY: isAcquired[0] deviceIndex[0] hDevice[0x0]  pipelineRefCount[0]><subdeviceOIS: isAcquired[0] deviceIndex[0] hDevice[0x0]  pipelineRefCount[0]><subdeviceActuator: isAcquired[0] deviceIndex[0] hDevice[0x0]  pipelineRefCount[0]><subdeviceFlash: isAcquired[0] deviceIndex[0] hDevice[0x0]  pipelineRefCount[0]><subdeviceTPG: isAcquired[0] deviceIndex[0] hDevice[0x0]  pipelineRefCount[0]>
02-15 13:00:18.278  1811 18047 E CamX    : [ERROR][SENSOR ] camxsensorcache.cpp:436 ReleaseAllCache() [SUBDEV_DBG]Camera[15] ReleaseAllCache:hCSLSession0[0x0] hCSLSession1[0x0]refcount[0]<subdeviceSensor: isAcquired[0] deviceIndex[0] hDevice[0x0]  pipelineRefCount[0]><subdeviceCSIPHY: isAcquired[0] deviceIndex[0] hDevice[0x0]  pipelineRefCount[0]><subdeviceOIS: isAcquired[0] deviceIndex[0] hDevice[0x0]  pipelineRefCount[0]><subdeviceActuator: isAcquired[0] deviceIndex[0] hDevice[0x0]  pipelineRefCount[0]><subdeviceFlash: isAcquired[0] deviceIndex[0] hDevice[0x0]  pipelineRefCount[0]><subdeviceTPG: isAcquired[0] deviceIndex[0] hDevice[0x0]  pipelineRefCount[0]>
02-15 13:00:18.278  1811 18047 E CamX    : [ERROR][SENSOR ] camxsensorcache.cpp:450 ReleaseAllCache() [SUBDEV_DBG]Sensor[4]SubDev[0]PipelineRefCount[0]hDevice[16253185]isAcquired[0]
02-15 13:00:18.278  1811 18047 E CamX    : [ERROR][SENSOR ] camxsensorcache.cpp:450 ReleaseAllCache() [SUBDEV_DBG]Sensor[4]SubDev[1]PipelineRefCount[0]hDevice[327941]isAcquired[0]
02-15 13:00:18.278  1811 18047 E CamX    : [ERROR][SENSOR ] camxsensorcache.cpp:450 ReleaseAllCache() [SUBDEV_DBG]Sensor[4]SubDev[2]PipelineRefCount[0]hDevice[0]isAcquired[0]
02-15 13:00:18.278  1811 18047 E CamX    : [ERROR][SENSOR ] camxsensorcache.cpp:450 ReleaseAllCache() [SUBDEV_DBG]Sensor[4]SubDev[3]PipelineRefCount[0]hDevice[16711942]isAcquired[0]
02-15 13:00:18.278  1811 18047 E CamX    : [ERROR][SENSOR ] camxsensorcache.cpp:450 ReleaseAllCache() [SUBDEV_DBG]Sensor[4]SubDev[4]PipelineRefCount[0]hDevice[0]isAcquired[0]
02-15 13:00:18.278  1811 18047 E CamX    : [ERROR][SENSOR ] camxsensorcache.cpp:450 ReleaseAllCache() [SUBDEV_DBG]Sensor[4]SubDev[5]PipelineRefCount[0]hDevice[0]isAcquired[0]
02-15 13:00:18.287  1757  1894 E HYPER-HAL: [HandlerUClamp.cpp]set_uclamp_max(): sched_setattr failed for thread 7954, err = -1
02-15 13:00:18.339  3938  3938 E NowBarCardViewModel: updateExpandedClickPanelVisibility screen on = true expanded false isTopCardSettingViewOpened = false
02-15 13:00:18.342  3938 18518 E engmode_client_list: Cannot find client
02-15 13:00:18.342  3938 18518 E engmode_client_aidl: Client error
02-15 13:00:18.344  1874  1874 E SurfaceFlinger: alpha changed 1.000 -> 0.000 - Surface(name=Task=4121)/@0xdc7f4cc_transition-leash#32368
02-15 13:00:18.344  1874  1874 E SurfaceFlinger: alpha changed 0.000 -> 1.000 - Surface(name=Task=4121)/@0xdc7f4cc_transition-leash#32368
02-15 13:00:18.346  1566  1566 E engmode_world: Unknown token(00/00/00)
02-15 13:00:18.346  1193  1193 E engmode_aidl_service: error to server(0xd0060012)
02-15 13:00:18.353  2832  3557 E MotionRecognitionService: Receiver: ACTION_USER_PRESENT - UNLOCK SCREEN
02-15 13:00:18.357  3938  3938 E SystemUIImageView: white-bg res invalid = 0
02-15 13:00:18.358  3938  3938 E NowBarCardViewModel: updateExpandedClickPanelVisibility screen on = true expanded false isTopCardSettingViewOpened = false
02-15 13:00:18.358  3938  3938 E NowBarCardViewModel: updateExpandedClickPanelVisibility screen on = true expanded false isTopCardSettingViewOpened = false
02-15 13:00:18.358  3938  3938 E NowBarCardViewModel: updateExpandedClickPanelVisibility screen on = true expanded false isTopCardSettingViewOpened = false
02-15 13:00:18.362  2832  7307 E WindowManager: win=Window{7a0e1e7 u0 Bouncer} destroySurfaces: appStopped=true cleanupOnResume=false win.mWindowRemovalAllowed=false win.mRemoveOnExit=false win.mViewVisibility=4 caller=com.android.server.wm.WindowManagerService.tryStartExitingAnimation:134 com.android.server.wm.WindowManagerService.relayoutWindow:1138 com.android.server.wm.Session.relayout:27 android.view.IWindowSession$Stub.onTransact:829 com.android.server.wm.Session.onTransact:1 android.os.Binder.execTransactInternal:1462 android.os.Binder.execTransact:1401 
02-15 13:00:18.364  3938  3938 E NowBarCardViewModel: updateExpandedClickPanelVisibility screen on = true expanded false isTopCardSettingViewOpened = false
02-15 13:00:18.365  3938  3938 E NowBarCardViewModel: updateExpandedClickPanelVisibility screen on = true expanded false isTopCardSettingViewOpened = false
02-15 13:00:18.365  3938  3938 E NowBarCardViewModel: updateExpandedClickPanelVisibility screen on = true expanded false isTopCardSettingViewOpened = false
02-15 13:00:18.365  3938  3938 E NowBarCardViewModel: updateExpandedClickPanelVisibility screen on = true expanded false isTopCardSettingViewOpened = false
02-15 13:00:18.365  4925  6188 E ScanManager: [GSIM LOG]: gsimLogHandler, msg: MESSAGE_SCAN_START, appName: com.google.android.gms, scannerId: 3, reportDelayMillis=0
02-15 13:00:18.383 29948 18479 E SamsungAccount: [FamilyGroupUtil] getCountryCodeListWithRegionMcc - no country code with region mcc
02-15 13:00:18.385  1186 14315 E keystore2: system/security/keystore2/src/error.rs:183 - system/security/keystore2/src/security_level.rs:343
02-15 13:00:18.385  1186 14315 E keystore2: 
02-15 13:00:18.385  1186 14315 E keystore2: Caused by:
02-15 13:00:18.385  1186 14315 E keystore2:     0: system/security/keystore2/src/enforcements.rs:609: matching auth token (challenge=0, userId=-1270989118210416819, authId=8600037133634523247, authType=0x2, timestamp=188488762ms) rcved=BootTime(188482815) for sids [8600037133634523247] type Some(r#FINGERPRINT) is expired (5112s old > timeout=5s)
02-15 13:00:18.385  1186 14315 E keystore2:     1: Error::Km(r#KEY_USER_NOT_AUTHENTICATED)
02-15 13:00:18.399  4508  7390 E perf_hint: Session ID too large, must fit 32-bit integer
02-15 13:00:18.599  2832  7294 E WindowManager: win=Window{7035b76 u0 NotificationShade} destroySurfaces: appStopped=true cleanupOnResume=false win.mWindowRemovalAllowed=false win.mRemoveOnExit=false win.mViewVisibility=4 caller=com.android.server.wm.WindowManagerService.tryStartExitingAnimation:134 com.android.server.wm.WindowManagerService.relayoutWindow:1138 com.android.server.wm.Session.relayout:27 android.view.IWindowSession$Stub.onTransact:829 com.android.server.wm.Session.onTransact:1 android.os.Binder.execTransactInternal:1462 android.os.Binder.execTransact:1401 
02-15 13:00:18.602  2832  2913 E WindowManager: win=Window{a40343c u0 SnapshotStartingWindow for taskId=4121 EXITING} destroySurfaces: appStopped=false cleanupOnResume=false win.mWindowRemovalAllowed=true win.mRemoveOnExit=true win.mViewVisibility=0 caller=com.android.server.wm.WindowState.onExitAnimationDone:224 com.android.server.wm.WindowState.onAnimationFinished:161 com.android.server.wm.WindowContainer$$ExternalSyntheticLambda8.onAnimationFinished:3 com.android.server.wm.SurfaceAnimator$$ExternalSyntheticLambda0.onAnimationFinished:69 com.android.server.wm.LocalAnimationAdapter$$ExternalSyntheticLambda0.run:10 android.os.Handler.handleCallback:995 android.os.Handler.dispatchMessage:103 
02-15 13:00:18.610  1874  1874 E SurfaceFlinger: alpha changed 0.060 -> 0.000 - Surface(name=a40343c SnapshotStartingWindow for taskId=4121)/@0xfa8b5c5 - animation-leash of window_animation#32373
02-15 13:00:18.914  1855  1896 E HeatmapThread: ECT Thread time in milliseconds: 1771174818
02-15 13:00:18.915  1855  1896 E HeatmapThread: !@ CAM New BSOH: 100
02-15 13:00:19.311  1772  2380 E SDM     : ScalarConfig::GetAIScaleSettingsInfo: AI Scaler Config for display 68 is not present
02-15 13:00:19.355  2832  5680 E SemWifiService: getCurrentNetworkScore - invalid score data
02-15 13:00:19.355  2832  5680 E WifiProfileShare.Caster: failed to generate qos array, need to check network score data
02-15 13:00:19.416  4508  4508 E ThemeUtils: View class com.honeyspace.ui.common.iconview.IconViewImpl is an AppCompat widget that can only be used with a Theme.AppCompat theme (or descendant).
02-15 13:00:19.416  4508  4508 E HoneySpace.BadgeIconDecoratorCreator: NameNotFoundException /#UserHandle{0}
02-15 13:00:19.417  4508  4508 E ThemeUtils: View class com.honeyspace.ui.common.iconview.IconViewImpl is an AppCompat widget that can only be used with a Theme.AppCompat theme (or descendant).
02-15 13:00:19.417  4508  4508 E HoneySpace.BadgeIconDecoratorCreator: NameNotFoundException /#UserHandle{0}
02-15 13:00:19.417  4508  4508 E ThemeUtils: View class com.honeyspace.ui.common.iconview.IconViewImpl is an AppCompat widget that can only be used with a Theme.AppCompat theme (or descendant).
02-15 13:00:19.417  4508  4508 E HoneySpace.BadgeIconDecoratorCreator: NameNotFoundException /#UserHandle{0}
02-15 13:00:19.417  4508  4508 E ThemeUtils: View class com.honeyspace.ui.common.iconview.IconViewImpl is an AppCompat widget that can only be used with a Theme.AppCompat theme (or descendant).
02-15 13:00:19.417  4508  4508 E HoneySpace.BadgeIconDecoratorCreator: NameNotFoundException /#UserHandle{0}
02-15 13:00:19.419  1874  4869 E NativeCustomFrequencyManager: [NativeCFMS] BpCustomFrequencyManager::acquire()
02-15 13:00:19.427  1874  1874 E SurfaceFlinger: alpha changed 1.000 -> 0.000 - Surface(name=TransientLaunchOverlayToken{19cb06c token=android.os.BinderProxy@b48651f})/@0xc6a0dff_transition-leash#32378
02-15 13:00:19.427  1874  1874 E SurfaceFlinger: alpha changed 1.000 -> 0.000 - Surface(name=Task=3906)/@0xba5d7cc_transition-leash#32379
02-15 13:00:19.435  1874  1874 E SurfaceFlinger: alpha changed 0.000 -> 1.000 - Surface(name=Task=3906)/@0xba5d7cc_transition-leash#32379
02-15 13:00:19.435  1874  1874 E SurfaceFlinger: alpha changed 0.000 -> 1.000 - Surface(name=TransientLaunchOverlayToken{19cb06c token=android.os.BinderProxy@b48651f})/@0xc6a0dff_transition-leash#32378
02-15 13:00:19.460  4925  6188 E ScanManager: [GSIM LOG]: gsimLogHandler, msg: MESSAGE_SCAN_START, appName: com.samsung.android.mcfserver, scannerId: 4, reportDelayMillis=0
02-15 13:00:19.905  2832  7294 E TransitionChain: Can't collect into a chain with no transition
02-15 13:00:19.914  1855  1896 E HeatmapThread: ECT Thread time in milliseconds: 1771174819
02-15 13:00:19.915  1855  1896 E HeatmapThread: !@ CAM New BSOH: 100
02-15 13:00:19.924  2832  7294 E WindowManager: win=Window{3939b71 u0 com.android.settings/com.android.settings.SubSettings} destroySurfaces: appStopped=true cleanupOnResume=false win.mWindowRemovalAllowed=false win.mRemoveOnExit=false win.mViewVisibility=4 caller=com.android.server.wm.ActivityRecord.destroySurfaces:25 com.android.server.wm.ActivityRecord.activityStopped:192 com.android.server.wm.ActivityClientController.activityStopped:97 android.app.IActivityClientController$Stub.onTransact:740 com.android.server.wm.ActivityClientController.onTransact:1 android.os.Binder.execTransactInternal:1462 android.os.Binder.execTransact:1401 
02-15 13:00:19.934 29948 18479 E SamsungAccount: [FamilyGroupUtil] getCountryCodeListWithRegionMcc - no country code with region mcc
02-15 13:00:19.943  1874  1874 E SurfaceFlinger: alpha changed 1.000 -> 0.000 - Surface(name=7b9cbc8 InputMethod)/@0x836fb86 - animation-leash of insets_animation#32383
02-15 13:00:20.616  2832  3585 E WifiStaIfaceAidlImpl: getCachedScanData failed with service-specific exception: android.os.ServiceSpecificException:  (code 4)
02-15 13:00:20.618  2832  3783 E SemWifiLinkQualityMonitor: Too old or invalid TMI: currentTime=1771174820618 lastDateWindow=1771118498000
02-15 13:00:20.914  1855  1896 E HeatmapThread: ECT Thread time in milliseconds: 1771174820
02-15 13:00:20.915  1855  1896 E HeatmapThread: !@ CAM New BSOH: 100
02-15 13:00:21.344  1772  2380 E SDM     : ScalarConfig::GetAIScaleSettingsInfo: AI Scaler Config for display 68 is not present
02-15 13:00:21.346  1874  4869 E NativeCustomFrequencyManager: [NativeCFMS] BpCustomFrequencyManager::acquire()
02-15 13:00:21.562  1842  1933 E ConversionHelperAidl: Function: parseAndSetVendorParameters Line: 94 Failed 
02-15 13:00:21.563  1842  1933 E ConversionHelperAidl: Function: parseAndSetVendorParameters Line: 94 Failed 
02-15 13:00:21.563  1842  1933 E ConversionHelperAidl: Function: parseAndSetVendorParameters Line: 94 Failed 
02-15 13:00:21.564  1842  1933 E ConversionHelperAidl: Function: parseAndSetVendorParameters Line: 94 Failed 
02-15 13:00:21.914  1855  1896 E HeatmapThread: ECT Thread time in milliseconds: 1771174821
02-15 13:00:21.916  1855  1896 E HeatmapThread: !@ CAM New BSOH: 100
02-15 13:00:22.165  2832  7095 E TaskPersister: File error accessing recents directory (directory doesn't exist?).
02-15 13:00:22.173 17301 17316 E perf_hint: Session ID too large, must fit 32-bit integer
02-15 13:00:22.195 17301 17317 E perf_hint: Session ID too large, must fit 32-bit integer
02-15 13:00:22.196 17301 17316 E perf_hint: Session ID too large, must fit 32-bit integer
02-15 13:00:22.196   798  1417 E unknown:ReactHost: Unhandled SoftException
02-15 13:00:22.196   798  1417 E unknown:ReactHost: com.facebook.react.bridge.ReactNoCrashSoftException: raiseSoftException(getOrCreateDestroyTask()): Destroy Activity
02-15 13:00:22.196   798  1417 E unknown:ReactHost: 	at com.facebook.react.runtime.ReactHostImpl.raiseSoftException(r8-map-id-729244c2c702b12ab82c9b924bd7600a43848511c8bdcfc0f245ffcf2662a0e5:50)
02-15 13:00:22.196   798  1417 E unknown:ReactHost: 	at com.facebook.react.runtime.ReactHostImpl.getOrCreateDestroyTask(r8-map-id-729244c2c702b12ab82c9b924bd7600a43848511c8bdcfc0f245ffcf2662a0e5:10)
02-15 13:00:22.196   798  1417 E unknown:ReactHost: 	at com.facebook.react.runtime.ReactHostImpl.destroy$lambda$11(r8-map-id-729244c2c702b12ab82c9b924bd7600a43848511c8bdcfc0f245ffcf2662a0e5:26)
02-15 13:00:22.196   798  1417 E unknown:ReactHost: 	at com.facebook.react.runtime.ReactHostImpl.v(r8-map-id-729244c2c702b12ab82c9b924bd7600a43848511c8bdcfc0f245ffcf2662a0e5:1)
02-15 13:00:22.196   798  1417 E unknown:ReactHost: 	at com.facebook.react.runtime.K.call(r8-map-id-729244c2c702b12ab82c9b924bd7600a43848511c8bdcfc0f245ffcf2662a0e5:7)
02-15 13:00:22.196   798  1417 E unknown:ReactHost: 	at com.facebook.react.runtime.internal.bolts.Task$Companion.call$lambda$2(r8-map-id-729244c2c702b12ab82c9b924bd7600a43848511c8bdcfc0f245ffcf2662a0e5:6)
02-15 13:00:22.196   798  1417 E unknown:ReactHost: 	at com.facebook.react.runtime.internal.bolts.Task$Companion.b(r8-map-id-729244c2c702b12ab82c9b924bd7600a43848511c8bdcfc0f245ffcf2662a0e5:1)
02-15 13:00:22.196   798  1417 E unknown:ReactHost: 	at com.facebook.react.runtime.internal.bolts.g.run(r8-map-id-729244c2c702b12ab82c9b924bd7600a43848511c8bdcfc0f245ffcf2662a0e5:5)
02-15 13:00:22.196   798  1417 E unknown:ReactHost: 	at java.util.concurrent.ThreadPoolExecutor.runWorker(ThreadPoolExecutor.java:1156)
02-15 13:00:22.196   798  1417 E unknown:ReactHost: 	at java.util.concurrent.ThreadPoolExecutor$Worker.run(ThreadPoolExecutor.java:651)
02-15 13:00:22.196   798  1417 E unknown:ReactHost: 	at java.lang.Thread.run(Thread.java:1119)
02-15 13:00:22.197 17301 17317 E perf_hint: Session ID too large, must fit 32-bit integer
02-15 13:00:22.223   798   798 E unknown:ReactNative: Tried to remove non-existent frame callback
02-15 13:00:22.234   798  1417 E unknown:SurfaceMountingManager: Stopping surface [1]
02-15 13:00:22.239   798   798 I ReactNative: [GESTURE HANDLER] Tearing down gesture handler registered for root view com.facebook.react.runtime.ReactSurfaceView{97cd1b0 V.E...... .......D 0,0-1080,2340 #1}
02-15 13:00:22.240   798   798 E unknown:SurfaceMountingManager: Surface [1] was stopped on SurfaceMountingManager.
02-15 13:00:22.324  5009  5009 E pageboostd: Received HALT command code 2
02-15 13:00:22.376  1874  1874 E SurfaceFlinger: alpha changed 1.000 -> 0.000 - Surface(name=Task=4110)/@0x433168c_transition-leash#32389
02-15 13:00:22.376  1874  1874 E SurfaceFlinger: alpha changed 0.000 -> 0.000 - Surface(name=Task=4110)/@0x433168c_transition-leash#32389
02-15 13:00:22.380   798  1417 E unknown:ReactNative: Tried to remove non-existent frame callback
02-15 13:00:22.401  1874  1874 E SurfaceFlinger: alpha changed 0.000 -> 1.000 - Surface(name=Task=4110)/@0x433168c_transition-leash#32389
02-15 13:00:22.414 29948 18479 E SamsungAccount: [FamilyGroupUtil] getCountryCodeListWithRegionMcc - no country code with region mcc
02-15 13:00:22.418  1874  1874 E SurfaceFlinger: alpha changed 1.000 -> 0.000 - Surface(name=7b9cbc8 InputMethod)/@0x836fb86 - animation-leash of insets_animation#32391
02-15 13:00:22.752  2832  4188 E WindowManager: win=Window{39715e8 u0 com.sec.android.app.launcher/com.android.quickstep.RecentsActivity} destroySurfaces: appStopped=true cleanupOnResume=false win.mWindowRemovalAllowed=false win.mRemoveOnExit=false win.mViewVisibility=8 caller=com.android.server.wm.ActivityRecord.destroySurfaces:25 com.android.server.wm.ActivityRecord.activityStopped:192 com.android.server.wm.ActivityClientController.activityStopped:97 android.app.IActivityClientController$Stub.onTransact:740 com.android.server.wm.ActivityClientController.onTransact:1 android.os.Binder.execTransactInternal:1462 android.os.Binder.execTransact:1401 
02-15 13:00:22.914  1855  1896 E HeatmapThread: ECT Thread time in milliseconds: 1771174822
02-15 13:00:22.915  1855  1896 E HeatmapThread: !@ CAM New BSOH: 100
02-15 13:00:23.152  1772  2380 E SDM     : ScalarConfig::GetAIScaleSettingsInfo: AI Scaler Config for display 68 is not present
02-15 13:00:23.154  5009  5009 E pageboostd: Received HALT command code 2
02-15 13:00:23.167  5009  5009 E pageboostd: Received HALT command code 2
02-15 13:00:23.171  3938  4156 E perf_hint: Session ID too large, must fit 32-bit integer
02-15 13:00:23.175   798   883 E perf_hint: Session ID too large, must fit 32-bit integer
02-15 13:00:23.192  1874  1874 E SurfaceFlinger: alpha changed 1.000 -> 0.000 - Task=4124#32393
02-15 13:00:23.192  1874  1874 E SurfaceFlinger: alpha changed 1.000 -> 0.000 - DimTransitionLayer for Surface(name=Task=4124)/@0x54a60ab#32405
02-15 13:00:23.196  1874  4869 E NativeCustomFrequencyManager: [NativeCFMS] BpCustomFrequencyManager::acquire()
02-15 13:00:23.200  1874  1874 E SurfaceFlinger: alpha changed 0.000 -> 1.000 - Task=4124#32393
02-15 13:00:23.204   798   883 E perf_hint: Session ID too large, must fit 32-bit integer
02-15 13:00:23.212  5009  5009 E pageboostd: Received HALT command code 2
02-15 13:00:23.217  1874  1874 E SurfaceFlinger: alpha changed 0.000 -> 0.011 - DimTransitionLayer for Surface(name=Task=4124)/@0x54a60ab#32405
02-15 13:00:23.232 29948 18479 E SamsungAccount: [FamilyGroupUtil] getCountryCodeListWithRegionMcc - no country code with region mcc
02-15 13:00:23.242  1874  1874 E SurfaceFlinger: alpha changed 1.000 -> 0.000 - Surface(name=7b9cbc8 InputMethod)/@0x836fb86 - animation-leash of insets_animation#32413
02-15 13:00:23.628  2832  3585 E WifiStaIfaceAidlImpl: getCachedScanData failed with service-specific exception: android.os.ServiceSpecificException:  (code 4)
02-15 13:00:23.631  2832  3783 E SemWifiLinkQualityMonitor: Too old or invalid TMI: currentTime=1771174823631 lastDateWindow=1771118498000
02-15 13:00:23.676  2832  4047 E WindowManager: win=Window{828323e u0 host.exp.exponent/host.exp.exponent.experience.HomeActivity} destroySurfaces: appStopped=true cleanupOnResume=false win.mWindowRemovalAllowed=false win.mRemoveOnExit=false win.mViewVisibility=8 caller=com.android.server.wm.ActivityRecord.destroySurfaces:25 com.android.server.wm.ActivityRecord.activityStopped:192 com.android.server.wm.ActivityClientController.activityStopped:97 android.app.IActivityClientController$Stub.onTransact:740 com.android.server.wm.ActivityClientController.onTransact:1 android.os.Binder.execTransactInternal:1462 android.os.Binder.execTransact:1401 
02-15 13:00:23.898  2832  5680 E SemWifiService: getCurrentNetworkScore - invalid score data
02-15 13:00:23.898  2832  5680 E WifiProfileShare.Caster: failed to generate qos array, need to check network score data
02-15 13:00:23.914  1855  1896 E HeatmapThread: ECT Thread time in milliseconds: 1771174823
02-15 13:00:23.916  1855  1896 E HeatmapThread: !@ CAM New BSOH: 100
02-15 13:00:24.371  4925  6188 E ScanManager: [GSIM LOG]: gsimLogHandler, msg: MESSAGE_SCAN_STOP, appName: com.google.android.gms, scannerId: 3, reportDelayMillis=0
02-15 13:00:24.375  4925  6188 E ScanManager: [GSIM LOG]: gsimLogHandler, msg: MESSAGE_SCAN_START, appName: com.google.android.gms, scannerId: 3, reportDelayMillis=0
02-15 13:00:24.609  5426  5426 E DWBn    : UsageDataManager MemoryTrimmable
02-15 13:00:24.609  5426  5426 E DWBg    : LocalPkgManager MemoryTrimmable
02-15 13:00:24.914  1855  1896 E HeatmapThread: ECT Thread time in milliseconds: 1771174824
02-15 13:00:24.917  1855  1896 E HeatmapThread: !@ CAM New BSOH: 100
02-15 13:00:25.202   798   798 E g       : java.lang.RuntimeException: A TaskDescription's primary color should be opaque
02-15 13:00:25.227  2832  4188 E NotificationService: isPkgBlocked = true
02-15 13:00:25.227  2832  4188 E NotificationService: isRecordBlocked = false
02-15 13:00:25.227  2832  4188 E NotificationService: Suppressing notification from package host.exp.exponent by user request.
02-15 13:00:25.229   798   798 E g       : java.lang.RuntimeException: A TaskDescription's primary color should be opaque
02-15 13:00:25.231   798   798 E o       : java.lang.NoSuchFieldException: No field numActivities in class Landroid/app/ActivityManager$RecentTaskInfo; (declaration of 'android.app.ActivityManager$RecentTaskInfo' appears in /system/framework/framework.jar)
02-15 13:00:25.235  1772  2380 E SDM     : ScalarConfig::GetAIScaleSettingsInfo: AI Scaler Config for display 68 is not present
02-15 13:00:25.235   798   882 E perf_hint: Session ID too large, must fit 32-bit integer
02-15 13:00:25.247  1738  1738 E sensors-hal: flush:384, invalid flush request, active=0, oneshot=0
02-15 13:00:25.247  1701  1804 E minksocket: MinkIPC ERROR: ( 1701:1804 ) MinkIPC_preProcess:272 Client down, but cannot find corresponding minksession
02-15 13:00:25.247  1701  1794 E minksocket: MinkIPC ERROR: ( 1701:1794 ) MinkIPC_preProcess:272 Client down, but cannot find corresponding minksession
02-15 13:00:25.248  1701  1794 E minksocket: MinkIPC ERROR: ( 1701:1794 ) MinkIPC_preProcess:272 Client down, but cannot find corresponding minksession
02-15 13:00:25.248  1701  1804 E minksocket: MinkIPC ERROR: ( 1701:1804 ) MinkIPC_preProcess:272 Client down, but cannot find corresponding minksession
02-15 13:00:25.248  1701  1794 E minksocket: MinkIPC ERROR: ( 1701:1794 ) MinkIPC_preProcess:272 Client down, but cannot find corresponding minksession
02-15 13:00:25.248  1701  1804 E minksocket: MinkIPC ERROR: ( 1701:1804 ) MinkIPC_preProcess:272 Client down, but cannot find corresponding minksession
02-15 13:00:25.248  1701  1794 E minksocket: MinkIPC ERROR: ( 1701:1794 ) MinkIPC_preProcess:272 Client down, but cannot find corresponding minksession
02-15 13:00:25.248  1701  1804 E minksocket: MinkIPC ERROR: ( 1701:1804 ) MinkIPC_preProcess:272 Client down, but cannot find corresponding minksession
02-15 13:00:25.273   798   882 E perf_hint: Session ID too large, must fit 32-bit integer
02-15 13:00:25.569  1772  2380 E SDM     : ScalarConfig::GetAIScaleSettingsInfo: AI Scaler Config for display 68 is not present
02-15 13:00:25.752  1772  2380 E SDM     : ScalarConfig::GetAIScaleSettingsInfo: AI Scaler Config for display 68 is not present
02-15 13:00:25.914  1855  1896 E HeatmapThread: ECT Thread time in milliseconds: 1771174825
02-15 13:00:25.918  1855  1896 E HeatmapThread: !@ CAM New BSOH: 100
02-15 13:00:25.968  1772  2380 E SDM     : ScalarConfig::GetAIScaleSettingsInfo: AI Scaler Config for display 68 is not present
02-15 13:00:26.243  2832  7095 E TaskPersister: File error accessing recents directory (directory doesn't exist?).
02-15 13:00:26.285  1772  2380 E SDM     : ScalarConfig::GetAIScaleSettingsInfo: AI Scaler Config for display 68 is not present
02-15 13:00:26.485  1772  2380 E SDM     : ScalarConfig::GetAIScaleSettingsInfo: AI Scaler Config for display 68 is not present
02-15 13:00:26.618  1772  2380 E SDM     : ScalarConfig::GetAIScaleSettingsInfo: AI Scaler Config for display 68 is not present
02-15 13:00:26.636  2832  3585 E WifiStaIfaceAidlImpl: getCachedScanData failed with service-specific exception: android.os.ServiceSpecificException:  (code 4)
02-15 13:00:26.639  2832  3783 E SemWifiLinkQualityMonitor: Too old or invalid TMI: currentTime=1771174826639 lastDateWindow=1771118498000
02-15 13:00:26.914  1855  1896 E HeatmapThread: ECT Thread time in milliseconds: 1771174826
02-15 13:00:26.917  1855  1896 E HeatmapThread: !@ CAM New BSOH: 100
02-15 13:00:27.360  2832  5680 E SemWifiService: getCurrentNetworkScore - invalid score data
02-15 13:00:27.360  2832  5680 E WifiProfileShare.Caster: failed to generate qos array, need to check network score data
02-15 13:00:27.493  1772  2380 E SDM     : ScalarConfig::GetAIScaleSettingsInfo: AI Scaler Config for display 68 is not present
02-15 13:00:27.914  1855  1896 E HeatmapThread: ECT Thread time in milliseconds: 1771174827
02-15 13:00:27.915  1855  1896 E HeatmapThread: !@ CAM New BSOH: 100
02-15 13:00:28.286   798  8416 I ReactNativeJS: Running "main" with {"rootTag":11,"initialProps":{"exp":{"initialUri":"exp://10.0.0.108:8081","shell":false,"manifestString":"{\"id\":\"ae0a50e0-a189-4ed6-874b-e6cf98ce3252\",\"createdAt\":\"2026-02-15T17:00:25.069Z\",\"runtimeVersion\":\"exposdk:55.0.0\",\"launchAsset\":{\"key\":\"bundle\",\"contentType\":\"application\\/javascript\",\"url\":\"http:\\/\\/10.0.0.108:8081\\/index.ts.bundle?platform=android&dev=true&hot=false&lazy=true&transform.engine=hermes&transform.bytecode=1&transform.routerRoot=app&unstable_transformProfile=hermes-stable\"},\"assets\":[],\"metadata\":{},\"extra\":{\"eas\":{\"projectId\":\"your-project-id\"},\"expoClient\":{\"name\":\"MOVOPos\",\"slug\":\"movopos-mobile\",\"version\":\"1.0.0\",\"orientation\":\"portrait\",\"icon\":\".\\/assets\\/icon.png\",\"userInterfaceStyle\":\"light\",\"scheme\":\"movopos\",\"splash\":{\"image\":\".\\/assets\\/splash-icon.png\",\"resizeMode\":\"contain\",\"backgroundColor\":\"#1a73e8\",\"imageUrl\":\"http:\\/\\/10.0.0.108:8081\\/assets\\/.\\/assets\\/splash-icon.png\"},\"ios\":{\"supportsTablet\":true,\"bundleIdentifier\":\"com.movopos.app\",\"infoPlist\":{\"NSCameraUsageDescription\":\"MOVOPos necesita acceso a la cámara para escanear códigos de barras\",\"NSFaceIDUsageDescription\":\"MOVOPos usa Face ID para autenticación segura\",\"NSBluetoothAlwaysUsageDescription\":\"MOVOPos necesita Bluetooth para conectar con impresoras térmicas\",\"NSBluetoothPeripheralUsageDescription\":\"MOVOPos necesita Bluetooth para conectar con impresoras térmicas\",\"NSLocationWhenInUseUsageDescription\":\"MOVOPos usa tu ubicación para registrar el lugar de las ventas\"}},\"android\":{\"package\":\"com.movopos.app\",\"adaptiveIcon\":{\"foregroundImage\":\".\\/assets\\/adaptive-icon.png\",\"backgroundColor\":\"#1a73e8\",\"foregroundImageUrl\":\"http:\\/\\/10.0.0.108:8081\\/assets\\/.\\/assets\\/adaptive-icon.png\"},\"predictiveBackGestureEnabled\":false,\"permissions\":[\"CAMERA\",\"BLUETOOTH\",\"BLUETOOTH_ADMIN\",\"BLUETOOTH_CONNECT\",\"BLUETOOTH_SCAN\",\"ACCESS_FINE_LOCATION\",\"ACCESS_COARSE_LOCATION\",\"VIBRATE\",\"RECEIVE_BOOT_COMPLETED\",\"android.permission.CAMERA\",\"android.permission.RECORD_AUDIO\",\"android.permission.USE_BIOMETRIC\",\"android.permission.USE_FINGERPRINT\"]},\"web\":{\"favicon\":\".\\/assets\\/favicon.png\"},\"plugins\":[\"expo-secure-store\",[\"expo-camera\",{\"cameraPermission\":\"MOVOPos necesita acceso a la cámara para escanear códigos de barras\"}],[\"expo-local-authentication\",{\"faceIDPermission\":\"MOVOPos usa Face ID para autenticación segura\"}],\"expo-sharing\",\"expo-sqlite\",\"expo-web-browser\"],\"extra\":{\"eas\":{\"projectId\":\"your-project-id\"}},\"_internal\":{\"isDebug\":false,\"projectRoot\":\"C:\\\\Users\\\\Albin Rodriguez\\\\Documents\\\\movopos-mobile\",\"dynamicConfigPath\":{},\"staticConfigPath\":\"C:\\\\Users\\\\Albin Rodriguez\\\\Documents\\\\movopos-mobile\\\\app.json\",\"packageJsonPath\":\"C:\\\\Users\\\\Albin Rodriguez\\\\Documents\\\\movopos-mobile\\\\package.json\",\"pluginHistory\":{\"expo-secure-store\":{\"name\":\"expo-secure-store\",\"version\":\"55.0.5\"},\"expo-camera\":{\"name\":\"expo-camera\",\"version\":\"55.0.5\"},\"expo-local-authentication\":{\"name\":\"expo-local-authentication\",\"version\":\"55.0.5\"},\"expo-sharing\":{\"name\":\"expo-sharing\",\"version\":\"55.0.6\"},\"expo-sqlite\":{\"name\":\"expo-sqlite\",\"version\":\"55.0.5\"},\"expo-web-browser\":{\"name\":\"expo-web-browser\",\"version\":\"55.0.5\"}}},\"sdkVersion\":\"55.0.0\",\"platforms\":[\"ios\",\"android\",\"web\"],\"iconUrl\":\"http:\\/\\/10.0.0.108:8081\\/assets\\/.\\/assets\\/icon.png\",\"hostUri\":\"10.0.0.108:8081\"},\"expoGo\":{\"debuggerHost\":\"10.0.0.108:8081\",\"developer\":{\"tool\":\"expo-cli\",\"projectRoot\":\"C:\\\\Users\\\\Albin Rodriguez\\\\Documents\\\\movopos-mobile\"},\"packagerOpts\":{\"dev\":true},\"mainModuleName\":\"index.ts\"},\"scopeKey\":\"@anonymous\\/movopos-mobile-e2689c69-7360-43d2-8876-b732e94bf4ab\"},\"isVerified\":true}"}},"fabric":true}
02-15 13:00:28.433  1772  2380 E SDM     : ScalarConfig::GetAIScaleSettingsInfo: AI Scaler Config for display 68 is not present
02-15 13:00:28.452   798   883 E perf_hint: Session ID too large, must fit 32-bit integer
02-15 13:00:28.453   798   882 E perf_hint: Session ID too large, must fit 32-bit integer
02-15 13:00:28.466   798   798 I ReactNative: [GESTURE HANDLER] Initialize gesture handler for root view com.facebook.react.runtime.ReactSurfaceView{447e35b V.E...... ......ID 0,0-1080,2340 #b}
02-15 13:00:28.478   798   883 E perf_hint: Session ID too large, must fit 32-bit integer
02-15 13:00:28.522 29948 18479 E SamsungAccount: [FamilyGroupUtil] getCountryCodeListWithRegionMcc - no country code with region mcc
02-15 13:00:28.533  1874  1874 E SurfaceFlinger: alpha changed 1.000 -> 0.000 - Surface(name=7b9cbc8 InputMethod)/@0x836fb86 - animation-leash of insets_animation#32422
02-15 13:00:28.541   798   798 I ReactNative: [GESTURE HANDLER] Gesture handler is already enabled for a parent view
02-15 13:00:28.542   798   798 I ReactNative: [GESTURE HANDLER] Gesture handler is already enabled for a parent view
02-15 13:00:28.549   798  8416 W ReactNativeJS: InteractionManager has been deprecated and will be removed in a future release. Please refactor long tasks into smaller ones, and  use 'requestIdleCallback' instead.
02-15 13:00:28.914  1855  1896 E HeatmapThread: ECT Thread time in milliseconds: 1771174828
02-15 13:00:28.918  1855  1896 E HeatmapThread: !@ CAM New BSOH: 100
02-15 13:00:28.966  1772  2380 E SDM     : ScalarConfig::GetAIScaleSettingsInfo: AI Scaler Config for display 68 is not present
02-15 13:00:29.052   798   798 I ReactNative: [GESTURE HANDLER] Gesture handler is already enabled for a parent view
02-15 13:00:29.053   798   798 I ReactNative: [GESTURE HANDLER] Gesture handler is already enabled for a parent view
02-15 13:00:29.083  1772  2380 E SDM     : ScalarConfig::GetAIScaleSettingsInfo: AI Scaler Config for display 68 is not present
02-15 13:00:29.648  2832  3585 E WifiStaIfaceAidlImpl: getCachedScanData failed with service-specific exception: android.os.ServiceSpecificException:  (code 4)
02-15 13:00:29.651  2832  3783 E SemWifiLinkQualityMonitor: Too old or invalid TMI: currentTime=1771174829651 lastDateWindow=1771118498000
02-15 13:00:29.657  2832  5680 E SemWifiService: getCurrentNetworkScore - invalid score data
02-15 13:00:29.657  2832  5680 E WifiProfileShare.Caster: failed to generate qos array, need to check network score data
02-15 13:00:29.800  1772  2380 E SDM     : ScalarConfig::GetAIScaleSettingsInfo: AI Scaler Config for display 68 is not present
02-15 13:00:29.914  1855  1896 E HeatmapThread: ECT Thread time in milliseconds: 1771174829
02-15 13:00:29.917  1855  1896 E HeatmapThread: !@ CAM New BSOH: 100
02-15 13:00:30.914  1855  1896 E HeatmapThread: ECT Thread time in milliseconds: 1771174830
02-15 13:00:30.918  1855  1896 E HeatmapThread: !@ CAM New BSOH: 100
02-15 13:00:31.606  1842  1933 E ConversionHelperAidl: Function: parseAndSetVendorParameters Line: 94 Failed 
02-15 13:00:31.606  1842  1933 E ConversionHelperAidl: Function: parseAndSetVendorParameters Line: 94 Failed 
02-15 13:00:31.607  1842  1933 E ConversionHelperAidl: Function: parseAndSetVendorParameters Line: 94 Failed 
02-15 13:00:31.607  1842  1933 E ConversionHelperAidl: Function: parseAndSetVendorParameters Line: 94 Failed 
02-15 13:00:31.616  2832  6488 E SemContext.CaeProvider: setAttribute() : attribute is null!
02-15 13:00:31.616  2832  6488 E SensorService: BigData:Pakage) 5 already enabled. 
02-15 13:00:31.744  2832  4047 E SensorService: BigData:Pakage) 5 already disabled. 
02-15 13:00:31.914  1855  1896 E HeatmapThread: ECT Thread time in milliseconds: 1771174831
02-15 13:00:31.918  1855  1896 E HeatmapThread: !@ CAM New BSOH: 100
02-15 13:00:32.556  2832  3585 E WifiStaIfaceAidlImpl: getCachedScanData failed with service-specific exception: android.os.ServiceSpecificException:  (code 4)
02-15 13:00:32.656  2832  3585 E WifiStaIfaceAidlImpl: getCachedScanData failed with service-specific exception: android.os.ServiceSpecificException:  (code 4)
02-15 13:00:32.662  2832  3783 E SemWifiLinkQualityMonitor: Too old or invalid TMI: currentTime=1771174832662 lastDateWindow=1771118498000
02-15 13:00:32.672  2832  5680 E SemWifiService: getCurrentNetworkScore - invalid score data
02-15 13:00:32.672  2832  5680 E WifiProfileShare.Caster: failed to generate qos array, need to check network score data
02-15 13:00:32.914  1855  1896 E HeatmapThread: ECT Thread time in milliseconds: 1771174832
02-15 13:00:32.916  1855  1896 E HeatmapThread: !@ CAM New BSOH: 100
02-15 13:00:32.968  2832  2938 E system_server: updateValue is called with a value 276591, which is lower than the previous value 276592
02-15 13:00:33.098  2832  3585 E WifiStaIfaceAidlImpl: getCachedScanData failed with service-specific exception: android.os.ServiceSpecificException:  (code 4)
02-15 13:00:33.914  1855  1896 E HeatmapThread: ECT Thread time in milliseconds: 1771174833
02-15 13:00:33.918  1855  1896 E HeatmapThread: !@Entered the read from path function
02-15 13:00:33.921  1855  1896 E HeatmapThread: !@Read Extended_heatmap from efs is: 18738 0 0 0 0 0 0 0 0 0 0 0 0 0 0 0 0 0 1222 0 0 0 0 0 0 0 0 0 0 0 0 0 0 0 0 0 1417 0 0 0 0 0 0 0 0 0 0 0 0 0 0 0 0 0 1454 0 0 0 0 0 0 0 0 0 0 0 0 0 0 0 0 0 1409 0 0 0 0 0 0 0 0 0 0 0 0 0 0 0 0 0 1445 0 0 0 0 0 0 0 0 0 0 0 0 0 0 0 0 0 1431 0 0 0 0 0 0 0 0 0 0 0 0 0 0 0 0 0 1336 0 0 0 0 0 0 0 0 0 0 0 0 0 0 0 0 0 1452 0 0 0 0 0 0 0 0 0 0 0 0 0 0 0 0 0 1462 0 0 0 0 0 0 0 0 0 0 0 0 0 0 0 0 0 1286 0 0 0 0 0 0 0 0 0 0 0 0 0 0 0 0 0 5718 0 0 0 0 0 0 0 0 0 0 0 0 0 0 0 0 0 6520 0 0 0 0 0 0 0 0 0 0 0 0 0 0 0 0 0 12756 0 0 0 0 0 0 0 0 0 0 0 0 0 0 0 0 0 12666 0 0 0 0 0 0 0 0 0 0 0 0 0 0 0 0 0 12937 0 0 0 0 0 0 0 0 0 0 0 0 0 0 0 0 0 12912 0 0 0 0 0 0 0 0 0 0 0 0 0 0 0 0 0 9872 0 0 0 0 0 0 0 0 0 0 0 0 0 0 0 0 0 3784 0 0 0 0 0 0 0 0 0 0 0 0 0 0 0 0 0 3092 0 0 0 0 0 0 0 0 0 0 0 0 0 0 0 0 0 2707 0 0 0 0 0 0 0 0 0 0 0 0 0 0 0 0 0 2480 0 0 0 0 0 0 0 0 0 0 0 0 0 0 0 0 0 293 0 0 0 0 0 0 0 0 0 0 0 0 0 0 0 0 0 368 0 0 0 0 0 0 0 0 0 0 0 0 0 0 0 0 0 297 0 0 0 0 0 0 0 0 0 0 0 0 0 0 0 0 0 240 0 0 0
02-15 13:00:33.921  1855  1896 E HeatmapThread: !@Write Extended Heatmap to efs is: 18738 0 0 0 0 0 0 0 0 0 0 0 0 0 0 0 0 0 1222 0 0 0 0 0 0 0 0 0 0 0 0 0 0 0 0 0 1417 0 0 0 0 0 0 0 0 0 0 0 0 0 0 0 0 0 1454 0 0 0 0 0 0 0 0 0 0 0 0 0 0 0 0 0 1409 0 0 0 0 0 0 0 0 0 0 0 0 0 0 0 0 0 1445 0 0 0 0 0 0 0 0 0 0 0 0 0 0 0 0 0 1431 0 0 0 0 0 0 0 0 0 0 0 0 0 0 0 0 0 1336 0 0 0 0 0 0 0 0 0 0 0 0 0 0 0 0 0 1452 0 0 0 0 0 0 0 0 0 0 0 0 0 0 0 0 0 1462 0 0 0 0 0 0 0 0 0 0 0 0 0 0 0 0 0 1286 0 0 0 0 0 0 0 0 0 0 0 0 0 0 0 0 0 5718 0 0 0 0 0 0 0 0 0 0 0 0 0 0 0 0 0 6521 0 0 0 0 0 0 0 0 0 0 0 0 0 0 0 0 0 12756 0 0 0 0 0 0 0 0 0 0 0 0 0 0 0 0 0 12666 0 0 0 0 0 0 0 0 0 0 0 0 0 0 0 0 0 12937 0 0 0 0 0 0 0 0 0 0 0 0 0 0 0 0 0 12912 0 0 0 0 0 0 0 0 0 0 0 0 0 0 0 0 0 9872 0 0 0 0 0 0 0 0 0 0 0 0 0 0 0 0 0 3784 0 0 0 0 0 0 0 0 0 0 0 0 0 0 0 0 0 3092 0 0 0 0 0 0 0 0 0 0 0 0 0 0 0 0 0 2707 0 0 0 0 0 0 0 0 0 0 0 0 0 0 0 0 0 2480 0 0 0 0 0 0 0 0 0 0 0 0 0 0 0 0 0 293 0 0 0 0 0 0 0 0 0 0 0 0 0 0 0 0 0 368 0 0 0 0 0 0 0 0 0 0 0 0 0 0 0 0 0 297 0 0 0 0 0 0 0 0 0 0 0 0 0 0 0 0 0 240 0 0 0 
02-15 13:00:33.922  1855  1896 E HeatmapThread: !@ CAM New BSOH: 100
02-15 13:00:34.914  1855  1896 E HeatmapThread: ECT Thread time in milliseconds: 1771174834
02-15 13:00:34.918  1855  1896 E HeatmapThread: !@ CAM New BSOH: 100
02-15 13:00:35.668  2832  3585 E WifiStaIfaceAidlImpl: getCachedScanData failed with service-specific exception: android.os.ServiceSpecificException:  (code 4)
02-15 13:00:35.673  2832  3783 E SemWifiLinkQualityMonitor: Too old or invalid TMI: currentTime=1771174835673 lastDateWindow=1771118498000
02-15 13:00:35.680  2832  5680 E SemWifiService: getCurrentNetworkScore - invalid score data
02-15 13:00:35.680  2832  5680 E WifiProfileShare.Caster: failed to generate qos array, need to check network score data
02-15 13:00:35.914  1855  1896 E HeatmapThread: ECT Thread time in milliseconds: 1771174835
02-15 13:00:35.918  1855  1896 E HeatmapThread: !@ CAM New BSOH: 100
02-15 13:00:36.914  1855  1896 E HeatmapThread: ECT Thread time in milliseconds: 1771174836
02-15 13:00:36.918  1855  1896 E HeatmapThread: !@ CAM New BSOH: 100
02-15 13:00:37.914  1855  1896 E HeatmapThread: ECT Thread time in milliseconds: 1771174837
02-15 13:00:37.918  1855  1896 E HeatmapThread: !@ CAM New BSOH: 100
02-15 13:00:38.680  2832  3585 E WifiStaIfaceAidlImpl: getCachedScanData failed with service-specific exception: android.os.ServiceSpecificException:  (code 4)
02-15 13:00:38.685  2832  3783 E SemWifiLinkQualityMonitor: Too old or invalid TMI: currentTime=1771174838685 lastDateWindow=1771118498000
02-15 13:00:38.914  1855  1896 E HeatmapThread: ECT Thread time in milliseconds: 1771174838
02-15 13:00:38.918  1855  1896 E HeatmapThread: !@ CAM New BSOH: 100
02-15 13:00:39.914  1855  1896 E HeatmapThread: ECT Thread time in milliseconds: 1771174839
02-15 13:00:39.919  1855  1896 E HeatmapThread: !@ CAM New BSOH: 100
02-15 13:00:40.914  1855  1896 E HeatmapThread: ECT Thread time in milliseconds: 1771174840
02-15 13:00:40.917  1855  1896 E HeatmapThread: !@ CAM New BSOH: 100
02-15 13:00:41.651  1842  1933 E ConversionHelperAidl: Function: parseAndSetVendorParameters Line: 94 Failed 
02-15 13:00:41.651  1842  1933 E ConversionHelperAidl: Function: parseAndSetVendorParameters Line: 94 Failed 
02-15 13:00:41.653  1842  2846 E ConversionHelperAidl: Function: parseAndSetVendorParameters Line: 94 Failed 
02-15 13:00:41.653  1842  2846 E ConversionHelperAidl: Function: parseAndSetVendorParameters Line: 94 Failed 
02-15 13:00:41.663  2832  7307 E SemContext.CaeProvider: setAttribute() : attribute is null!
02-15 13:00:41.663  2832  4047 E SensorService: BigData:Pakage) 5 already enabled. 
02-15 13:00:41.691  2832  3585 E WifiStaIfaceAidlImpl: getCachedScanData failed with service-specific exception: android.os.ServiceSpecificException:  (code 4)
02-15 13:00:41.695  2832  3783 E SemWifiLinkQualityMonitor: Too old or invalid TMI: currentTime=1771174841695 lastDateWindow=1771118498000
02-15 13:00:41.824  2832  4047 E SensorService: BigData:Pakage) 5 already disabled. 
02-15 13:00:41.914  1855  1896 E HeatmapThread: ECT Thread time in milliseconds: 1771174841
02-15 13:00:41.917  1855  1896 E HeatmapThread: !@ CAM New BSOH: 100
02-15 13:00:42.915  1855  1896 E HeatmapThread: ECT Thread time in milliseconds: 1771174842
02-15 13:00:42.918  1855  1896 E HeatmapThread: !@ CAM New BSOH: 100
02-15 13:00:43.012  2832  2915 E Watchdog: !@Sync: 3403 heap(MB): 148 / 167 FD: 1465 [2026-02-15 13:00:43.011]
02-15 13:00:43.914  1855  1896 E HeatmapThread: ECT Thread time in milliseconds: 1771174843
02-15 13:00:43.917  1855  1896 E HeatmapThread: !@ CAM New BSOH: 100
02-15 13:00:44.554  1874  4570 E HwcComposer: getLuts failed Status(-129, EX_TRANSACTION_FAILED): 'UNKNOWN_TRANSACTION: '
02-15 13:00:44.622 20144 20144 E SmWidget.Glance.ProgressDataRepository: updateProgressSizeArray
02-15 13:00:44.676  1814  1895 E BatteryDump: !@new_battery_dump : 4226,-160,100,100,81,322,302,344,322,0,325,346,0,Discharging,NO_CHARGING,None,Good,NONE,0,Normal,0,0,9300,0x40000000,0x10000,0x0,0,0,331,v0002,0000,0000,00000000,0,0,0,0,141,4242,8007,980,0,
02-15 13:00:44.702  2832  3585 E WifiStaIfaceAidlImpl: getCachedScanData failed with service-specific exception: android.os.ServiceSpecificException:  (code 4)
02-15 13:00:44.706  2832  3783 E SemWifiLinkQualityMonitor: Too old or invalid TMI: currentTime=1771174844706 lastDateWindow=1771118498000
02-15 13:00:44.914  1855  1896 E HeatmapThread: ECT Thread time in milliseconds: 1771174844
02-15 13:00:44.915  1855  1896 E HeatmapThread: !@ CAM New BSOH: 100
02-15 13:00:45.914  1855  1896 E HeatmapThread: ECT Thread time in milliseconds: 1771174845
02-15 13:00:45.917  1855  1896 E HeatmapThread: !@ CAM New BSOH: 100
02-15 13:00:46.914  1855  1896 E HeatmapThread: ECT Thread time in milliseconds: 1771174846
02-15 13:00:46.919  1855  1896 E HeatmapThread: !@ CAM New BSOH: 100
02-15 13:00:47.542  1772  2380 E SDM     : ScalarConfig::GetAIScaleSettingsInfo: AI Scaler Config for display 68 is not present
02-15 13:00:47.714  2832  3585 E WifiStaIfaceAidlImpl: getCachedScanData failed with service-specific exception: android.os.ServiceSpecificException:  (code 4)
02-15 13:00:47.718  2832  3783 E SemWifiLinkQualityMonitor: Too old or invalid TMI: currentTime=1771174847718 lastDateWindow=1771118498000
02-15 13:00:47.914  1855  1896 E HeatmapThread: ECT Thread time in milliseconds: 1771174847
02-15 13:00:47.916  1855  1896 E HeatmapThread: !@ CAM New BSOH: 100
02-15 13:00:48.026  1772  2380 E SDM     : ScalarConfig::GetAIScaleSettingsInfo: AI Scaler Config for display 68 is not present
02-15 13:00:48.042  1874  1874 E SurfaceFlinger: alpha changed 1.000 -> 0.000 - Surface(name=f27c2fc host.exp.exponent/host.exp.exponent.experience.ExperienceActivity)/@0x814df5f - animation-leash of window_animation#32423
02-15 13:00:48.042  1874  1874 E SurfaceFlinger: alpha changed 0.000 -> 0.000 - Surface(name=f27c2fc host.exp.exponent/host.exp.exponent.experience.ExperienceActivity)/@0x814df5f - animation-leash of window_animation#32423
02-15 13:00:48.056 29948 18479 E SamsungAccount: [FamilyGroupUtil] getCountryCodeListWithRegionMcc - no country code with region mcc
02-15 13:00:48.059  1874  1874 E SurfaceFlinger: alpha changed 1.000 -> 0.000 - Surface(name=7b9cbc8 InputMethod)/@0x836fb86 - animation-leash of insets_animation#32426
02-15 13:00:48.914  1855  1896 E HeatmapThread: ECT Thread time in milliseconds: 1771174848
02-15 13:00:48.919  1855  1896 E HeatmapThread: !@ CAM New BSOH: 100
02-15 13:00:49.045  2832  2913 E WindowManager: win=Window{f27c2fc u0 host.exp.exponent/host.exp.exponent.experience.ExperienceActivity EXITING} destroySurfaces: appStopped=false cleanupOnResume=false win.mWindowRemovalAllowed=true win.mRemoveOnExit=true win.mViewVisibility=0 caller=com.android.server.wm.WindowState.onExitAnimationDone:224 com.android.server.wm.WindowState.onAnimationFinished:161 com.android.server.wm.WindowContainer$$ExternalSyntheticLambda8.onAnimationFinished:3 com.android.server.wm.SurfaceAnimator$$ExternalSyntheticLambda0.onAnimationFinished:69 com.android.server.wm.LocalAnimationAdapter$$ExternalSyntheticLambda0.run:10 android.os.Handler.handleCallback:995 android.os.Handler.dispatchMessage:103 
02-15 13:00:49.914  1855  1896 E HeatmapThread: ECT Thread time in milliseconds: 1771174849
02-15 13:00:49.918  1855  1896 E HeatmapThread: !@ CAM New BSOH: 100
02-15 13:00:50.727  2832  3585 E WifiStaIfaceAidlImpl: getCachedScanData failed with service-specific exception: android.os.ServiceSpecificException:  (code 4)
02-15 13:00:50.731  2832  3783 E SemWifiLinkQualityMonitor: Too old or invalid TMI: currentTime=1771174850731 lastDateWindow=1771118498000
02-15 13:00:50.914  1855  1896 E HeatmapThread: ECT Thread time in milliseconds: 1771174850
02-15 13:00:50.917  1855  1896 E HeatmapThread: !@ CAM New BSOH: 100
02-15 13:00:51.045  1772  2380 E SDM     : ScalarConfig::GetAIScaleSettingsInfo: AI Scaler Config for display 68 is not present
02-15 13:00:51.684  1842  1933 E ConversionHelperAidl: Function: parseAndSetVendorParameters Line: 94 Failed 
02-15 13:00:51.685  1842  1933 E ConversionHelperAidl: Function: parseAndSetVendorParameters Line: 94 Failed 
02-15 13:00:51.686  1842   424 E ConversionHelperAidl: Function: parseAndSetVendorParameters Line: 94 Failed 
02-15 13:00:51.686  1842   424 E ConversionHelperAidl: Function: parseAndSetVendorParameters Line: 94 Failed 
02-15 13:00:51.914  1855  1896 E HeatmapThread: ECT Thread time in milliseconds: 1771174851
02-15 13:00:51.918  1855  1896 E HeatmapThread: !@ CAM New BSOH: 100
02-15 13:00:52.914  1855  1896 E HeatmapThread: ECT Thread time in milliseconds: 1771174852
02-15 13:00:52.918  1855  1896 E HeatmapThread: !@ CAM New BSOH: 100
02-15 13:00:53.739  2832  3585 E WifiStaIfaceAidlImpl: getCachedScanData failed with service-specific exception: android.os.ServiceSpecificException:  (code 4)
02-15 13:00:53.742  2832  3783 E SemWifiLinkQualityMonitor: Too old or invalid TMI: currentTime=1771174853742 lastDateWindow=1771118498000
02-15 13:00:53.914  1855  1896 E HeatmapThread: ECT Thread time in milliseconds: 1771174853
02-15 13:00:53.918  1855  1896 E HeatmapThread: !@ CAM New BSOH: 100
02-15 13:00:54.914  1855  1896 E HeatmapThread: ECT Thread time in milliseconds: 1771174854
02-15 13:00:54.918  1855  1896 E HeatmapThread: !@ CAM New BSOH: 100
02-15 13:00:55.914  1855  1896 E HeatmapThread: ECT Thread time in milliseconds: 1771174855
02-15 13:00:55.917  1855  1896 E HeatmapThread: !@ CAM New BSOH: 100
02-15 13:00:56.752  2832  3585 E WifiStaIfaceAidlImpl: getCachedScanData failed with service-specific exception: android.os.ServiceSpecificException:  (code 4)
02-15 13:00:56.756  2832  3783 E SemWifiLinkQualityMonitor: Too old or invalid TMI: currentTime=1771174856756 lastDateWindow=1771118498000
02-15 13:00:56.914  1855  1896 E HeatmapThread: ECT Thread time in milliseconds: 1771174856
02-15 13:00:56.918  1855  1896 E HeatmapThread: !@ CAM New BSOH: 100
02-15 13:00:57.914  1855  1896 E HeatmapThread: ECT Thread time in milliseconds: 1771174857
02-15 13:00:57.918  1855  1896 E HeatmapThread: !@ CAM New BSOH: 100
02-15 13:00:58.290   798   882 E perf_hint: Session ID too large, must fit 32-bit integer
02-15 13:00:58.293  1772  2380 E SDM     : ScalarConfig::GetAIScaleSettingsInfo: AI Scaler Config for display 68 is not present
02-15 13:00:58.374 29948 18479 E SamsungAccount: [FamilyGroupUtil] getCountryCodeListWithRegionMcc - no country code with region mcc
02-15 13:00:58.381  1874  1874 E SurfaceFlinger: alpha changed 1.000 -> 0.000 - Surface(name=7b9cbc8 InputMethod)/@0x836fb86 - animation-leash of insets_animation#32431
02-15 13:00:58.914  1855  1896 E HeatmapThread: ECT Thread time in milliseconds: 1771174858
02-15 13:00:58.917  1855  1896 E HeatmapThread: !@ CAM New BSOH: 100
02-15 13:00:59.589  1772  2380 E SDM     : ScalarConfig::GetAIScaleSettingsInfo: AI Scaler Config for display 68 is not present
02-15 13:00:59.678   798  8360 E unknown:ReactHost: Unhandled SoftException
02-15 13:00:59.678   798  8360 E unknown:ReactHost: com.facebook.react.bridge.ReactNoCrashSoftException: raiseSoftException(getOrCreateDestroyTask()): ReactHostImpl.invalidate()
02-15 13:00:59.678   798  8360 E unknown:ReactHost: 	at com.facebook.react.runtime.ReactHostImpl.raiseSoftException(r8-map-id-729244c2c702b12ab82c9b924bd7600a43848511c8bdcfc0f245ffcf2662a0e5:50)
02-15 13:00:59.678   798  8360 E unknown:ReactHost: 	at com.facebook.react.runtime.ReactHostImpl.getOrCreateDestroyTask(r8-map-id-729244c2c702b12ab82c9b924bd7600a43848511c8bdcfc0f245ffcf2662a0e5:10)
02-15 13:00:59.678   798  8360 E unknown:ReactHost: 	at com.facebook.react.runtime.ReactHostImpl.destroy$lambda$11(r8-map-id-729244c2c702b12ab82c9b924bd7600a43848511c8bdcfc0f245ffcf2662a0e5:26)
02-15 13:00:59.678   798  8360 E unknown:ReactHost: 	at com.facebook.react.runtime.ReactHostImpl.v(r8-map-id-729244c2c702b12ab82c9b924bd7600a43848511c8bdcfc0f245ffcf2662a0e5:1)
02-15 13:00:59.678   798  8360 E unknown:ReactHost: 	at com.facebook.react.runtime.K.call(r8-map-id-729244c2c702b12ab82c9b924bd7600a43848511c8bdcfc0f245ffcf2662a0e5:7)
02-15 13:00:59.678   798  8360 E unknown:ReactHost: 	at com.facebook.react.runtime.internal.bolts.Task$Companion.call$lambda$2(r8-map-id-729244c2c702b12ab82c9b924bd7600a43848511c8bdcfc0f245ffcf2662a0e5:6)
02-15 13:00:59.678   798  8360 E unknown:ReactHost: 	at com.facebook.react.runtime.internal.bolts.Task$Companion.b(r8-map-id-729244c2c702b12ab82c9b924bd7600a43848511c8bdcfc0f245ffcf2662a0e5:1)
02-15 13:00:59.678   798  8360 E unknown:ReactHost: 	at com.facebook.react.runtime.internal.bolts.g.run(r8-map-id-729244c2c702b12ab82c9b924bd7600a43848511c8bdcfc0f245ffcf2662a0e5:5)
02-15 13:00:59.678   798  8360 E unknown:ReactHost: 	at java.util.concurrent.ThreadPoolExecutor.runWorker(ThreadPoolExecutor.java:1156)
02-15 13:00:59.678   798  8360 E unknown:ReactHost: 	at java.util.concurrent.ThreadPoolExecutor$Worker.run(ThreadPoolExecutor.java:651)
02-15 13:00:59.678   798  8360 E unknown:ReactHost: 	at java.lang.Thread.run(Thread.java:1119)
02-15 13:00:59.681  2832  7307 E ActivityTaskManager: Background activity launch blocked! goo.gle/android-bal [callingPackage: host.exp.exponent; callingPackageTargetSdk: 36; callingUid: 10422; callingPid: 798; appSwitchState: 2; callingUidHasVisibleActivity: true; callingUidHasVisibleNotPinnedActivity: false; callingUidHasNonAppVisibleWindow: false; callingUidProcState: TOP; isCallingUidPersistentSystemProcess: false; allowBalExemptionForSystemProcess: false; intent: Intent { flg=0xc080000 xflg=0x4 cmp=host.exp.exponent/.experience.ExperienceActivity (has extras) }; callerApp: ProcessRecord{36e4fe7 798:host.exp.exponent/u0a422}; inVisibleTask: false; balAllowedByPiCreator: BSP.ALLOW_BAL; resultIfPiCreatorAllowsBal: BAL_BLOCK; callerStartMode: MODE_BACKGROUND_ACTIVITY_START_SYSTEM_DEFINED; hasRealCaller: true; isCallForResult: false; isPendingIntent: false; autoOptInReason: notPendingIntent; realCallingPackage: host.exp.exponent; realCallingPackageTargetSdk: 36; realCallingUid: 10422; realCallingPid: 798; realCallingUidHasVisibleActivity: true; realCallingUidHasVisibleNotPinnedActivity: false; realCallingUidHasNonAppVisibleWindow: false; realCallingUidProcState: TOP; isRealCallingUidPersistentSystemProcess: false; originatingPendingIntent: null; realCallerApp: ProcessRecord{36e4fe7 798:host.exp.exponent/u0a422}; realInVisibleTask: false; balAllowedByPiSender: BSP.ALLOW_BAL; resultIfPiSenderAllowsBal: BAL_BLOCK; realCallerStartMode: MODE_BACKGROUND_ACTIVITY_START_SYSTEM_DEFINED; balRequireOptInByPendingIntentCreator: true; balDontBringExistingBackgroundTaskStackToFg: true]
02-15 13:00:59.682  2832  7307 E ActivityTaskManager: Abort background activity starts from 10422
02-15 13:00:59.683  5009  5009 E pageboostd: Received HALT command code 2
02-15 13:00:59.684  2832  7095 E TaskPersister: File error accessing recents directory (directory doesn't exist?).
02-15 13:00:59.692   798   798 E unknown:ReactHost: Unhandled SoftException
02-15 13:00:59.692   798   798 E unknown:ReactHost: com.facebook.react.bridge.ReactNoCrashSoftException: raiseSoftException(callWithExistingReactInstance(callFunctionOnModule("RCTDeviceEventEmitter", "emit"))): Execute: reactInstance is null. Dropping work.
02-15 13:00:59.692   798   798 E unknown:ReactHost: 	at com.facebook.react.runtime.ReactHostImpl.raiseSoftException(r8-map-id-729244c2c702b12ab82c9b924bd7600a43848511c8bdcfc0f245ffcf2662a0e5:50)
02-15 13:00:59.692   798   798 E unknown:ReactHost: 	at com.facebook.react.runtime.ReactHostImpl.raiseSoftException$default(r8-map-id-729244c2c702b12ab82c9b924bd7600a43848511c8bdcfc0f245ffcf2662a0e5:6)
02-15 13:00:59.692   798   798 E unknown:ReactHost: 	at com.facebook.react.runtime.ReactHostImpl.callWithExistingReactInstance$lambda$31(r8-map-id-729244c2c702b12ab82c9b924bd7600a43848511c8bdcfc0f245ffcf2662a0e5:42)
02-15 13:00:59.692   798   798 E unknown:ReactHost: 	at com.facebook.react.runtime.ReactHostImpl.G(r8-map-id-729244c2c702b12ab82c9b924bd7600a43848511c8bdcfc0f245ffcf2662a0e5:1)
02-15 13:00:59.692   798   798 E unknown:ReactHost: 	at com.facebook.react.runtime.F.then(r8-map-id-729244c2c702b12ab82c9b924bd7600a43848511c8bdcfc0f245ffcf2662a0e5:7)
02-15 13:00:59.692   798   798 E unknown:ReactHost: 	at com.facebook.react.runtime.internal.bolts.Task$Companion.completeImmediately$lambda$3(r8-map-id-729244c2c702b12ab82c9b924bd7600a43848511c8bdcfc0f245ffcf2662a0e5:1)
02-15 13:00:59.692   798   798 E unknown:ReactHost: 	at com.facebook.react.runtime.internal.bolts.Task$Companion.e(r8-map-id-729244c2c702b12ab82c9b924bd7600a43848511c8bdcfc0f245ffcf2662a0e5:1)
02-15 13:00:59.692   798   798 E unknown:ReactHost: 	at com.facebook.react.runtime.internal.bolts.i.run(r8-map-id-729244c2c702b12ab82c9b924bd7600a43848511c8bdcfc0f245ffcf2662a0e5:7)
02-15 13:00:59.692   798   798 E unknown:ReactHost: 	at com.facebook.react.runtime.internal.bolts.Executors$ImmediateExecutor.execute(r8-map-id-729244c2c702b12ab82c9b924bd7600a43848511c8bdcfc0f245ffcf2662a0e5:6)
02-15 13:00:59.692   798   798 E unknown:ReactHost: 	at com.facebook.react.runtime.internal.bolts.Task$Companion.completeImmediately(r8-map-id-729244c2c702b12ab82c9b924bd7600a43848511c8bdcfc0f245ffcf2662a0e5:6)
02-15 13:00:59.692   798   798 E unknown:ReactHost: 	at com.facebook.react.runtime.internal.bolts.Task$Companion.access$completeImmediately(r8-map-id-729244c2c702b12ab82c9b924bd7600a43848511c8bdcfc0f245ffcf2662a0e5:1)
02-15 13:00:59.692   798   798 E unknown:ReactHost: 	at com.facebook.react.runtime.internal.bolts.Task.continueWith(r8-map-id-729244c2c702b12ab82c9b924bd7600a43848511c8bdcfc0f245ffcf2662a0e5:8)
02-15 13:00:59.692   798   798 E unknown:ReactHost: 	at com.facebook.react.runtime.internal.bolts.Task.continueWith$default(r8-map-id-729244c2c702b12ab82c9b924bd7600a43848511c8bdcfc0f245ffcf2662a0e5:7)
02-15 13:00:59.692   798   798 E unknown:ReactHost: 	at com.facebook.react.runtime.internal.bolts.Task.onSuccess$lambda$12(r8-map-id-729244c2c702b12ab82c9b924bd7600a43848511c8bdcfc0f245ffcf2662a0e5:38)
02-15 13:00:59.692   798   798 E unknown:ReactHost: 	at com.facebook.react.runtime.internal.bolts.Task.e(r8-map-id-729244c2c702b12ab82c9b924bd7600a43848511c8bdcfc0f245ffcf2662a0e5:1)
02-15 13:00:59.692   798   798 E unknown:ReactHost: 	at com.facebook.react.runtime.internal.bolts.c.then(r8-map-id-729244c2c702b12ab82c9b924bd7600a43848511c8bdcfc0f245ffcf2662a0e5:3)
02-15 13:00:59.692   798   798 E unknown:ReactHost: 	at com.facebook.react.runtime.internal.bolts.Task$Companion.completeAfterTask$lambda$5(r8-map-id-729244c2c702b12ab82c9b924bd7600a43848511c8bdcfc0f245ffcf2662a0e5:1)
02-15 13:00:59.692   798   798 E unknown:ReactHost: 	at com.facebook.react.runtime.internal.bolts.Task$Companion.a(r8-map-id-729244c2c702b12ab82c9b924bd7600a43848511c8bdcfc0f245ffcf2662a0e5:1)
02-15 13:00:59.692   798   798 E unknown:ReactHost: 	at com.facebook.react.runtime.internal.bolts.j.run(r8-map-id-729244c2c702b12ab82c9b924bd7600a43848511c8bdcfc0f245ffcf2662a0e5:7)
02-15 13:00:59.692   798   798 E unknown:ReactHost: 	at com.facebook.react.runtime.internal.bolts.Executors$ImmediateExecutor.execute(r8-map-id-729244c2c702b12ab82c9b924bd7600a43848511c8bdcfc0f245ffcf2662a0e5:6)
02-15 13:00:59.692   798   798 E unknown:ReactHost: 	at com.facebook.react.runtime.internal.bolts.Task$Companion.completeAfterTask(r8-map-id-729244c2c702b12ab82c9b924bd7600a43848511c8bdcfc0f245ffcf2662a0e5:6)
02-15 13:00:59.692   798   798 E unknown:ReactHost: 	at com.facebook.react.runtime.internal.bolts.Task$Companion.access$completeAfterTask(r8-map-id-729244c2c702b12ab82c9b924bd7600a43848511c8bdcfc0f245ffcf2662a0e5:1)
02-15 13:00:59.692   798   798 E unknown:ReactHost: 	at com.facebook.react.runtime.internal.bolts.Task.continueWithTask(r8-map-id-729244c2c702b12ab82c9b924bd7600a43848511c8bdcfc0f245ffcf2662a0e5:8)
02-15 13:00:59.692   798   798 E unknown:ReactHost: 	at com.facebook.react.runtime.internal.bolts.Task.onSuccess(r8-map-id-729244c2c702b12ab82c9b924bd7600a43848511c8bdcfc0f245ffcf2662a0e5:16)
02-15 13:00:59.692   798   798 E unknown:ReactHost: 	at com.facebook.react.runtime.ReactHostImpl.callWithExistingReactInstance(r8-map-id-729244c2c702b12ab82c9b924bd7600a43848511c8bdcfc0f245ffcf2662a0e5:14)
02-15 13:00:59.692   798   798 E unknown:ReactHost: 	at com.facebook.react.runtime.ReactHostImpl.callWithExistingReactInstance$default(r8-map-id-729244c2c702b12ab82c9b924bd7600a43848511c8bdcfc0f245ffcf2662a0e5:7)
02-15 13:00:59.692   798   798 E unknown:ReactHost: 	at com.facebook.react.runtime.ReactHostImpl.callFunctionOnModule$ReactAndroid_release(r8-map-id-729244c2c702b12ab82c9b924bd7600a43848511c8bdcfc0f245ffcf2662a0e5:55)
02-15 13:00:59.692   798   798 E unknown:ReactHost: 	at com.facebook.react.runtime.BridgelessReactContext.emitDeviceEvent(r8-map-id-729244c2c702b12ab82c9b924bd7600a43848511c8bdcfc0f245ffcf2662a0e5:20)
02-15 13:00:59.692   798   798 E unknown:ReactHost: 	at com.facebook.react.modules.appstate.AppStateModule.sendEvent(r8-map-id-729244c2c702b12ab82c9b924bd7600a43848511c8bdcfc0f245ffcf2662a0e5:15)
02-15 13:00:59.692   798   798 E unknown:ReactHost: 	at com.facebook.react.modules.appstate.AppStateModule.sendAppStateChangeEvent(r8-map-id-729244c2c702b12ab82c9b924bd7600a43848511c8bdcfc0f245ffcf2662a0e5:7)
02-15 13:00:59.692   798   798 E unknown:ReactHost: 	at com.facebook.react.modules.appstate.AppStateModule.onHostPause(r8-map-id-729244c2c702b12ab82c9b924bd7600a43848511c8bdcfc0f245ffcf2662a0e5:5)
02-15 13:00:59.692   798   798 E unknown:ReactHost: 	at com.facebook.react.bridge.ReactContext.onHostPause(r8-map-id-729244c2c702b12ab82c9b924bd7600a43848511c8bdcfc0f245ffcf2662a0e5:28)
02-15 13:00:59.692   798   798 E unknown:ReactHost: 	at com.facebook.react.runtime.ReactLifecycleStateManager.moveToOnHostDestroy(r8-map-id-729244c2c702b12ab82c9b924bd7600a43848511c8bdcfc0f245ffcf2662a0e5:39)
02-15 13:00:59.692   798   798 E unknown:ReactHost: 	at com.facebook.react.runtime.ReactHostImpl.getOrCreateDestroyTask$lambda$60(r8-map-id-729244c2c702b12ab82c9b924bd7600a43848511c8bdcfc0f245ffcf2662a0e5:103)
02-15 13:00:59.692   798   798 E unknown:ReactHost: 	at com.facebook.react.runtime.ReactHostImpl.x(r8-map-id-729244c2c702b12ab82c9b924bd7600a43848511c8bdcfc0f245ffcf2662a0e5:1)
02-15 13:00:59.692   798   798 E unknown:ReactHost: 	at com.facebook.react.runtime.z.then(r8-map-id-729244c2c702b12ab82c9b924bd7600a43848511c8bdcfc0f245ffcf2662a0e5:9)
02-15 13:00:59.692   798   798 E unknown:ReactHost: 	at com.facebook.react.runtime.internal.bolts.Task$Companion.completeAfterTask$lambda$5(r8-map-id-729244c2c702b12ab82c9b924bd7600a43848511c8bdcfc0f245ffcf2662a0e5:1)
02-15 13:00:59.692   798   798 E unknown:ReactHost: 	at com.facebook.react.runtime.internal.bolts.Task$Companion.a(r8-map-id-729244c2c702b12ab82c9b924bd7600a43848511c8bdcfc0f245ffcf2662a0e5:1)
02-15 13:00:59.692   798   798 E unknown:ReactHost: 	at com.facebook.react.runtime.internal.bolts.j.run(r8-map-id-729244c2c702b12ab82c9b924bd7600a43848511c8bdcfc0f245ffcf2662a0e5:7)
02-15 13:00:59.692   798   798 E unknown:ReactHost: 	at android.os.Handler.handleCallback(Handler.java:995)
02-15 13:00:59.692   798   798 E unknown:ReactHost: 	at android.os.Handler.dispatchMessage(Handler.java:103)
02-15 13:00:59.692   798   798 E unknown:ReactHost: 	at android.os.Looper.loopOnce(Looper.java:273)
02-15 13:00:59.692   798   798 E unknown:ReactHost: 	at android.os.Looper.loop(Looper.java:363)
02-15 13:00:59.692   798   798 E unknown:ReactHost: 	at android.app.ActivityThread.main(ActivityThread.java:10060)
02-15 13:00:59.692   798   798 E unknown:ReactHost: 	at java.lang.reflect.Method.invoke(Native Method)
02-15 13:00:59.692   798   798 E unknown:ReactHost: 	at com.android.internal.os.RuntimeInit$MethodAndArgsCaller.run(RuntimeInit.java:632)
02-15 13:00:59.692   798   798 E unknown:ReactHost: 	at com.android.internal.os.ZygoteInit.main(ZygoteInit.java:975)
02-15 13:00:59.702   798   798 E unknown:ReactNative: Tried to remove non-existent frame callback
02-15 13:00:59.702   798  8360 E unknown:SurfaceMountingManager: Stopping surface [11]
02-15 13:00:59.705   798   798 I ReactNative: [GESTURE HANDLER] Tearing down gesture handler registered for root view com.facebook.react.runtime.ReactSurfaceView{447e35b V.E...... ........ 0,0-1080,2340 #b}
02-15 13:00:59.706   798   798 E unknown:SurfaceMountingManager: Surface [11] was stopped on SurfaceMountingManager.
02-15 13:00:59.729   798  8360 E unknown:ReactNative: Tried to remove non-existent frame callback
02-15 13:00:59.730  1874  1874 E SurfaceFlinger: alpha changed 1.000 -> 0.000 - DimTransitionLayer for Surface(name=Task=4124)/@0x80a7934#32436
02-15 13:00:59.730  1874  1874 E SurfaceFlinger: alpha changed 0.000 -> 0.180 - DimTransitionLayer for Surface(name=Task=4124)/@0x80a7934#32436
02-15 13:00:59.736   798   883 E perf_hint: Session ID too large, must fit 32-bit integer
02-15 13:00:59.746 29948 18479 E SamsungAccount: [FamilyGroupUtil] getCountryCodeListWithRegionMcc - no country code with region mcc
02-15 13:00:59.754  1874  1874 E SurfaceFlinger: alpha changed 1.000 -> 0.000 - Surface(name=7b9cbc8 InputMethod)/@0x836fb86 - animation-leash of insets_animation#32437
02-15 13:00:59.760  2832  3585 E WifiStaIfaceAidlImpl: getCachedScanData failed with service-specific exception: android.os.ServiceSpecificException:  (code 4)
02-15 13:00:59.762  2832  3783 E SemWifiLinkQualityMonitor: Too old or invalid TMI: currentTime=1771174859762 lastDateWindow=1771118498000
02-15 13:00:59.888  1874  1874 E SurfaceFlinger: alpha changed 0.010 -> 0.000 - DimTransitionLayer for Surface(name=Task=4124)/@0x80a7934#32436
02-15 13:00:59.914  1855  1896 E HeatmapThread: ECT Thread time in milliseconds: 1771174859
02-15 13:00:59.916  1855  1896 E HeatmapThread: !@ CAM New BSOH: 100
02-15 13:01:00.003  3938  4156 E perf_hint: Session ID too large, must fit 32-bit integer
02-15 13:01:00.055  1874  1874 E SurfaceFlinger: alpha changed 1.000 -> 0.000 - Surface(name=e7a2eb1 host.exp.exponent/host.exp.exponent.experience.ExperienceActivity)/@0x62ff38c - animation-leash of window_animation#32438
02-15 13:01:00.055  1874  1874 E SurfaceFlinger: alpha changed 0.000 -> 0.000 - Surface(name=e7a2eb1 host.exp.exponent/host.exp.exponent.experience.ExperienceActivity)/@0x62ff38c - animation-leash of window_animation#32438
02-15 13:01:00.156  2832  2913 E WindowManager: win=Window{e7a2eb1 u0 host.exp.exponent/host.exp.exponent.experience.ExperienceActivity EXITING} destroySurfaces: appStopped=false cleanupOnResume=false win.mWindowRemovalAllowed=true win.mRemoveOnExit=true win.mViewVisibility=0 caller=com.android.server.wm.WindowState.onExitAnimationDone:224 com.android.server.wm.WindowState.onAnimationFinished:161 com.android.server.wm.WindowContainer$$ExternalSyntheticLambda8.onAnimationFinished:3 com.android.server.wm.SurfaceAnimator.cancelAnimation:17 com.android.server.wm.SurfaceAnimator.cancelAnimation:1 com.android.server.wm.WindowContainer.setParent:49 com.android.server.wm.WindowContainer.removeChild:17 
02-15 13:01:00.914  1855  1896 E HeatmapThread: ECT Thread time in milliseconds: 1771174860
02-15 13:01:00.918  1855  1896 E HeatmapThread: !@ CAM New BSOH: 100
02-15 13:01:01.725  1842  2846 E ConversionHelperAidl: Function: parseAndSetVendorParameters Line: 94 Failed 
02-15 13:01:01.725  1842  2846 E ConversionHelperAidl: Function: parseAndSetVendorParameters Line: 94 Failed 
02-15 13:01:01.727  1842  2846 E ConversionHelperAidl: Function: parseAndSetVendorParameters Line: 94 Failed 
02-15 13:01:01.728  1842  2846 E ConversionHelperAidl: Function: parseAndSetVendorParameters Line: 94 Failed 
02-15 13:01:01.914  1855  1896 E HeatmapThread: ECT Thread time in milliseconds: 1771174861
02-15 13:01:01.918  1855  1896 E HeatmapThread: !@ CAM New BSOH: 100
02-15 13:01:02.043   798   798 E o       : java.lang.NoSuchFieldException: No field numActivities in class Landroid/app/ActivityManager$RecentTaskInfo; (declaration of 'android.app.ActivityManager$RecentTaskInfo' appears in /system/framework/framework.jar)
02-15 13:01:02.770  2832  3585 E WifiStaIfaceAidlImpl: getCachedScanData failed with service-specific exception: android.os.ServiceSpecificException:  (code 4)
02-15 13:01:02.774  2832  3783 E SemWifiLinkQualityMonitor: Too old or invalid TMI: currentTime=1771174862774 lastDateWindow=1771118498000
02-15 13:01:02.914  1855  1896 E HeatmapThread: ECT Thread time in milliseconds: 1771174862
02-15 13:01:02.918  1855  1896 E HeatmapThread: !@ CAM New BSOH: 100
02-15 13:01:03.157  2832  7095 E TaskPersister: File error accessing recents directory (directory doesn't exist?).
02-15 13:01:03.914  1855  1896 E HeatmapThread: ECT Thread time in milliseconds: 1771174863
02-15 13:01:03.918  1855  1896 E HeatmapThread: !@ CAM New BSOH: 100
02-15 13:01:04.886  5009  5009 E pageboostd: Received HALT command code 2
02-15 13:01:04.886  1772  2380 E SDM     : ScalarConfig::GetAIScaleSettingsInfo: AI Scaler Config for display 68 is not present
02-15 13:01:04.900  5009  5009 E pageboostd: Received HALT command code 2
02-15 13:01:04.902  3938  4157 E perf_hint: Session ID too large, must fit 32-bit integer
02-15 13:01:04.905   798   882 E perf_hint: Session ID too large, must fit 32-bit integer
02-15 13:01:04.914  1855  1896 E HeatmapThread: ECT Thread time in milliseconds: 1771174864
02-15 13:01:04.915  1855  1896 E HeatmapThread: !@ CAM New BSOH: 100
02-15 13:01:04.919  1874  1874 E SurfaceFlinger: alpha changed 1.000 -> 0.000 - Task=4125#32441
02-15 13:01:04.919  1874  1874 E SurfaceFlinger: alpha changed 1.000 -> 0.000 - DimTransitionLayer for Surface(name=Task=4125)/@0x6a7c9db#32452
02-15 13:01:04.919  1874  1874 E SurfaceFlinger: alpha changed 0.000 -> 1.000 - Task=4125#32441
02-15 13:01:04.919  1874  1874 E SurfaceFlinger: alpha changed 0.000 -> 0.000 - DimTransitionLayer for Surface(name=Task=4125)/@0x6a7c9db#32452
02-15 13:01:04.922  1874  4869 E NativeCustomFrequencyManager: [NativeCFMS] BpCustomFrequencyManager::acquire()
02-15 13:01:04.930   798   882 E perf_hint: Session ID too large, must fit 32-bit integer
02-15 13:01:04.935  1874  1874 E SurfaceFlinger: alpha changed 0.000 -> 0.011 - DimTransitionLayer for Surface(name=Task=4125)/@0x6a7c9db#32452
02-15 13:01:04.938  5009  5009 E pageboostd: Received HALT command code 2
02-15 13:01:04.966 29948 18479 E SamsungAccount: [FamilyGroupUtil] getCountryCodeListWithRegionMcc - no country code with region mcc
02-15 13:01:04.969  1874  1874 E SurfaceFlinger: alpha changed 1.000 -> 0.000 - Surface(name=7b9cbc8 InputMethod)/@0x836fb86 - animation-leash of insets_animation#32461
02-15 13:01:05.389  2832  4188 E WindowManager: win=Window{828323e u0 host.exp.exponent/host.exp.exponent.experience.HomeActivity} destroySurfaces: appStopped=true cleanupOnResume=false win.mWindowRemovalAllowed=false win.mRemoveOnExit=false win.mViewVisibility=8 caller=com.android.server.wm.ActivityRecord.destroySurfaces:25 com.android.server.wm.ActivityRecord.activityStopped:192 com.android.server.wm.ActivityClientController.activityStopped:97 android.app.IActivityClientController$Stub.onTransact:740 com.android.server.wm.ActivityClientController.onTransact:1 android.os.Binder.execTransactInternal:1462 android.os.Binder.execTransact:1401 
02-15 13:01:05.792  2832  3585 E WifiStaIfaceAidlImpl: getCachedScanData failed with service-specific exception: android.os.ServiceSpecificException:  (code 4)
02-15 13:01:05.795  2832  3783 E SemWifiLinkQualityMonitor: Too old or invalid TMI: currentTime=1771174865795 lastDateWindow=1771118498000
02-15 13:01:05.914  1855  1896 E HeatmapThread: ECT Thread time in milliseconds: 1771174865
02-15 13:01:05.916  1855  1896 E HeatmapThread: !@ CAM New BSOH: 100
02-15 13:01:06.512   798   798 E g       : java.lang.RuntimeException: A TaskDescription's primary color should be opaque
02-15 13:01:06.516   798   905 E g       : Failed to emit event to JS
02-15 13:01:06.516   798   905 E g       : java.lang.NullPointerException
02-15 13:01:06.516   798   905 E g       : 	at Fi.o$f.d(r8-map-id-729244c2c702b12ab82c9b924bd7600a43848511c8bdcfc0f245ffcf2662a0e5:24)
02-15 13:01:06.516   798   905 E g       : 	at ji.g$e.onRemoteUpdateFinished(r8-map-id-729244c2c702b12ab82c9b924bd7600a43848511c8bdcfc0f245ffcf2662a0e5:100)
02-15 13:01:06.516   798   905 E g       : 	at expo.modules.updates.loader.LoaderTask.launchRemoteUpdateInBackground(r8-map-id-729244c2c702b12ab82c9b924bd7600a43848511c8bdcfc0f245ffcf2662a0e5:376)
02-15 13:01:06.516   798   905 E g       : 	at expo.modules.updates.loader.LoaderTask.launchRemoteUpdate(r8-map-id-729244c2c702b12ab82c9b924bd7600a43848511c8bdcfc0f245ffcf2662a0e5:58)
02-15 13:01:06.516   798   905 E g       : 	at expo.modules.updates.loader.LoaderTask.start(r8-map-id-729244c2c702b12ab82c9b924bd7600a43848511c8bdcfc0f245ffcf2662a0e5:192)
02-15 13:01:06.516   798   905 E g       : 	at ji.g.B(r8-map-id-729244c2c702b12ab82c9b924bd7600a43848511c8bdcfc0f245ffcf2662a0e5:34)
02-15 13:01:06.516   798   905 E g       : 	at ji.g.k(r8-map-id-729244c2c702b12ab82c9b924bd7600a43848511c8bdcfc0f245ffcf2662a0e5:1)
02-15 13:01:06.516   798   905 E g       : 	at ji.g$d.invokeSuspend(r8-map-id-729244c2c702b12ab82c9b924bd7600a43848511c8bdcfc0f245ffcf2662a0e5:45)
02-15 13:01:06.516   798   905 E g       : 	at kotlin.coroutines.jvm.internal.a.resumeWith(r8-map-id-729244c2c702b12ab82c9b924bd7600a43848511c8bdcfc0f245ffcf2662a0e5:12)
02-15 13:01:06.516   798   905 E g       : 	at Ok.c0.run(r8-map-id-729244c2c702b12ab82c9b924bd7600a43848511c8bdcfc0f245ffcf2662a0e5:129)
02-15 13:01:06.516   798   905 E g       : 	at Tk.l$a.run(r8-map-id-729244c2c702b12ab82c9b924bd7600a43848511c8bdcfc0f245ffcf2662a0e5:4)
02-15 13:01:06.516   798   905 E g       : 	at Vk.i.run(r8-map-id-729244c2c702b12ab82c9b924bd7600a43848511c8bdcfc0f245ffcf2662a0e5:3)
02-15 13:01:06.516   798   905 E g       : 	at Vk.a.e0(r8-map-id-729244c2c702b12ab82c9b924bd7600a43848511c8bdcfc0f245ffcf2662a0e5:1)
02-15 13:01:06.516   798   905 E g       : 	at Vk.a$c.b(r8-map-id-729244c2c702b12ab82c9b924bd7600a43848511c8bdcfc0f245ffcf2662a0e5:34)
02-15 13:01:06.516   798   905 E g       : 	at Vk.a$c.m(r8-map-id-729244c2c702b12ab82c9b924bd7600a43848511c8bdcfc0f245ffcf2662a0e5:29)
02-15 13:01:06.516   798   905 E g       : 	at Vk.a$c.run(r8-map-id-729244c2c702b12ab82c9b924bd7600a43848511c8bdcfc0f245ffcf2662a0e5:1)
02-15 13:01:06.522  2832  6488 E NotificationService: isPkgBlocked = true
02-15 13:01:06.522  2832  6488 E NotificationService: isRecordBlocked = false
02-15 13:01:06.522  2832  6488 E NotificationService: Suppressing notification from package host.exp.exponent by user request.
02-15 13:01:06.523   798   798 E g       : java.lang.RuntimeException: A TaskDescription's primary color should be opaque
02-15 13:01:06.525   798   798 E o       : java.lang.NoSuchFieldException: No field numActivities in class Landroid/app/ActivityManager$RecentTaskInfo; (declaration of 'android.app.ActivityManager$RecentTaskInfo' appears in /system/framework/framework.jar)
02-15 13:01:06.531   798   883 E perf_hint: Session ID too large, must fit 32-bit integer
02-15 13:01:06.536  1772  2380 E SDM     : ScalarConfig::GetAIScaleSettingsInfo: AI Scaler Config for display 68 is not present
02-15 13:01:06.571   798   882 E perf_hint: Session ID too large, must fit 32-bit integer
02-15 13:01:06.914  1855  1896 E HeatmapThread: ECT Thread time in milliseconds: 1771174866
02-15 13:01:06.916  1855  1896 E HeatmapThread: !@ CAM New BSOH: 100
02-15 13:01:07.527  1772  2380 E SDM     : ScalarConfig::GetAIScaleSettingsInfo: AI Scaler Config for display 68 is not present
02-15 13:01:07.914  1855  1896 E HeatmapThread: ECT Thread time in milliseconds: 1771174867
02-15 13:01:07.915  1855  1896 E HeatmapThread: !@ CAM New BSOH: 100
02-15 13:01:08.316   798  8905 I ReactNativeJS: Running "main" with {"rootTag":21,"initialProps":{"exp":{"initialUri":"exp://10.0.0.108:8081","shell":false,"manifestString":"{\"id\":\"ed183b68-2320-4004-9ff9-0c28074b35f3\",\"createdAt\":\"2026-02-15T17:01:06.248Z\",\"runtimeVersion\":\"exposdk:55.0.0\",\"launchAsset\":{\"key\":\"bundle\",\"contentType\":\"application\\/javascript\",\"url\":\"http:\\/\\/10.0.0.108:8081\\/index.ts.bundle?platform=android&dev=true&hot=false&lazy=true&transform.engine=hermes&transform.bytecode=1&transform.routerRoot=app&unstable_transformProfile=hermes-stable\"},\"assets\":[],\"metadata\":{},\"extra\":{\"eas\":{\"projectId\":\"your-project-id\"},\"expoClient\":{\"name\":\"MOVOPos\",\"slug\":\"movopos-mobile\",\"version\":\"1.0.0\",\"orientation\":\"portrait\",\"icon\":\".\\/assets\\/icon.png\",\"userInterfaceStyle\":\"light\",\"scheme\":\"movopos\",\"splash\":{\"image\":\".\\/assets\\/splash-icon.png\",\"resizeMode\":\"contain\",\"backgroundColor\":\"#1a73e8\",\"imageUrl\":\"http:\\/\\/10.0.0.108:8081\\/assets\\/.\\/assets\\/splash-icon.png\"},\"ios\":{\"supportsTablet\":true,\"bundleIdentifier\":\"com.movopos.app\",\"infoPlist\":{\"NSCameraUsageDescription\":\"MOVOPos necesita acceso a la cámara para escanear códigos de barras\",\"NSFaceIDUsageDescription\":\"MOVOPos usa Face ID para autenticación segura\",\"NSBluetoothAlwaysUsageDescription\":\"MOVOPos necesita Bluetooth para conectar con impresoras térmicas\",\"NSBluetoothPeripheralUsageDescription\":\"MOVOPos necesita Bluetooth para conectar con impresoras térmicas\",\"NSLocationWhenInUseUsageDescription\":\"MOVOPos usa tu ubicación para registrar el lugar de las ventas\"}},\"android\":{\"package\":\"com.movopos.app\",\"adaptiveIcon\":{\"foregroundImage\":\".\\/assets\\/adaptive-icon.png\",\"backgroundColor\":\"#1a73e8\",\"foregroundImageUrl\":\"http:\\/\\/10.0.0.108:8081\\/assets\\/.\\/assets\\/adaptive-icon.png\"},\"predictiveBackGestureEnabled\":false,\"permissions\":[\"CAMERA\",\"BLUETOOTH\",\"BLUETOOTH_ADMIN\",\"BLUETOOTH_CONNECT\",\"BLUETOOTH_SCAN\",\"ACCESS_FINE_LOCATION\",\"ACCESS_COARSE_LOCATION\",\"VIBRATE\",\"RECEIVE_BOOT_COMPLETED\",\"android.permission.CAMERA\",\"android.permission.RECORD_AUDIO\",\"android.permission.USE_BIOMETRIC\",\"android.permission.USE_FINGERPRINT\"]},\"web\":{\"favicon\":\".\\/assets\\/favicon.png\"},\"plugins\":[\"expo-secure-store\",[\"expo-camera\",{\"cameraPermission\":\"MOVOPos necesita acceso a la cámara para escanear códigos de barras\"}],[\"expo-local-authentication\",{\"faceIDPermission\":\"MOVOPos usa Face ID para autenticación segura\"}],\"expo-sharing\",\"expo-sqlite\",\"expo-web-browser\"],\"extra\":{\"eas\":{\"projectId\":\"your-project-id\"}},\"_internal\":{\"isDebug\":false,\"projectRoot\":\"C:\\\\Users\\\\Albin Rodriguez\\\\Documents\\\\movopos-mobile\",\"dynamicConfigPath\":{},\"staticConfigPath\":\"C:\\\\Users\\\\Albin Rodriguez\\\\Documents\\\\movopos-mobile\\\\app.json\",\"packageJsonPath\":\"C:\\\\Users\\\\Albin Rodriguez\\\\Documents\\\\movopos-mobile\\\\package.json\",\"pluginHistory\":{\"expo-secure-store\":{\"name\":\"expo-secure-store\",\"version\":\"55.0.5\"},\"expo-camera\":{\"name\":\"expo-camera\",\"version\":\"55.0.5\"},\"expo-local-authentication\":{\"name\":\"expo-local-authentication\",\"version\":\"55.0.5\"},\"expo-sharing\":{\"name\":\"expo-sharing\",\"version\":\"55.0.6\"},\"expo-sqlite\":{\"name\":\"expo-sqlite\",\"version\":\"55.0.5\"},\"expo-web-browser\":{\"name\":\"expo-web-browser\",\"version\":\"55.0.5\"}}},\"sdkVersion\":\"55.0.0\",\"platforms\":[\"ios\",\"android\",\"web\"],\"iconUrl\":\"http:\\/\\/10.0.0.108:8081\\/assets\\/.\\/assets\\/icon.png\",\"hostUri\":\"10.0.0.108:8081\"},\"expoGo\":{\"debuggerHost\":\"10.0.0.108:8081\",\"developer\":{\"tool\":\"expo-cli\",\"projectRoot\":\"C:\\\\Users\\\\Albin Rodriguez\\\\Documents\\\\movopos-mobile\"},\"packagerOpts\":{\"dev\":true},\"mainModuleName\":\"index.ts\"},\"scopeKey\":\"@anonymous\\/movopos-mobile-e2689c69-7360-43d2-8876-b732e94bf4ab\"},\"isVerified\":true}"}},"fabric":true}
02-15 13:01:08.468  1772  2380 E SDM     : ScalarConfig::GetAIScaleSettingsInfo: AI Scaler Config for display 68 is not present
02-15 13:01:08.485   798   798 I ReactNative: [GESTURE HANDLER] Initialize gesture handler for root view com.facebook.react.runtime.ReactSurfaceView{b331b77 V.E...... ......ID 0,0-1080,2340 #15}
02-15 13:01:08.500   798   883 E perf_hint: Session ID too large, must fit 32-bit integer
02-15 13:01:08.509   798   882 E perf_hint: Session ID too large, must fit 32-bit integer
02-15 13:01:08.512   798   883 E perf_hint: Session ID too large, must fit 32-bit integer
02-15 13:01:08.513   798   882 E perf_hint: Session ID too large, must fit 32-bit integer
02-15 13:01:08.551 29948 18479 E SamsungAccount: [FamilyGroupUtil] getCountryCodeListWithRegionMcc - no country code with region mcc
02-15 13:01:08.560  1874  1874 E SurfaceFlinger: alpha changed 1.000 -> 0.000 - Surface(name=7b9cbc8 InputMethod)/@0x836fb86 - animation-leash of insets_animation#32470
02-15 13:01:08.560   798   798 I ReactNative: [GESTURE HANDLER] Gesture handler is already enabled for a parent view
02-15 13:01:08.561   798   798 I ReactNative: [GESTURE HANDLER] Gesture handler is already enabled for a parent view
02-15 13:01:08.571   798  8905 W ReactNativeJS: InteractionManager has been deprecated and will be removed in a future release. Please refactor long tasks into smaller ones, and  use 'requestIdleCallback' instead.
02-15 13:01:08.802  2832  3585 E WifiStaIfaceAidlImpl: getCachedScanData failed with service-specific exception: android.os.ServiceSpecificException:  (code 4)
02-15 13:01:08.806  2832  3783 E SemWifiLinkQualityMonitor: Too old or invalid TMI: currentTime=1771174868806 lastDateWindow=1771118498000
02-15 13:01:08.812  2832  5680 E SemWifiService: getCurrentNetworkScore - invalid score data
02-15 13:01:08.812  2832  5680 E WifiProfileShare.Caster: failed to generate qos array, need to check network score data
02-15 13:01:08.894   798   798 I ReactNative: [GESTURE HANDLER] Gesture handler is already enabled for a parent view
02-15 13:01:08.894   798   798 I ReactNative: [GESTURE HANDLER] Gesture handler is already enabled for a parent view
02-15 13:01:08.895  2832  7095 E TaskPersister: File error accessing recents directory (directory doesn't exist?).
02-15 13:01:08.910  1772  2380 E SDM     : ScalarConfig::GetAIScaleSettingsInfo: AI Scaler Config for display 68 is not present
02-15 13:01:08.914  1855  1896 E HeatmapThread: ECT Thread time in milliseconds: 1771174868
02-15 13:01:08.915  1855  1896 E HeatmapThread: !@ CAM New BSOH: 100
02-15 13:01:09.527  1772  2380 E SDM     : ScalarConfig::GetAIScaleSettingsInfo: AI Scaler Config for display 68 is not present
02-15 13:01:09.914  1855  1896 E HeatmapThread: ECT Thread time in milliseconds: 1771174869
02-15 13:01:09.917  1855  1896 E HeatmapThread: !@ CAM New BSOH: 100
02-15 13:01:09.993 31046 31076 E ejpt    : (REDACTED) Trace %s timed out after %d ms. Complete trace: %s
02-15 13:01:09.993 31046 31076 E ejpt    : ejrb: 
02-15 13:01:09.993 31046 31076 E ejpt    : 	at tk_trace.Write StreamingSessionDebugData(Started After:0)
02-15 13:01:09.993 31046 31076 E ejpt    : 	at tk_trace.Update StreamingSessionDebugData(Started After:0)
02-15 13:01:09.993 31046 31076 E ejpt    : 	at tk_trace.SlidingPanel animator listener(Started After:0)
02-15 13:01:09.993 31046 31076 E ejpt    : 	Suppressed: ejra: 
02-15 13:01:09.993 31046 31076 E ejpt    : 		at tk_trace.DISCOVER_TNG_ACTION_UPLOAD_COMPLETE(unfinished)(Unknown Source:0)
02-15 13:01:09.993 31046 31076 E ejpt    : 		at tk_trace.SlidingPanel animator listener 0 ms(Unknown Source:0)
02-15 13:01:09.993 31046 31076 E ejpt    : 	Suppressed: ejra: 
02-15 13:01:09.993 31046 31076 E ejpt    : 		at tk_trace.DISCOVER_STREAMING_ACTION_PAYLOAD_SENT(unfinished)(Unknown Source:0)
02-15 13:01:09.993 31046 31076 E ejpt    : 		at tk_trace.SlidingPanel animator listener 0 ms(Unknown Source:0)
02-15 13:01:09.993 31046 31076 E ejpt    : 	Suppressed: ejra: 
02-15 13:01:09.993 31046 31076 E ejpt    : 		at tk_trace.DISCOVER_REQUEST_SENT(unfinished)(Unknown Source:0)
02-15 13:01:09.993 31046 31076 E ejpt    : 		at tk_trace.SlidingPanel animator listener 0 ms(Unknown Source:0)
02-15 13:01:09.993 31046 31076 E ejpt    : 	Suppressed: ejra: 
02-15 13:01:09.993 31046 31076 E ejpt    : 		at tk_trace.DISCOVER_TNG_ACTION_UPLOAD_REQUEST_START(unfinished)(Unknown Source:0)
02-15 13:01:09.993 31046 31076 E ejpt    : 		at tk_trace.SlidingPanel animator listener 0 ms(Unknown Source:0)
02-15 13:01:09.993 31046 31076 E ejpt    : 	Suppressed: ejra: 
02-15 13:01:09.993 31046 31076 E ejpt    : 		at tk_trace.DISCOVER_TNG_ACTION_UPLOAD_START(unfinished)(Unknown Source:0)
02-15 13:01:09.993 31046 31076 E ejpt    : 		at tk_trace.SlidingPanel animator listener 0 ms(Unknown Source:0)
02-15 13:01:09.993 31046 31076 E ejpt    : 	Suppressed: ejra: 
02-15 13:01:09.993 31046 31076 E ejpt    : 		at tk_trace.ACETONE_OVERLAY_TRANSITION_COMPLETE(unfinished)(Unknown Source:0)
02-15 13:01:09.993 31046 31076 E ejpt    : 		at tk_trace.SlidingPanel animator listener 0 ms(Unknown Source:0)
02-15 13:01:09.993 31046 31081 E ejpt    : (REDACTED) Trace %s timed out after %d ms. Complete trace: %s
02-15 13:01:09.993 31046 31081 E ejpt    : ejrb: 
02-15 13:01:09.993 31046 31081 E ejpt    : 	at tk_trace.Write CustomTabsAvailabilityData(Started After:23)
02-15 13:01:09.993 31046 31081 E ejpt    : 	at tk_trace.Update CustomTabsAvailabilityData(Started After:23)
02-15 13:01:09.993 31046 31081 E ejpt    : 	at tk_trace.UrlLaunchOptimizer#performLightPrewarming(Started After:23)
02-15 13:01:09.993 31046 31081 E ejpt    : 	at tk_trace.DiscoverStreamFragmentPeer#onFeedRendered(Started After:23)
02-15 13:01:09.993 31046 31081 E ejpt    : 	at tk_trace.OverlayBinder.setActivityState(Started After:0)
02-15 13:01:09.993 31046 31081 E ejpt    : 	at tk_trace.Invoking OverlayBinder(Started After:0)
02-15 13:01:09.993 31046 31081 E ejpt    : 	Suppressed: ejra: 
02-15 13:01:09.993 31046 31081 E ejpt    : 		at tk_trace.DISCOVER_ATF_RENDER_END(unfinished)(Unknown Source:0)
02-15 13:01:09.993 31046 31081 E ejpt    : 		at tk_trace.handleNewRenderableStream 12 ms(Unknown Source:0)
02-15 13:01:09.993 31046 31081 E ejpt    : 		at tk_trace.SubscriptionCallbacks.onNewData 12 ms(Unknown Source:0)
02-15 13:01:09.993 31046 31081 E ejpt    : 		at tk_trace.OverlayBinder.setActivityState 0 ms(Unknown Source:0)
02-15 13:01:09.993 31046 31081 E ejpt    : 		at tk_trace.Invoking OverlayBinder 0 ms(Unknown Source:0)
02-15 13:01:09.993 31046 31081 E ejpt    : 	Suppressed: ejra: 
02-15 13:01:09.993 31046 31081 E ejpt    : 		at tk_trace.DISCOVER_ATF_RENDER_START(unfinished)(Unknown Source:0)
02-15 13:01:09.993 31046 31081 E ejpt    : 		at tk_trace.handleNewRenderableStream 12 ms(Unknown Source:0)
02-15 13:01:09.993 31046 31081 E ejpt    : 		at tk_trace.SubscriptionCallbacks.onNewData 12 ms(Unknown Source:0)
02-15 13:01:09.993 31046 31081 E ejpt    : 		at tk_trace.OverlayBinder.setActivityState 0 ms(Unknown Source:0)
02-15 13:01:09.993 31046 31081 E ejpt    : 		at tk_trace.Invoking OverlayBinder 0 ms(Unknown Source:0)
02-15 13:01:09.993 31046 31081 E ejpt    : 	Suppressed: ejra: 
02-15 13:01:09.993 31046 31081 E ejpt    : 		at tk_trace.DISCOVER_CACHE_READ_END(unfinished)(Unknown Source:0)
02-15 13:01:09.993 31046 31081 E ejpt    : 		at tk_trace.RSDS.loadData 9 ms(Unknown Source:0)
02-15 13:01:09.993 31046 31081 E ejpt    : 		at tk_trace.DataSource loadData() 9 ms(Unknown Source:0)
02-15 13:01:09.993 31046 31081 E ejpt    : 		at tk_trace.OverlayBinder.setActivityState 0 ms(Unknown Source:0)
02-15 13:01:09.993 31046 31081 E ejpt    : 		at tk_trace.Invoking OverlayBinder 0 ms(Unknown Source:0)
02-15 13:01:09.993 31046 31081 E ejpt    : 	Suppressed: ejra: 
02-15 13:01:09.993 31046 31081 E ejpt    : 		at tk_trace.DISCOVER_CACHE_READ_START(unfinished)(Unknown Source:0)
02-15 13:01:09.993 31046 31081 E ejpt    : 		at tk_trace.RSDS.loadData 9 ms(Unknown Source:0)
02-15 13:01:09.993 31046 31081 E ejpt    : 		at tk_trace.DataSource loadData() 9 ms(Unknown Source:0)
02-15 13:01:09.993 31046 31081 E ejpt    : 		at tk_trace.OverlayBinder.setActivityState 0 ms(Unknown Source:0)
02-15 13:01:09.993 31046 31081 E ejpt    : 		at tk_trace.Invoking OverlayBinder 0 ms(Unknown Source:0)
02-15 13:01:09.993 31046 31524 E ejpt    : (REDACTED) Trace %s timed out after %d ms. Complete trace: %s
02-15 13:01:09.993 31046 31524 E ejpt    : ejrb: 
02-15 13:01:09.993 31046 31524 E ejpt    : 	at tk_trace.Query: SELECT response_data, write_ms FROM cache_table WHERE request_data=?(Started After:0)
02-15 13:01:09.993 31046 31524 E ejpt    : 	at tk_trace.Transaction(Started After:0)
02-15 13:01:09.993 31046 31524 E ejpt    : 	at tk_trace.PersistentByteStoreInstaller.storeDidFault(Started After:0)
02-15 13:01:09.994 31046 31080 E ejpt    : (REDACTED) Trace %s timed out after %d ms. Complete trace: %s
02-15 13:01:09.994 31046 31080 E ejpt    : ejrb: 
02-15 13:01:09.994 31046 31080 E ejpt    : 	at tk_trace.Update GoogleApp_AccountMenuDataStore(Started After:0)
02-15 13:01:09.994 31046 31080 E ejpt    : 	at tk_trace.OverlayBinder.setActivityState(Started After:0)
02-15 13:01:09.994 31046 31080 E ejpt    : 	at tk_trace.Invoking OverlayBinder(Started After:0)
02-15 13:01:09.994 31046 31077 E ejpt    : (REDACTED) Trace %s timed out after %d ms. Complete trace: %s
02-15 13:01:09.994 31046 31077 E ejpt    : ejrb: 
02-15 13:01:09.994 31046 31077 E ejpt    : 	at tk_trace.DISCOVER_STREAMING_CONNECTION_CLOSED (Timed Out)(Started After:6)
02-15 13:01:09.994 31046 31077 E ejpt    : 	at tk_trace.SlidingPanel animator listener(Started After:0)
02-15 13:01:09.994 31046 31077 E ejpt    : 	Suppressed: ejra: 
02-15 13:01:09.994 31046 31077 E ejpt    : 		at tk_trace.DISCOVER_STREAMING_CONNECTION_CLOSED(unfinished)(Unknown Source:0)
02-15 13:01:09.994 31046 31077 E ejpt    : 		at tk_trace.SlidingPanel animator listener 0 ms(Unknown Source:0)
02-15 13:01:09.994 31046 31077 E ejpt    : 	Suppressed: ejra: 
02-15 13:01:09.994 31046 31077 E ejpt    : 		at tk_trace.DISCOVER_TNG_ACTION_UPLOAD_REQUEST_COMPLETED(unfinished)(Unknown Source:0)
02-15 13:01:09.994 31046 31077 E ejpt    : 		at tk_trace.SlidingPanel animator listener 0 ms(Unknown Source:0)
02-15 13:01:09.994 31046 31077 E ejpt    : 	Suppressed: ejra: 
02-15 13:01:09.994 31046 31077 E ejpt    : 		at tk_trace.DISCOVER_RESPONSE_RECEIVED(unfinished)(Unknown Source:0)
02-15 13:01:09.994 31046 31077 E ejpt    : 		at tk_trace.SlidingPanel animator listener 0 ms(Unknown Source:0)
02-15 13:01:09.994 31046 31077 E ejpt    : 	Suppressed: ejra: 
02-15 13:01:09.994 31046 31077 E ejpt    : 		at tk_trace.DISCOVER_STREAMING_ACTION_PAYLOAD_ACKNOWLEDGED(unfinished)(Unknown Source:0)
02-15 13:01:09.994 31046 31077 E ejpt    : 		at tk_trace.SlidingPanel animator listener 0 ms(Unknown Source:0)
02-15 13:01:09.994 31046 31077 E ejpt    : 	Suppressed: ejra: 
02-15 13:01:09.994 31046 31077 E ejpt    : 		at tk_trace.DISCOVER_STREAMING_INITIALIZATION_ACKNOWLEDGED(unfinished)(Unknown Source:0)
02-15 13:01:09.994 31046 31077 E ejpt    : 		at tk_trace.SlidingPanel animator listener 0 ms(Unknown Source:0)
02-15 13:01:09.994 31046 31077 E ejpt    : 	Suppressed: ejra: 
02-15 13:01:09.994 31046 31077 E ejpt    : 		at tk_trace.DISCOVER_STREAMING_INITIALIZATION_SENT(unfinished)(Unknown Source:0)
02-15 13:01:09.994 31046 31077 E ejpt    : 		at tk_trace.SlidingPanel animator listener 0 ms(Unknown Source:0)
02-15 13:01:09.994 31046 31077 E ejpt    : 	Suppressed: ejra: 
02-15 13:01:09.994 31046 31077 E ejpt    : 		at tk_trace.DISCOVER_STREAMING_CONNECTION_START(unfinished)(Unknown Source:0)
02-15 13:01:09.994 31046 31077 E ejpt    : 		at tk_trace.SlidingPanel animator listener 0 ms(Unknown Source:0)
02-15 13:01:09.994 31046 31077 E ejpt    : 	Suppressed: ejra: 
02-15 13:01:09.994 31046 31077 E ejpt    : 		at tk_trace.GOOGLEAPP_PROMO_MANAGER_FETCH_START(unfinished)(Unknown Source:0)
02-15 13:01:09.994 31046 31077 E ejpt    : 		at tk_trace.PromoManagerDataServiceImplshowPromogettingPromotionContent 0 ms(Unknown Source:0)
02-15 13:01:09.994 31046 31077 E ejpt    : 		at tk_trace.PromoManagerDataServiceImplshowPromo 0 ms(Unknown Source:0)
02-15 13:01:09.994 31046 31077 E ejpt    : 		at tk_trace.PromoManagerDataServiceImplshowPromoOnTabTypeLoad 1 ms(Unknown Source:0)
02-15 13:01:09.994 31046 31077 E ejpt    : 		at tk_trace.SlidingPanel animator listener 0 ms(Unknown Source:0)
02-15 13:01:09.994 31046 31077 E ejpt    : 	Suppressed: ejra: 
02-15 13:01:09.994 31046 31077 E ejpt    : 		at tk_trace.DISCOVER_LAUNCH_FINISHED(unfinished)(Unknown Source:0)
02-15 13:01:09.994 31046 31077 E ejpt    : 		at tk_trace.SlidingPanel animator listener 0 ms(Unknown Source:0)
02-15 13:01:09.994 31046 31077 E ejpt    : 	Suppressed: ejra: 
02-15 13:01:09.994 31046 31077 E ejpt    : 		at tk_trace.DISCOVER_IMAGES_IN_VIEWPORT_LOAD_END(unfinished)(Unknown Source:0)
02-15 13:01:09.994 31046 31077 E ejpt    : 		at tk_trace.SlidingPanel animator listener 0 ms(Unknown Source:0)
02-15 13:01:09.994 31046 31077 E ejpt    : 	Suppressed: ejra: 
02-15 13:01:09.994 31046 31077 E ejpt    : 		at tk_trace.Suppressed exceptions exceeds the limit 10, additional unfinished spans will not be reported(Unknown Source:0)
02-15 13:01:10.914  1855  1896 E HeatmapThread: ECT Thread time in milliseconds: 1771174870
02-15 13:01:10.917  1855  1896 E HeatmapThread: !@ CAM New BSOH: 100
02-15 13:01:11.771  1842  2846 E ConversionHelperAidl: Function: parseAndSetVendorParameters Line: 94 Failed 
02-15 13:01:11.771  1842  2846 E ConversionHelperAidl: Function: parseAndSetVendorParameters Line: 94 Failed 
02-15 13:01:11.772  1842  2846 E ConversionHelperAidl: Function: parseAndSetVendorParameters Line: 94 Failed 
02-15 13:01:11.773  1842  2846 E ConversionHelperAidl: Function: parseAndSetVendorParameters Line: 94 Failed 
02-15 13:01:11.780  2832  7307 E SemContext.CaeProvider: setAttribute() : attribute is null!
02-15 13:01:11.780  2832  4188 E SensorService: BigData:Pakage) 5 already enabled. 
02-15 13:01:11.813  2832  3585 E WifiStaIfaceAidlImpl: getCachedScanData failed with service-specific exception: android.os.ServiceSpecificException:  (code 4)
02-15 13:01:11.819  2832  3783 E SemWifiLinkQualityMonitor: Too old or invalid TMI: currentTime=1771174871819 lastDateWindow=1771118498000
02-15 13:01:11.827  2832  5680 E SemWifiService: getCurrentNetworkScore - invalid score data
02-15 13:01:11.827  2832  5680 E WifiProfileShare.Caster: failed to generate qos array, need to check network score data
02-15 13:01:11.904  2832  6488 E SensorService: BigData:Pakage) 5 already disabled. 
02-15 13:01:11.914  1855  1896 E HeatmapThread: ECT Thread time in milliseconds: 1771174871
02-15 13:01:11.917  1855  1896 E HeatmapThread: !@ CAM New BSOH: 100
02-15 13:01:12.552  1772  2380 E SDM     : ScalarConfig::GetAIScaleSettingsInfo: AI Scaler Config for display 68 is not present
02-15 13:01:12.914  1855  1896 E HeatmapThread: ECT Thread time in milliseconds: 1771174872
02-15 13:01:12.918  1855  1896 E HeatmapThread: !@ CAM New BSOH: 100
02-15 13:01:13.001  1874  1874 E SurfaceFlinger: alpha changed 1.000 -> 0.000 - Surface(name=46faab8 host.exp.exponent/host.exp.exponent.experience.ExperienceActivity)/@0x2cfabc - animation-leash of window_animation#32471
02-15 13:01:13.001  1874  1874 E SurfaceFlinger: alpha changed 0.000 -> 0.000 - Surface(name=46faab8 host.exp.exponent/host.exp.exponent.experience.ExperienceActivity)/@0x2cfabc - animation-leash of window_animation#32471
02-15 13:01:13.015  2832  2915 E Watchdog: !@Sync: 3404 heap(MB): 126 / 167 FD: 1458 [2026-02-15 13:01:13.015]
02-15 13:01:13.018 29948 18479 E SamsungAccount: [FamilyGroupUtil] getCountryCodeListWithRegionMcc - no country code with region mcc
02-15 13:01:13.025  1874  1874 E SurfaceFlinger: alpha changed 1.000 -> 0.000 - Surface(name=7b9cbc8 InputMethod)/@0x836fb86 - animation-leash of insets_animation#32474
02-15 13:01:13.914  1855  1896 E HeatmapThread: ECT Thread time in milliseconds: 1771174873
02-15 13:01:13.918  1855  1896 E HeatmapThread: !@ CAM New BSOH: 100
02-15 13:01:13.993  2832  2913 E WindowManager: win=Window{46faab8 u0 host.exp.exponent/host.exp.exponent.experience.ExperienceActivity EXITING} destroySurfaces: appStopped=false cleanupOnResume=false win.mWindowRemovalAllowed=true win.mRemoveOnExit=true win.mViewVisibility=0 caller=com.android.server.wm.WindowState.onExitAnimationDone:224 com.android.server.wm.WindowState.onAnimationFinished:161 com.android.server.wm.WindowContainer$$ExternalSyntheticLambda8.onAnimationFinished:3 com.android.server.wm.SurfaceAnimator$$ExternalSyntheticLambda0.onAnimationFinished:69 com.android.server.wm.LocalAnimationAdapter$$ExternalSyntheticLambda0.run:10 android.os.Handler.handleCallback:995 android.os.Handler.dispatchMessage:103 
02-15 13:01:14.627  1874  4439 E HwcComposer: getLuts failed Status(-129, EX_TRANSACTION_FAILED): 'UNKNOWN_TRANSACTION: '
02-15 13:01:14.826  2832  3585 E WifiStaIfaceAidlImpl: getCachedScanData failed with service-specific exception: android.os.ServiceSpecificException:  (code 4)
02-15 13:01:14.830  2832  3783 E SemWifiLinkQualityMonitor: Too old or invalid TMI: currentTime=1771174874830 lastDateWindow=1771118498000
02-15 13:01:14.839  2832  5680 E SemWifiService: getCurrentNetworkScore - invalid score data
02-15 13:01:14.839  2832  5680 E WifiProfileShare.Caster: failed to generate qos array, need to check network score data
02-15 13:01:14.842  1814  1895 E BatteryDump: !@new_battery_dump : 4224,-199,100,100,81,322,302,344,322,0,339,340,0,Discharging,NO_CHARGING,None,Good,NONE,0,Normal,0,0,9300,0x40000000,0x10000,0x0,0,0,429,v0002,0000,0000,00000000,0,0,0,0,141,4241,7999,980,0,
02-15 13:01:14.914  1855  1896 E HeatmapThread: ECT Thread time in milliseconds: 1771174874
02-15 13:01:14.917  1855  1896 E HeatmapThread: !@ CAM New BSOH: 100
02-15 13:01:15.914  1855  1896 E HeatmapThread: ECT Thread time in milliseconds: 1771174875
02-15 13:01:15.919  1855  1896 E HeatmapThread: !@ CAM New BSOH: 100
02-15 13:01:16.002  1772  2380 E SDM     : ScalarConfig::GetAIScaleSettingsInfo: AI Scaler Config for display 68 is not present
02-15 13:01:16.914  1855  1896 E HeatmapThread: ECT Thread time in milliseconds: 1771174876
02-15 13:01:16.917  1855  1896 E HeatmapThread: !@ CAM New BSOH: 100
02-15 13:01:17.837  2832  3585 E WifiStaIfaceAidlImpl: getCachedScanData failed with service-specific exception: android.os.ServiceSpecificException:  (code 4)
02-15 13:01:17.839  2832  3783 E SemWifiLinkQualityMonitor: Too old or invalid TMI: currentTime=1771174877839 lastDateWindow=1771118498000
02-15 13:01:17.914  1855  1896 E HeatmapThread: ECT Thread time in milliseconds: 1771174877
02-15 13:01:17.918  1855  1896 E HeatmapThread: !@ CAM New BSOH: 100
02-15 13:01:18.914  1855  1896 E HeatmapThread: ECT Thread time in milliseconds: 1771174878
02-15 13:01:18.917  1855  1896 E HeatmapThread: !@ CAM New BSOH: 100
02-15 13:01:19.914  1855  1896 E HeatmapThread: ECT Thread time in milliseconds: 1771174879
02-15 13:01:19.919  1855  1896 E HeatmapThread: !@ CAM New BSOH: 100
02-15 13:01:20.847  2832  3585 E WifiStaIfaceAidlImpl: getCachedScanData failed with service-specific exception: android.os.ServiceSpecificException:  (code 4)
02-15 13:01:20.850  2832  3783 E SemWifiLinkQualityMonitor: Too old or invalid TMI: currentTime=1771174880850 lastDateWindow=1771118498000
02-15 13:01:20.914  1855  1896 E HeatmapThread: ECT Thread time in milliseconds: 1771174880
02-15 13:01:20.916  1855  1896 E HeatmapThread: !@ CAM New BSOH: 100
02-15 13:01:21.810  1842 27722 E ConversionHelperAidl: Function: parseAndSetVendorParameters Line: 94 Failed 
02-15 13:01:21.810  1842 27722 E ConversionHelperAidl: Function: parseAndSetVendorParameters Line: 94 Failed 
02-15 13:01:21.812  1842 27722 E ConversionHelperAidl: Function: parseAndSetVendorParameters Line: 94 Failed 
02-15 13:01:21.812  1842 27722 E ConversionHelperAidl: Function: parseAndSetVendorParameters Line: 94 Failed 
02-15 13:01:21.820  2832  7307 E SemContext.CaeProvider: setAttribute() : attribute is null!
02-15 13:01:21.821  2832  7307 E SensorService: BigData:Pakage) 5 already enabled. 
02-15 13:01:21.824  2832  7307 E SensorService: BigData:Pakage) 5 already disabled. 
02-15 13:01:21.914  1855  1896 E HeatmapThread: ECT Thread time in milliseconds: 1771174881
02-15 13:01:21.916  1855  1896 E HeatmapThread: !@ CAM New BSOH: 100
02-15 13:01:21.919  1776  1907 E PERFHAL-RESOURCEQS: PERFHAL-RESOURCEQS: AddAndApply() 159: Failed to apply optimization [10, 9]
02-15 13:01:22.914  1855  1896 E HeatmapThread: ECT Thread time in milliseconds: 1771174882
02-15 13:01:22.918  1855  1896 E HeatmapThread: !@ CAM New BSOH: 100
02-15 13:01:23.858  2832  3585 E WifiStaIfaceAidlImpl: getCachedScanData failed with service-specific exception: android.os.ServiceSpecificException:  (code 4)
02-15 13:01:23.861  2832  3783 E SemWifiLinkQualityMonitor: Too old or invalid TMI: currentTime=1771174883861 lastDateWindow=1771118498000
02-15 13:01:23.914  1855  1896 E HeatmapThread: ECT Thread time in milliseconds: 1771174883
02-15 13:01:23.918  1855  1896 E HeatmapThread: !@ CAM New BSOH: 100
02-15 13:01:23.971  2832  5680 E SemWifiService: getCurrentNetworkScore - invalid score data
02-15 13:01:23.971  2832  5680 E WifiProfileShare.Caster: failed to generate qos array, need to check network score data
02-15 13:01:24.914  1855  1896 E HeatmapThread: ECT Thread time in milliseconds: 1771174884
02-15 13:01:24.918  1855  1896 E HeatmapThread: !@ CAM New BSOH: 100
02-15 13:01:25.914  1855  1896 E HeatmapThread: ECT Thread time in milliseconds: 1771174885
02-15 13:01:25.917  1855  1896 E HeatmapThread: !@ CAM New BSOH: 100
02-15 13:01:26.872  2832  3585 E WifiStaIfaceAidlImpl: getCachedScanData failed with service-specific exception: android.os.ServiceSpecificException:  (code 4)
02-15 13:01:26.877  2832  3783 E SemWifiLinkQualityMonitor: Too old or invalid TMI: currentTime=1771174886877 lastDateWindow=1771118498000
02-15 13:01:26.914  1855  1896 E HeatmapThread: ECT Thread time in milliseconds: 1771174886
02-15 13:01:26.917  1855  1896 E HeatmapThread: !@ CAM New BSOH: 100
02-15 13:01:27.914  1855  1896 E HeatmapThread: ECT Thread time in milliseconds: 1771174887
02-15 13:01:27.920  1855  1896 E HeatmapThread: !@ CAM New BSOH: 100
02-15 13:01:28.914  1855  1896 E HeatmapThread: ECT Thread time in milliseconds: 1771174888
02-15 13:01:28.917  1855  1896 E HeatmapThread: !@ CAM New BSOH: 100
02-15 13:01:29.880  2832  3585 E WifiStaIfaceAidlImpl: getCachedScanData failed with service-specific exception: android.os.ServiceSpecificException:  (code 4)
02-15 13:01:29.884  2832  3783 E SemWifiLinkQualityMonitor: Too old or invalid TMI: currentTime=1771174889884 lastDateWindow=1771118498000
02-15 13:01:29.916  1855  1896 E HeatmapThread: ECT Thread time in milliseconds: 1771174889
02-15 13:01:29.917  1855  1896 E HeatmapThread: !@ CAM New BSOH: 100
02-15 13:01:30.914  1855  1896 E HeatmapThread: ECT Thread time in milliseconds: 1771174890
02-15 13:01:30.917  1855  1896 E HeatmapThread: !@ CAM New BSOH: 100
02-15 13:01:31.849  1842 23506 E ConversionHelperAidl: Function: parseAndSetVendorParameters Line: 94 Failed 
02-15 13:01:31.849  1842 23506 E ConversionHelperAidl: Function: parseAndSetVendorParameters Line: 94 Failed 
02-15 13:01:31.850  1842 23506 E ConversionHelperAidl: Function: parseAndSetVendorParameters Line: 94 Failed 
02-15 13:01:31.850  1842 23506 E ConversionHelperAidl: Function: parseAndSetVendorParameters Line: 94 Failed 
02-15 13:01:31.914  1855  1896 E HeatmapThread: ECT Thread time in milliseconds: 1771174891
02-15 13:01:31.917  1855  1896 E HeatmapThread: !@ CAM New BSOH: 100
02-15 13:01:32.726 31046  9149 E FirebaseMessaging: Default FirebaseApp has not been initialized. Skip logging event to GA.
02-15 13:01:32.894  2832  3585 E WifiStaIfaceAidlImpl: getCachedScanData failed with service-specific exception: android.os.ServiceSpecificException:  (code 4)
02-15 13:01:32.899  2832  3783 E SemWifiLinkQualityMonitor: Too old or invalid TMI: currentTime=1771174892899 lastDateWindow=1771118498000
02-15 13:01:32.914  1855  1896 E HeatmapThread: ECT Thread time in milliseconds: 1771174892
02-15 13:01:32.917  1855  1896 E HeatmapThread: !@ CAM New BSOH: 100
02-15 13:01:33.421  2832  3585 E WifiStaIfaceAidlImpl: getCachedScanData failed with service-specific exception: android.os.ServiceSpecificException:  (code 4)
02-15 13:01:33.914  1855  1896 E HeatmapThread: ECT Thread time in milliseconds: 1771174893
02-15 13:01:33.918  1855  1896 E HeatmapThread: !@Entered the read from path function
02-15 13:01:33.918  1855  1896 E HeatmapThread: !@Read Extended_heatmap from efs is: 18738 0 0 0 0 0 0 0 0 0 0 0 0 0 0 0 0 0 1222 0 0 0 0 0 0 0 0 0 0 0 0 0 0 0 0 0 1417 0 0 0 0 0 0 0 0 0 0 0 0 0 0 0 0 0 1454 0 0 0 0 0 0 0 0 0 0 0 0 0 0 0 0 0 1409 0 0 0 0 0 0 0 0 0 0 0 0 0 0 0 0 0 1445 0 0 0 0 0 0 0 0 0 0 0 0 0 0 0 0 0 1431 0 0 0 0 0 0 0 0 0 0 0 0 0 0 0 0 0 1336 0 0 0 0 0 0 0 0 0 0 0 0 0 0 0 0 0 1452 0 0 0 0 0 0 0 0 0 0 0 0 0 0 0 0 0 1462 0 0 0 0 0 0 0 0 0 0 0 0 0 0 0 0 0 1286 0 0 0 0 0 0 0 0 0 0 0 0 0 0 0 0 0 5718 0 0 0 0 0 0 0 0 0 0 0 0 0 0 0 0 0 6521 0 0 0 0 0 0 0 0 0 0 0 0 0 0 0 0 0 12756 0 0 0 0 0 0 0 0 0 0 0 0 0 0 0 0 0 12666 0 0 0 0 0 0 0 0 0 0 0 0 0 0 0 0 0 12937 0 0 0 0 0 0 0 0 0 0 0 0 0 0 0 0 0 12912 0 0 0 0 0 0 0 0 0 0 0 0 0 0 0 0 0 9872 0 0 0 0 0 0 0 0 0 0 0 0 0 0 0 0 0 3784 0 0 0 0 0 0 0 0 0 0 0 0 0 0 0 0 0 3092 0 0 0 0 0 0 0 0 0 0 0 0 0 0 0 0 0 2707 0 0 0 0 0 0 0 0 0 0 0 0 0 0 0 0 0 2480 0 0 0 0 0 0 0 0 0 0 0 0 0 0 0 0 0 293 0 0 0 0 0 0 0 0 0 0 0 0 0 0 0 0 0 368 0 0 0 0 0 0 0 0 0 0 0 0 0 0 0 0 0 297 0 0 0 0 0 0 0 0 0 0 0 0 0 0 0 0 0 240 0 0 0
02-15 13:01:33.919  1855  1896 E HeatmapThread: !@Write Extended Heatmap to efs is: 18738 0 0 0 0 0 0 0 0 0 0 0 0 0 0 0 0 0 1222 0 0 0 0 0 0 0 0 0 0 0 0 0 0 0 0 0 1417 0 0 0 0 0 0 0 0 0 0 0 0 0 0 0 0 0 1454 0 0 0 0 0 0 0 0 0 0 0 0 0 0 0 0 0 1409 0 0 0 0 0 0 0 0 0 0 0 0 0 0 0 0 0 1445 0 0 0 0 0 0 0 0 0 0 0 0 0 0 0 0 0 1431 0 0 0 0 0 0 0 0 0 0 0 0 0 0 0 0 0 1336 0 0 0 0 0 0 0 0 0 0 0 0 0 0 0 0 0 1452 0 0 0 0 0 0 0 0 0 0 0 0 0 0 0 0 0 1462 0 0 0 0 0 0 0 0 0 0 0 0 0 0 0 0 0 1286 0 0 0 0 0 0 0 0 0 0 0 0 0 0 0 0 0 5718 0 0 0 0 0 0 0 0 0 0 0 0 0 0 0 0 0 6522 0 0 0 0 0 0 0 0 0 0 0 0 0 0 0 0 0 12756 0 0 0 0 0 0 0 0 0 0 0 0 0 0 0 0 0 12666 0 0 0 0 0 0 0 0 0 0 0 0 0 0 0 0 0 12937 0 0 0 0 0 0 0 0 0 0 0 0 0 0 0 0 0 12912 0 0 0 0 0 0 0 0 0 0 0 0 0 0 0 0 0 9872 0 0 0 0 0 0 0 0 0 0 0 0 0 0 0 0 0 3784 0 0 0 0 0 0 0 0 0 0 0 0 0 0 0 0 0 3092 0 0 0 0 0 0 0 0 0 0 0 0 0 0 0 0 0 2707 0 0 0 0 0 0 0 0 0 0 0 0 0 0 0 0 0 2480 0 0 0 0 0 0 0 0 0 0 0 0 0 0 0 0 0 293 0 0 0 0 0 0 0 0 0 0 0 0 0 0 0 0 0 368 0 0 0 0 0 0 0 0 0 0 0 0 0 0 0 0 0 297 0 0 0 0 0 0 0 0 0 0 0 0 0 0 0 0 0 240 0 0 0 
02-15 13:01:33.920  1855  1896 E HeatmapThread: !@ CAM New BSOH: 100
02-15 13:01:34.914  1855  1896 E HeatmapThread: ECT Thread time in milliseconds: 1771174894
02-15 13:01:34.918  1855  1896 E HeatmapThread: !@ CAM New BSOH: 100
02-15 13:01:35.905  2832  3585 E WifiStaIfaceAidlImpl: getCachedScanData failed with service-specific exception: android.os.ServiceSpecificException:  (code 4)
02-15 13:01:35.909  2832  3783 E SemWifiLinkQualityMonitor: Too old or invalid TMI: currentTime=1771174895909 lastDateWindow=1771118498000
02-15 13:01:35.914  1855  1896 E HeatmapThread: ECT Thread time in milliseconds: 1771174895
02-15 13:01:35.918  1855  1896 E HeatmapThread: !@ CAM New BSOH: 100
02-15 13:01:36.914  1855  1896 E HeatmapThread: ECT Thread time in milliseconds: 1771174896
02-15 13:01:36.916  1855  1896 E HeatmapThread: !@ CAM New BSOH: 100
02-15 13:01:37.914  1855  1896 E HeatmapThread: ECT Thread time in milliseconds: 1771174897
02-15 13:01:37.918  1855  1896 E HeatmapThread: !@ CAM New BSOH: 100
02-15 13:01:38.914  1855  1896 E HeatmapThread: ECT Thread time in milliseconds: 1771174898
02-15 13:01:38.916  1855  1896 E HeatmapThread: !@ CAM New BSOH: 100
02-15 13:01:38.916  2832  3585 E WifiStaIfaceAidlImpl: getCachedScanData failed with service-specific exception: android.os.ServiceSpecificException:  (code 4)
02-15 13:01:38.919  2832  3783 E SemWifiLinkQualityMonitor: Too old or invalid TMI: currentTime=1771174898919 lastDateWindow=1771118498000
02-15 13:01:39.914  1855  1896 E HeatmapThread: ECT Thread time in milliseconds: 1771174899
02-15 13:01:39.920  1855  1896 E HeatmapThread: !@ CAM New BSOH: 100
02-15 13:01:40.914  1855  1896 E HeatmapThread: ECT Thread time in milliseconds: 1771174900
02-15 13:01:40.918  1855  1896 E HeatmapThread: !@ CAM New BSOH: 100
02-15 13:01:41.893  1842  1933 E ConversionHelperAidl: Function: parseAndSetVendorParameters Line: 94 Failed 
02-15 13:01:41.893  1842  1933 E ConversionHelperAidl: Function: parseAndSetVendorParameters Line: 94 Failed 
02-15 13:01:41.896  1842  1933 E ConversionHelperAidl: Function: parseAndSetVendorParameters Line: 94 Failed 
02-15 13:01:41.896  1842  1933 E ConversionHelperAidl: Function: parseAndSetVendorParameters Line: 94 Failed 
02-15 13:01:41.914  1855  1896 E HeatmapThread: ECT Thread time in milliseconds: 1771174901
02-15 13:01:41.918  1855  1896 E HeatmapThread: !@ CAM New BSOH: 100
02-15 13:01:41.928  2832  3585 E WifiStaIfaceAidlImpl: getCachedScanData failed with service-specific exception: android.os.ServiceSpecificException:  (code 4)
02-15 13:01:41.931  2832  3783 E SemWifiLinkQualityMonitor: Too old or invalid TMI: currentTime=1771174901931 lastDateWindow=1771118498000
02-15 13:01:42.914  1855  1896 E HeatmapThread: ECT Thread time in milliseconds: 1771174902
02-15 13:01:42.917  1855  1896 E HeatmapThread: !@ CAM New BSOH: 100
02-15 13:01:43.022  2832  2915 E Watchdog: !@Sync: 3405 heap(MB): 141 / 167 FD: 1460 [2026-02-15 13:01:43.022]
02-15 13:01:43.914  1855  1896 E HeatmapThread: ECT Thread time in milliseconds: 1771174903
02-15 13:01:43.919  1855  1896 E HeatmapThread: !@ CAM New BSOH: 100
02-15 13:01:44.686  1874  4439 E HwcComposer: getLuts failed Status(-129, EX_TRANSACTION_FAILED): 'UNKNOWN_TRANSACTION: '
02-15 13:01:44.914  1855  1896 E HeatmapThread: ECT Thread time in milliseconds: 1771174904
02-15 13:01:44.916  1855  1896 E HeatmapThread: !@ CAM New BSOH: 100
02-15 13:01:44.938  2832  3585 E WifiStaIfaceAidlImpl: getCachedScanData failed with service-specific exception: android.os.ServiceSpecificException:  (code 4)
02-15 13:01:44.944  2832  3783 E SemWifiLinkQualityMonitor: Too old or invalid TMI: currentTime=1771174904944 lastDateWindow=1771118498000
02-15 13:01:45.005  1814  1895 E BatteryDump: !@new_battery_dump : 4227,-217,100,100,81,321,302,336,321,0,340,336,0,Discharging,NO_CHARGING,None,Good,NONE,0,Normal,0,0,9300,0x40000000,0x10000,0x0,0,0,240,v0002,0000,0000,00000000,0,0,0,0,141,4240,7995,980,0,
02-15 13:01:45.914  1855  1896 E HeatmapThread: ECT Thread time in milliseconds: 1771174905
02-15 13:01:45.919  1855  1896 E HeatmapThread: !@ CAM New BSOH: 100
02-15 13:01:46.914  1855  1896 E HeatmapThread: ECT Thread time in milliseconds: 1771174906
02-15 13:01:46.916  1855  1896 E HeatmapThread: !@ CAM New BSOH: 100
02-15 13:01:47.914  1855  1896 E HeatmapThread: ECT Thread time in milliseconds: 1771174907
02-15 13:01:47.919  1855  1896 E HeatmapThread: !@ CAM New BSOH: 100
02-15 13:01:47.954  2832  3585 E WifiStaIfaceAidlImpl: getCachedScanData failed with service-specific exception: android.os.ServiceSpecificException:  (code 4)
02-15 13:01:47.957  2832  3783 E SemWifiLinkQualityMonitor: Too old or invalid TMI: currentTime=1771174907957 lastDateWindow=1771118498000
02-15 13:01:48.914  1855  1896 E HeatmapThread: ECT Thread time in milliseconds: 1771174908
02-15 13:01:48.918  1855  1896 E HeatmapThread: !@ CAM New BSOH: 100
02-15 13:01:49.306   798   883 E perf_hint: Session ID too large, must fit 32-bit integer
02-15 13:01:49.914  1855  1896 E HeatmapThread: ECT Thread time in milliseconds: 1771174909
02-15 13:01:49.919  1855  1896 E HeatmapThread: !@ CAM New BSOH: 100
02-15 13:01:50.914  1855  1896 E HeatmapThread: ECT Thread time in milliseconds: 1771174910
02-15 13:01:50.918  1855  1896 E HeatmapThread: !@ CAM New BSOH: 100
02-15 13:01:50.961  2832  3585 E WifiStaIfaceAidlImpl: getCachedScanData failed with service-specific exception: android.os.ServiceSpecificException:  (code 4)
02-15 13:01:50.963  2832  3783 E SemWifiLinkQualityMonitor: Too old or invalid TMI: currentTime=1771174910963 lastDateWindow=1771118498000
02-15 13:01:51.914  1855  1896 E HeatmapThread: ECT Thread time in milliseconds: 1771174911
02-15 13:01:51.918  1855  1896 E HeatmapThread: !@ CAM New BSOH: 100
02-15 13:01:51.933  1842  1933 E ConversionHelperAidl: Function: parseAndSetVendorParameters Line: 94 Failed 
02-15 13:01:51.934  1842  1933 E ConversionHelperAidl: Function: parseAndSetVendorParameters Line: 94 Failed 
02-15 13:01:51.936  1842 23506 E ConversionHelperAidl: Function: parseAndSetVendorParameters Line: 94 Failed 
02-15 13:01:51.936  1842 23506 E ConversionHelperAidl: Function: parseAndSetVendorParameters Line: 94 Failed 
02-15 13:01:52.914  1855  1896 E HeatmapThread: ECT Thread time in milliseconds: 1771174912
02-15 13:01:52.917  1855  1896 E HeatmapThread: !@ CAM New BSOH: 100
02-15 13:01:53.914  1855  1896 E HeatmapThread: ECT Thread time in milliseconds: 1771174913
02-15 13:01:53.918  1855  1896 E HeatmapThread: !@ CAM New BSOH: 100
02-15 13:01:53.971  2832  3585 E WifiStaIfaceAidlImpl: getCachedScanData failed with service-specific exception: android.os.ServiceSpecificException:  (code 4)
02-15 13:01:53.977  2832  3783 E SemWifiLinkQualityMonitor: Too old or invalid TMI: currentTime=1771174913977 lastDateWindow=1771118498000
02-15 13:01:54.914  1855  1896 E HeatmapThread: ECT Thread time in milliseconds: 1771174914
02-15 13:01:54.915  1855  1896 E HeatmapThread: !@ CAM New BSOH: 100
02-15 13:01:55.434  1772  2380 E SDM     : ScalarConfig::GetAIScaleSettingsInfo: AI Scaler Config for display 68 is not present
02-15 13:01:55.914  1855  1896 E HeatmapThread: ECT Thread time in milliseconds: 1771174915
02-15 13:01:55.917  1855  1896 E HeatmapThread: !@ CAM New BSOH: 100
02-15 13:01:56.914  1855  1896 E HeatmapThread: ECT Thread time in milliseconds: 1771174916
02-15 13:01:56.915  1855  1896 E HeatmapThread: !@ CAM New BSOH: 100
02-15 13:01:56.983  2832  3585 E WifiStaIfaceAidlImpl: getCachedScanData failed with service-specific exception: android.os.ServiceSpecificException:  (code 4)
02-15 13:01:56.988  2832  3783 E SemWifiLinkQualityMonitor: Too old or invalid TMI: currentTime=1771174916988 lastDateWindow=1771118498000
02-15 13:01:57.914  1855  1896 E HeatmapThread: ECT Thread time in milliseconds: 1771174917
02-15 13:01:57.916  1855  1896 E HeatmapThread: !@ CAM New BSOH: 100
02-15 13:01:58.914  1855  1896 E HeatmapThread: ECT Thread time in milliseconds: 1771174918
02-15 13:01:58.918  1855  1896 E HeatmapThread: !@ CAM New BSOH: 100
02-15 13:01:59.914  1855  1896 E HeatmapThread: ECT Thread time in milliseconds: 1771174919
02-15 13:01:59.917  1855  1896 E HeatmapThread: !@ CAM New BSOH: 100
02-15 13:01:59.997  2832  3585 E WifiStaIfaceAidlImpl: getCachedScanData failed with service-specific exception: android.os.ServiceSpecificException:  (code 4)
02-15 13:02:00.002  2832  3783 E SemWifiLinkQualityMonitor: Too old or invalid TMI: currentTime=1771174920002 lastDateWindow=1771118498000
02-15 13:02:00.027  1772  2380 E SDM     : ScalarConfig::GetAIScaleSettingsInfo: AI Scaler Config for display 68 is not present
02-15 13:02:00.914  1855  1896 E HeatmapThread: ECT Thread time in milliseconds: 1771174920
02-15 13:02:00.918  1855  1896 E HeatmapThread: !@ CAM New BSOH: 100
02-15 13:02:01.914  1855  1896 E HeatmapThread: ECT Thread time in milliseconds: 1771174921
02-15 13:02:01.917  1855  1896 E HeatmapThread: !@ CAM New BSOH: 100
02-15 13:02:01.975  1842 23506 E ConversionHelperAidl: Function: parseAndSetVendorParameters Line: 94 Failed 
02-15 13:02:01.975  1842 23506 E ConversionHelperAidl: Function: parseAndSetVendorParameters Line: 94 Failed 
02-15 13:02:01.977  1842 23506 E ConversionHelperAidl: Function: parseAndSetVendorParameters Line: 94 Failed 
02-15 13:02:01.978  1842 23506 E ConversionHelperAidl: Function: parseAndSetVendorParameters Line: 94 Failed 
02-15 13:02:02.914  1855  1896 E HeatmapThread: ECT Thread time in milliseconds: 1771174922
02-15 13:02:02.918  1855  1896 E HeatmapThread: !@ CAM New BSOH: 100
02-15 13:02:03.009  2832  3585 E WifiStaIfaceAidlImpl: getCachedScanData failed with service-specific exception: android.os.ServiceSpecificException:  (code 4)
02-15 13:02:03.012  2832  3783 E SemWifiLinkQualityMonitor: Too old or invalid TMI: currentTime=1771174923012 lastDateWindow=1771118498000
02-15 13:02:03.914  1855  1896 E HeatmapThread: ECT Thread time in milliseconds: 1771174923
02-15 13:02:03.917  1855  1896 E HeatmapThread: !@ CAM New BSOH: 100
02-15 13:02:04.914  1855  1896 E HeatmapThread: ECT Thread time in milliseconds: 1771174924
02-15 13:02:04.916  1855  1896 E HeatmapThread: !@ CAM New BSOH: 100
02-15 13:02:05.914  1855  1896 E HeatmapThread: ECT Thread time in milliseconds: 1771174925
02-15 13:02:05.918  1855  1896 E HeatmapThread: !@ CAM New BSOH: 100
02-15 13:02:06.018  2832  3585 E WifiStaIfaceAidlImpl: getCachedScanData failed with service-specific exception: android.os.ServiceSpecificException:  (code 4)
02-15 13:02:06.021  2832  3783 E SemWifiLinkQualityMonitor: Too old or invalid TMI: currentTime=1771174926021 lastDateWindow=1771118498000
02-15 13:02:06.914  1855  1896 E HeatmapThread: ECT Thread time in milliseconds: 1771174926
02-15 13:02:06.917  1855  1896 E HeatmapThread: !@ CAM New BSOH: 100
02-15 13:02:07.914  1855  1896 E HeatmapThread: ECT Thread time in milliseconds: 1771174927
02-15 13:02:07.918  1855  1896 E HeatmapThread: !@ CAM New BSOH: 100
02-15 13:02:08.914  1855  1896 E HeatmapThread: ECT Thread time in milliseconds: 1771174928
02-15 13:02:08.918  1855  1896 E HeatmapThread: !@ CAM New BSOH: 100
02-15 13:02:09.028  2832  3585 E WifiStaIfaceAidlImpl: getCachedScanData failed with service-specific exception: android.os.ServiceSpecificException:  (code 4)
02-15 13:02:09.032  2832  3783 E SemWifiLinkQualityMonitor: Too old or invalid TMI: currentTime=1771174929032 lastDateWindow=1771118498000
02-15 13:02:09.914  1855  1896 E HeatmapThread: ECT Thread time in milliseconds: 1771174929
02-15 13:02:09.918  1855  1896 E HeatmapThread: !@ CAM New BSOH: 100
02-15 13:02:10.914  1855  1896 E HeatmapThread: ECT Thread time in milliseconds: 1771174930
02-15 13:02:10.918  1855  1896 E HeatmapThread: !@ CAM New BSOH: 100
02-15 13:02:11.914  1855  1896 E HeatmapThread: ECT Thread time in milliseconds: 1771174931
02-15 13:02:11.918  1855  1896 E HeatmapThread: !@ CAM New BSOH: 100
02-15 13:02:12.014  1842 23506 E ConversionHelperAidl: Function: parseAndSetVendorParameters Line: 94 Failed 
02-15 13:02:12.014  1842 23506 E ConversionHelperAidl: Function: parseAndSetVendorParameters Line: 94 Failed 
02-15 13:02:12.017  1842 23506 E ConversionHelperAidl: Function: parseAndSetVendorParameters Line: 94 Failed 
02-15 13:02:12.017  1842 23506 E ConversionHelperAidl: Function: parseAndSetVendorParameters Line: 94 Failed 
02-15 13:02:12.039  2832  3585 E WifiStaIfaceAidlImpl: getCachedScanData failed with service-specific exception: android.os.ServiceSpecificException:  (code 4)
02-15 13:02:12.045  2832  3783 E SemWifiLinkQualityMonitor: Too old or invalid TMI: currentTime=1771174932045 lastDateWindow=1771118498000
02-15 13:02:12.914  1855  1896 E HeatmapThread: ECT Thread time in milliseconds: 1771174932
02-15 13:02:12.918  1855  1896 E HeatmapThread: !@ CAM New BSOH: 100
02-15 13:02:13.029  2832  2915 E Watchdog: !@Sync: 3406 heap(MB): 159 / 167 FD: 1460 [2026-02-15 13:02:13.029]
02-15 13:02:13.914  1855  1896 E HeatmapThread: ECT Thread time in milliseconds: 1771174933
02-15 13:02:13.918  1855  1896 E HeatmapThread: !@ CAM New BSOH: 100
02-15 13:02:14.764  1874  4439 E HwcComposer: getLuts failed Status(-129, EX_TRANSACTION_FAILED): 'UNKNOWN_TRANSACTION: '
02-15 13:02:14.914  1855  1896 E HeatmapThread: ECT Thread time in milliseconds: 1771174934
02-15 13:02:14.918  1855  1896 E HeatmapThread: !@ CAM New BSOH: 100
02-15 13:02:15.053  2832  3585 E WifiStaIfaceAidlImpl: getCachedScanData failed with service-specific exception: android.os.ServiceSpecificException:  (code 4)
02-15 13:02:15.057  2832  3783 E SemWifiLinkQualityMonitor: Too old or invalid TMI: currentTime=1771174935057 lastDateWindow=1771118498000
02-15 13:02:15.165  1814  1895 E BatteryDump: !@new_battery_dump : 4226,-214,100,100,81,320,303,332,320,0,334,332,0,Discharging,NO_CHARGING,None,Good,NONE,0,Normal,0,0,9300,0x40000000,0x10000,0x0,0,0,213,v0002,0000,0000,00000000,0,0,0,0,141,4240,7990,980,0,
02-15 13:02:15.914  1855  1896 E HeatmapThread: ECT Thread time in milliseconds: 1771174935
02-15 13:02:15.919  1855  1896 E HeatmapThread: !@ CAM New BSOH: 100
02-15 13:02:16.914  1855  1896 E HeatmapThread: ECT Thread time in milliseconds: 1771174936
02-15 13:02:16.919  1855  1896 E HeatmapThread: !@ CAM New BSOH: 100
02-15 13:02:17.914  1855  1896 E HeatmapThread: ECT Thread time in milliseconds: 1771174937
02-15 13:02:17.918  1855  1896 E HeatmapThread: !@ CAM New BSOH: 100
02-15 13:02:18.065  2832  3585 E WifiStaIfaceAidlImpl: getCachedScanData failed with service-specific exception: android.os.ServiceSpecificException:  (code 4)
02-15 13:02:18.068  2832  3783 E SemWifiLinkQualityMonitor: Too old or invalid TMI: currentTime=1771174938068 lastDateWindow=1771118498000
02-15 13:02:18.914  1855  1896 E HeatmapThread: ECT Thread time in milliseconds: 1771174938
02-15 13:02:18.917  1855  1896 E HeatmapThread: !@ CAM New BSOH: 100
02-15 13:02:19.914  1855  1896 E HeatmapThread: ECT Thread time in milliseconds: 1771174939
02-15 13:02:19.919  1855  1896 E HeatmapThread: !@ CAM New BSOH: 100
02-15 13:02:20.914  1855  1896 E HeatmapThread: ECT Thread time in milliseconds: 1771174940
02-15 13:02:20.917  1855  1896 E HeatmapThread: !@ CAM New BSOH: 100
02-15 13:02:21.076  2832  3585 E WifiStaIfaceAidlImpl: getCachedScanData failed with service-specific exception: android.os.ServiceSpecificException:  (code 4)
02-15 13:02:21.079  2832  3783 E SemWifiLinkQualityMonitor: Too old or invalid TMI: currentTime=1771174941079 lastDateWindow=1771118498000
02-15 13:02:21.914  1855  1896 E HeatmapThread: ECT Thread time in milliseconds: 1771174941
02-15 13:02:21.919  1855  1896 E HeatmapThread: !@ CAM New BSOH: 100
02-15 13:02:22.050  1842 27722 E ConversionHelperAidl: Function: parseAndSetVendorParameters Line: 94 Failed 
02-15 13:02:22.051  1842 27722 E ConversionHelperAidl: Function: parseAndSetVendorParameters Line: 94 Failed 
02-15 13:02:22.052  1842 27722 E ConversionHelperAidl: Function: parseAndSetVendorParameters Line: 94 Failed 
02-15 13:02:22.053  1842 27722 E ConversionHelperAidl: Function: parseAndSetVendorParameters Line: 94 Failed 
02-15 13:02:22.914  1855  1896 E HeatmapThread: ECT Thread time in milliseconds: 1771174942
02-15 13:02:22.918  1855  1896 E HeatmapThread: !@ CAM New BSOH: 100
02-15 13:02:23.914  1855  1896 E HeatmapThread: ECT Thread time in milliseconds: 1771174943
02-15 13:02:23.920  1855  1896 E HeatmapThread: !@ CAM New BSOH: 100
02-15 13:02:24.043  2832  5680 E SemWifiService: getCurrentNetworkScore - invalid score data
02-15 13:02:24.043  2832  5680 E WifiProfileShare.Caster: failed to generate qos array, need to check network score data
02-15 13:02:24.088  2832  3585 E WifiStaIfaceAidlImpl: getCachedScanData failed with service-specific exception: android.os.ServiceSpecificException:  (code 4)
02-15 13:02:24.091  2832  3783 E SemWifiLinkQualityMonitor: Too old or invalid TMI: currentTime=1771174944091 lastDateWindow=1771118498000
02-15 13:02:24.914  1855  1896 E HeatmapThread: ECT Thread time in milliseconds: 1771174944
02-15 13:02:24.918  1855  1896 E HeatmapThread: !@ CAM New BSOH: 100
02-15 13:02:25.914  1855  1896 E HeatmapThread: ECT Thread time in milliseconds: 1771174945
02-15 13:02:25.920  1855  1896 E HeatmapThread: !@ CAM New BSOH: 100
02-15 13:02:26.914  1855  1896 E HeatmapThread: ECT Thread time in milliseconds: 1771174946
02-15 13:02:26.918  1855  1896 E HeatmapThread: !@ CAM New BSOH: 100
02-15 13:02:27.099  2832  3585 E WifiStaIfaceAidlImpl: getCachedScanData failed with service-specific exception: android.os.ServiceSpecificException:  (code 4)
02-15 13:02:27.103  2832  3783 E SemWifiLinkQualityMonitor: Too old or invalid TMI: currentTime=1771174947103 lastDateWindow=1771118498000
02-15 13:02:27.914  1855  1896 E HeatmapThread: ECT Thread time in milliseconds: 1771174947
02-15 13:02:27.919  1855  1896 E HeatmapThread: !@ CAM New BSOH: 100
02-15 13:02:28.914  1855  1896 E HeatmapThread: ECT Thread time in milliseconds: 1771174948
02-15 13:02:28.918  1855  1896 E HeatmapThread: !@ CAM New BSOH: 100
02-15 13:02:29.914  1855  1896 E HeatmapThread: ECT Thread time in milliseconds: 1771174949
02-15 13:02:29.919  1855  1896 E HeatmapThread: !@ CAM New BSOH: 100
02-15 13:02:30.111  2832  3585 E WifiStaIfaceAidlImpl: getCachedScanData failed with service-specific exception: android.os.ServiceSpecificException:  (code 4)
02-15 13:02:30.115  2832  3783 E SemWifiLinkQualityMonitor: Too old or invalid TMI: currentTime=1771174950115 lastDateWindow=1771118498000
02-15 13:02:30.914  1855  1896 E HeatmapThread: ECT Thread time in milliseconds: 1771174950
02-15 13:02:30.918  1855  1896 E HeatmapThread: !@ CAM New BSOH: 100
02-15 13:02:31.914  1855  1896 E HeatmapThread: ECT Thread time in milliseconds: 1771174951
02-15 13:02:31.917  1855  1896 E HeatmapThread: !@ CAM New BSOH: 100
02-15 13:02:32.091  1842 27722 E ConversionHelperAidl: Function: parseAndSetVendorParameters Line: 94 Failed 
02-15 13:02:32.092  1842 27722 E ConversionHelperAidl: Function: parseAndSetVendorParameters Line: 94 Failed 
02-15 13:02:32.094  1842 27722 E ConversionHelperAidl: Function: parseAndSetVendorParameters Line: 94 Failed 
02-15 13:02:32.094  1842 27722 E ConversionHelperAidl: Function: parseAndSetVendorParameters Line: 94 Failed 
02-15 13:02:32.914  1855  1896 E HeatmapThread: ECT Thread time in milliseconds: 1771174952
02-15 13:02:32.918  1855  1896 E HeatmapThread: !@ CAM New BSOH: 100
02-15 13:02:33.125  2832  3585 E WifiStaIfaceAidlImpl: getCachedScanData failed with service-specific exception: android.os.ServiceSpecificException:  (code 4)
02-15 13:02:33.129  2832  3783 E SemWifiLinkQualityMonitor: Too old or invalid TMI: currentTime=1771174953129 lastDateWindow=1771118498000
02-15 13:02:33.914  1855  1896 E HeatmapThread: ECT Thread time in milliseconds: 1771174953
02-15 13:02:33.919  1855  1896 E HeatmapThread: !@Entered the read from path function
02-15 13:02:33.919  1855  1896 E HeatmapThread: !@Read Extended_heatmap from efs is: 18738 0 0 0 0 0 0 0 0 0 0 0 0 0 0 0 0 0 1222 0 0 0 0 0 0 0 0 0 0 0 0 0 0 0 0 0 1417 0 0 0 0 0 0 0 0 0 0 0 0 0 0 0 0 0 1454 0 0 0 0 0 0 0 0 0 0 0 0 0 0 0 0 0 1409 0 0 0 0 0 0 0 0 0 0 0 0 0 0 0 0 0 1445 0 0 0 0 0 0 0 0 0 0 0 0 0 0 0 0 0 1431 0 0 0 0 0 0 0 0 0 0 0 0 0 0 0 0 0 1336 0 0 0 0 0 0 0 0 0 0 0 0 0 0 0 0 0 1452 0 0 0 0 0 0 0 0 0 0 0 0 0 0 0 0 0 1462 0 0 0 0 0 0 0 0 0 0 0 0 0 0 0 0 0 1286 0 0 0 0 0 0 0 0 0 0 0 0 0 0 0 0 0 5718 0 0 0 0 0 0 0 0 0 0 0 0 0 0 0 0 0 6522 0 0 0 0 0 0 0 0 0 0 0 0 0 0 0 0 0 12756 0 0 0 0 0 0 0 0 0 0 0 0 0 0 0 0 0 12666 0 0 0 0 0 0 0 0 0 0 0 0 0 0 0 0 0 12937 0 0 0 0 0 0 0 0 0 0 0 0 0 0 0 0 0 12912 0 0 0 0 0 0 0 0 0 0 0 0 0 0 0 0 0 9872 0 0 0 0 0 0 0 0 0 0 0 0 0 0 0 0 0 3784 0 0 0 0 0 0 0 0 0 0 0 0 0 0 0 0 0 3092 0 0 0 0 0 0 0 0 0 0 0 0 0 0 0 0 0 2707 0 0 0 0 0 0 0 0 0 0 0 0 0 0 0 0 0 2480 0 0 0 0 0 0 0 0 0 0 0 0 0 0 0 0 0 293 0 0 0 0 0 0 0 0 0 0 0 0 0 0 0 0 0 368 0 0 0 0 0 0 0 0 0 0 0 0 0 0 0 0 0 297 0 0 0 0 0 0 0 0 0 0 0 0 0 0 0 0 0 240 0 0 0
02-15 13:02:33.919  1855  1896 E HeatmapThread: !@Write Extended Heatmap to efs is: 18738 0 0 0 0 0 0 0 0 0 0 0 0 0 0 0 0 0 1222 0 0 0 0 0 0 0 0 0 0 0 0 0 0 0 0 0 1417 0 0 0 0 0 0 0 0 0 0 0 0 0 0 0 0 0 1454 0 0 0 0 0 0 0 0 0 0 0 0 0 0 0 0 0 1409 0 0 0 0 0 0 0 0 0 0 0 0 0 0 0 0 0 1445 0 0 0 0 0 0 0 0 0 0 0 0 0 0 0 0 0 1431 0 0 0 0 0 0 0 0 0 0 0 0 0 0 0 0 0 1336 0 0 0 0 0 0 0 0 0 0 0 0 0 0 0 0 0 1452 0 0 0 0 0 0 0 0 0 0 0 0 0 0 0 0 0 1462 0 0 0 0 0 0 0 0 0 0 0 0 0 0 0 0 0 1286 0 0 0 0 0 0 0 0 0 0 0 0 0 0 0 0 0 5718 0 0 0 0 0 0 0 0 0 0 0 0 0 0 0 0 0 6523 0 0 0 0 0 0 0 0 0 0 0 0 0 0 0 0 0 12756 0 0 0 0 0 0 0 0 0 0 0 0 0 0 0 0 0 12666 0 0 0 0 0 0 0 0 0 0 0 0 0 0 0 0 0 12937 0 0 0 0 0 0 0 0 0 0 0 0 0 0 0 0 0 12912 0 0 0 0 0 0 0 0 0 0 0 0 0 0 0 0 0 9872 0 0 0 0 0 0 0 0 0 0 0 0 0 0 0 0 0 3784 0 0 0 0 0 0 0 0 0 0 0 0 0 0 0 0 0 3092 0 0 0 0 0 0 0 0 0 0 0 0 0 0 0 0 0 2707 0 0 0 0 0 0 0 0 0 0 0 0 0 0 0 0 0 2480 0 0 0 0 0 0 0 0 0 0 0 0 0 0 0 0 0 293 0 0 0 0 0 0 0 0 0 0 0 0 0 0 0 0 0 368 0 0 0 0 0 0 0 0 0 0 0 0 0 0 0 0 0 297 0 0 0 0 0 0 0 0 0 0 0 0 0 0 0 0 0 240 0 0 0 
02-15 13:02:33.919  1855  1896 E HeatmapThread: !@ CAM New BSOH: 100
02-15 13:02:34.914  1855  1896 E HeatmapThread: ECT Thread time in milliseconds: 1771174954
02-15 13:02:34.919  1855  1896 E HeatmapThread: !@ CAM New BSOH: 100
02-15 13:02:35.914  1855  1896 E HeatmapThread: ECT Thread time in milliseconds: 1771174955
02-15 13:02:35.918  1855  1896 E HeatmapThread: !@ CAM New BSOH: 100
02-15 13:02:36.139  2832  3585 E WifiStaIfaceAidlImpl: getCachedScanData failed with service-specific exception: android.os.ServiceSpecificException:  (code 4)
02-15 13:02:36.143  2832  3783 E SemWifiLinkQualityMonitor: Too old or invalid TMI: currentTime=1771174956143 lastDateWindow=1771118498000
02-15 13:02:36.914  1855  1896 E HeatmapThread: ECT Thread time in milliseconds: 1771174956
02-15 13:02:36.918  1855  1896 E HeatmapThread: !@ CAM New BSOH: 100
02-15 13:02:37.914  1855  1896 E HeatmapThread: ECT Thread time in milliseconds: 1771174957
02-15 13:02:37.918  1855  1896 E HeatmapThread: !@ CAM New BSOH: 100
02-15 13:02:38.914  1855  1896 E HeatmapThread: ECT Thread time in milliseconds: 1771174958
02-15 13:02:38.919  1855  1896 E HeatmapThread: !@ CAM New BSOH: 100
02-15 13:02:39.149  2832  3585 E WifiStaIfaceAidlImpl: getCachedScanData failed with service-specific exception: android.os.ServiceSpecificException:  (code 4)
02-15 13:02:39.153  2832  3783 E SemWifiLinkQualityMonitor: Too old or invalid TMI: currentTime=1771174959153 lastDateWindow=1771118498000
02-15 13:02:39.914  1855  1896 E HeatmapThread: ECT Thread time in milliseconds: 1771174959
02-15 13:02:39.919  1855  1896 E HeatmapThread: !@ CAM New BSOH: 100
02-15 13:02:40.914  1855  1896 E HeatmapThread: ECT Thread time in milliseconds: 1771174960
02-15 13:02:40.918  1855  1896 E HeatmapThread: !@ CAM New BSOH: 100
02-15 13:02:41.357  1772  2380 E SDM     : ScalarConfig::GetAIScaleSettingsInfo: AI Scaler Config for display 68 is not present
02-15 13:02:41.914  1855  1896 E HeatmapThread: ECT Thread time in milliseconds: 1771174961
02-15 13:02:41.917  1855  1896 E HeatmapThread: !@ CAM New BSOH: 100
02-15 13:02:42.132  1842  1933 E ConversionHelperAidl: Function: parseAndSetVendorParameters Line: 94 Failed 
02-15 13:02:42.133  1842  1933 E ConversionHelperAidl: Function: parseAndSetVendorParameters Line: 94 Failed 
02-15 13:02:42.134  1842 27722 E ConversionHelperAidl: Function: parseAndSetVendorParameters Line: 94 Failed 
02-15 13:02:42.135  1842 27722 E ConversionHelperAidl: Function: parseAndSetVendorParameters Line: 94 Failed 
02-15 13:02:42.159  2832  3585 E WifiStaIfaceAidlImpl: getCachedScanData failed with service-specific exception: android.os.ServiceSpecificException:  (code 4)
02-15 13:02:42.163  2832  3783 E SemWifiLinkQualityMonitor: Too old or invalid TMI: currentTime=1771174962163 lastDateWindow=1771118498000
02-15 13:02:42.914  1855  1896 E HeatmapThread: ECT Thread time in milliseconds: 1771174962
02-15 13:02:42.918  1855  1896 E HeatmapThread: !@ CAM New BSOH: 100
02-15 13:02:43.037  2832  2915 E Watchdog: !@Sync: 3407 heap(MB): 125 / 167 FD: 1457 [2026-02-15 13:02:43.037]
02-15 13:02:43.914  1855  1896 E HeatmapThread: ECT Thread time in milliseconds: 1771174963
02-15 13:02:43.917  1855  1896 E HeatmapThread: !@ CAM New BSOH: 100
02-15 13:02:44.817  1874  4439 E HwcComposer: getLuts failed Status(-129, EX_TRANSACTION_FAILED): 'UNKNOWN_TRANSACTION: '
02-15 13:02:44.918  1855  1896 E HeatmapThread: ECT Thread time in milliseconds: 1771174964
02-15 13:02:44.922  1855  1896 E HeatmapThread: !@ CAM New BSOH: 100
02-15 13:02:45.172  2832  3585 E WifiStaIfaceAidlImpl: getCachedScanData failed with service-specific exception: android.os.ServiceSpecificException:  (code 4)
02-15 13:02:45.176  2832  3783 E SemWifiLinkQualityMonitor: Too old or invalid TMI: currentTime=1771174965176 lastDateWindow=1771118498000
02-15 13:02:45.320  1814  1895 E BatteryDump: !@new_battery_dump : 4220,-324,100,100,81,319,303,331,319,0,333,331,0,Discharging,NO_CHARGING,None,Good,NONE,0,Normal,0,0,9300,0x40000000,0x10000,0x0,0,0,211,v0002,0000,0000,00000000,0,0,0,0,141,4239,7986,980,0,
02-15 13:02:45.914  1855  1896 E HeatmapThread: ECT Thread time in milliseconds: 1771174965
02-15 13:02:45.918  1855  1896 E HeatmapThread: !@ CAM New BSOH: 100
02-15 13:02:46.914  1855  1896 E HeatmapThread: ECT Thread time in milliseconds: 1771174966
02-15 13:02:46.917  1855  1896 E HeatmapThread: !@ CAM New BSOH: 100
02-15 13:02:47.914  1855  1896 E HeatmapThread: ECT Thread time in milliseconds: 1771174967
02-15 13:02:47.918  1855  1896 E HeatmapThread: !@ CAM New BSOH: 100
02-15 13:02:48.184  2832  3585 E WifiStaIfaceAidlImpl: getCachedScanData failed with service-specific exception: android.os.ServiceSpecificException:  (code 4)
02-15 13:02:48.186  2832  3783 E SemWifiLinkQualityMonitor: Too old or invalid TMI: currentTime=1771174968186 lastDateWindow=1771118498000
02-15 13:02:48.914  1855  1896 E HeatmapThread: ECT Thread time in milliseconds: 1771174968
02-15 13:02:48.916  1855  1896 E HeatmapThread: !@ CAM New BSOH: 100
02-15 13:02:49.914  1855  1896 E HeatmapThread: ECT Thread time in milliseconds: 1771174969
02-15 13:02:49.919  1855  1896 E HeatmapThread: !@ CAM New BSOH: 100
02-15 13:02:50.914  1855  1896 E HeatmapThread: ECT Thread time in milliseconds: 1771174970
02-15 13:02:50.918  1855  1896 E HeatmapThread: !@ CAM New BSOH: 100
02-15 13:02:51.194  2832  3585 E WifiStaIfaceAidlImpl: getCachedScanData failed with service-specific exception: android.os.ServiceSpecificException:  (code 4)
02-15 13:02:51.199  2832  3783 E SemWifiLinkQualityMonitor: Too old or invalid TMI: currentTime=1771174971199 lastDateWindow=1771118498000
02-15 13:02:51.914  1855  1896 E HeatmapThread: ECT Thread time in milliseconds: 1771174971
02-15 13:02:51.919  1855  1896 E HeatmapThread: !@ CAM New BSOH: 100
02-15 13:02:52.172  1842 27722 E ConversionHelperAidl: Function: parseAndSetVendorParameters Line: 94 Failed 
02-15 13:02:52.172  1842 27722 E ConversionHelperAidl: Function: parseAndSetVendorParameters Line: 94 Failed 
02-15 13:02:52.173  1842 27722 E ConversionHelperAidl: Function: parseAndSetVendorParameters Line: 94 Failed 
02-15 13:02:52.173  1842 27722 E ConversionHelperAidl: Function: parseAndSetVendorParameters Line: 94 Failed 
02-15 13:02:52.914  1855  1896 E HeatmapThread: ECT Thread time in milliseconds: 1771174972
02-15 13:02:52.919  1855  1896 E HeatmapThread: !@ CAM New BSOH: 100
02-15 13:02:53.914  1855  1896 E HeatmapThread: ECT Thread time in milliseconds: 1771174973
02-15 13:02:53.918  1855  1896 E HeatmapThread: !@ CAM New BSOH: 100
02-15 13:02:54.208  2832  3585 E WifiStaIfaceAidlImpl: getCachedScanData failed with service-specific exception: android.os.ServiceSpecificException:  (code 4)
02-15 13:02:54.212  2832  3783 E SemWifiLinkQualityMonitor: Too old or invalid TMI: currentTime=1771174974212 lastDateWindow=1771118498000
02-15 13:02:54.914  1855  1896 E HeatmapThread: ECT Thread time in milliseconds: 1771174974
02-15 13:02:54.919  1855  1896 E HeatmapThread: !@ CAM New BSOH: 100
02-15 13:02:55.914  1855  1896 E HeatmapThread: ECT Thread time in milliseconds: 1771174975
02-15 13:02:55.917  1855  1896 E HeatmapThread: !@ CAM New BSOH: 100
02-15 13:02:56.914  1855  1896 E HeatmapThread: ECT Thread time in milliseconds: 1771174976
02-15 13:02:56.920  1855  1896 E HeatmapThread: !@ CAM New BSOH: 100
02-15 13:02:57.222  2832  3585 E WifiStaIfaceAidlImpl: getCachedScanData failed with service-specific exception: android.os.ServiceSpecificException:  (code 4)
02-15 13:02:57.227  2832  3783 E SemWifiLinkQualityMonitor: Too old or invalid TMI: currentTime=1771174977227 lastDateWindow=1771118498000
02-15 13:02:57.914  1855  1896 E HeatmapThread: ECT Thread time in milliseconds: 1771174977
02-15 13:02:57.917  1855  1896 E HeatmapThread: !@ CAM New BSOH: 100
02-15 13:02:58.914  1855  1896 E HeatmapThread: ECT Thread time in milliseconds: 1771174978
02-15 13:02:58.918  1855  1896 E HeatmapThread: !@ CAM New BSOH: 100
02-15 13:02:59.914  1855  1896 E HeatmapThread: ECT Thread time in milliseconds: 1771174979
02-15 13:02:59.918  1855  1896 E HeatmapThread: !@ CAM New BSOH: 100
02-15 13:03:00.025  1772  2380 E SDM     : ScalarConfig::GetAIScaleSettingsInfo: AI Scaler Config for display 68 is not present
02-15 13:03:00.233  2832  3585 E WifiStaIfaceAidlImpl: getCachedScanData failed with service-specific exception: android.os.ServiceSpecificException:  (code 4)
02-15 13:03:00.236  2832  3783 E SemWifiLinkQualityMonitor: Too old or invalid TMI: currentTime=1771174980236 lastDateWindow=1771118498000
02-15 13:03:00.914  1855  1896 E HeatmapThread: ECT Thread time in milliseconds: 1771174980
02-15 13:03:00.918  1855  1896 E HeatmapThread: !@ CAM New BSOH: 100
02-15 13:03:01.914  1855  1896 E HeatmapThread: ECT Thread time in milliseconds: 1771174981
02-15 13:03:01.918  1855  1896 E HeatmapThread: !@ CAM New BSOH: 100
02-15 13:03:02.213  1842 27722 E ConversionHelperAidl: Function: parseAndSetVendorParameters Line: 94 Failed 
02-15 13:03:02.213  1842 27722 E ConversionHelperAidl: Function: parseAndSetVendorParameters Line: 94 Failed 
02-15 13:03:02.215  1842 27722 E ConversionHelperAidl: Function: parseAndSetVendorParameters Line: 94 Failed 
02-15 13:03:02.215  1842 27722 E ConversionHelperAidl: Function: parseAndSetVendorParameters Line: 94 Failed 
02-15 13:03:02.914  1855  1896 E HeatmapThread: ECT Thread time in milliseconds: 1771174982
02-15 13:03:02.918  1855  1896 E HeatmapThread: !@ CAM New BSOH: 100
02-15 13:03:03.247  2832  3585 E WifiStaIfaceAidlImpl: getCachedScanData failed with service-specific exception: android.os.ServiceSpecificException:  (code 4)
02-15 13:03:03.251  2832  3783 E SemWifiLinkQualityMonitor: Too old or invalid TMI: currentTime=1771174983251 lastDateWindow=1771118498000
02-15 13:03:03.914  1855  1896 E HeatmapThread: ECT Thread time in milliseconds: 1771174983
02-15 13:03:03.916  1855  1896 E HeatmapThread: !@ CAM New BSOH: 100
02-15 13:03:04.914  1855  1896 E HeatmapThread: ECT Thread time in milliseconds: 1771174984
02-15 13:03:04.918  1855  1896 E HeatmapThread: !@ CAM New BSOH: 100
02-15 13:03:05.914  1855  1896 E HeatmapThread: ECT Thread time in milliseconds: 1771174985
02-15 13:03:05.918  1855  1896 E HeatmapThread: !@ CAM New BSOH: 100
02-15 13:03:06.259  2832  3585 E WifiStaIfaceAidlImpl: getCachedScanData failed with service-specific exception: android.os.ServiceSpecificException:  (code 4)
02-15 13:03:06.262  2832  3783 E SemWifiLinkQualityMonitor: Too old or invalid TMI: currentTime=1771174986262 lastDateWindow=1771118498000
02-15 13:03:06.914  1855  1896 E HeatmapThread: ECT Thread time in milliseconds: 1771174986
02-15 13:03:06.918  1855  1896 E HeatmapThread: !@ CAM New BSOH: 100
02-15 13:03:07.914  1855  1896 E HeatmapThread: ECT Thread time in milliseconds: 1771174987
02-15 13:03:07.918  1855  1896 E HeatmapThread: !@ CAM New BSOH: 100
02-15 13:03:08.914  1855  1896 E HeatmapThread: ECT Thread time in milliseconds: 1771174988
02-15 13:03:08.917  1855  1896 E HeatmapThread: !@ CAM New BSOH: 100
02-15 13:03:09.272  2832  3585 E WifiStaIfaceAidlImpl: getCachedScanData failed with service-specific exception: android.os.ServiceSpecificException:  (code 4)
02-15 13:03:09.277  2832  3783 E SemWifiLinkQualityMonitor: Too old or invalid TMI: currentTime=1771174989277 lastDateWindow=1771118498000
02-15 13:03:09.914  1855  1896 E HeatmapThread: ECT Thread time in milliseconds: 1771174989
02-15 13:03:09.917  1855  1896 E HeatmapThread: !@ CAM New BSOH: 100
02-15 13:03:10.914  1855  1896 E HeatmapThread: ECT Thread time in milliseconds: 1771174990
02-15 13:03:10.917  1855  1896 E HeatmapThread: !@ CAM New BSOH: 100
02-15 13:03:11.914  1855  1896 E HeatmapThread: ECT Thread time in milliseconds: 1771174991
02-15 13:03:11.919  1855  1896 E HeatmapThread: !@ CAM New BSOH: 100
02-15 13:03:12.257  1842 27722 E ConversionHelperAidl: Function: parseAndSetVendorParameters Line: 94 Failed 
02-15 13:03:12.257  1842 27722 E ConversionHelperAidl: Function: parseAndSetVendorParameters Line: 94 Failed 
02-15 13:03:12.258  1842  1933 E ConversionHelperAidl: Function: parseAndSetVendorParameters Line: 94 Failed 
02-15 13:03:12.259  1842  1933 E ConversionHelperAidl: Function: parseAndSetVendorParameters Line: 94 Failed 
02-15 13:03:12.284  2832  3585 E WifiStaIfaceAidlImpl: getCachedScanData failed with service-specific exception: android.os.ServiceSpecificException:  (code 4)
02-15 13:03:12.289  2832  3783 E SemWifiLinkQualityMonitor: Too old or invalid TMI: currentTime=1771174992289 lastDateWindow=1771118498000
02-15 13:03:12.914  1855  1896 E HeatmapThread: ECT Thread time in milliseconds: 1771174992
02-15 13:03:12.918  1855  1896 E HeatmapThread: !@ CAM New BSOH: 100
02-15 13:03:13.041  2832  2915 E Watchdog: !@Sync: 3408 heap(MB): 135 / 167 FD: 1457 [2026-02-15 13:03:13.041]
02-15 13:03:13.914  1855  1896 E HeatmapThread: ECT Thread time in milliseconds: 1771174993
02-15 13:03:13.916  1855  1896 E HeatmapThread: !@ CAM New BSOH: 100
02-15 13:03:14.877  1874  4439 E HwcComposer: getLuts failed Status(-129, EX_TRANSACTION_FAILED): 'UNKNOWN_TRANSACTION: '
02-15 13:03:14.914  1855  1896 E HeatmapThread: ECT Thread time in milliseconds: 1771174994
02-15 13:03:14.916  1855  1896 E HeatmapThread: !@ CAM New BSOH: 100
02-15 13:03:15.297  2832  3585 E WifiStaIfaceAidlImpl: getCachedScanData failed with service-specific exception: android.os.ServiceSpecificException:  (code 4)
02-15 13:03:15.301  2832  3783 E SemWifiLinkQualityMonitor: Too old or invalid TMI: currentTime=1771174995301 lastDateWindow=1771118498000
02-15 13:03:15.473  1814  1895 E BatteryDump: !@new_battery_dump : 4223,-296,100,100,81,318,303,329,318,0,332,330,0,Discharging,NO_CHARGING,None,Good,NONE,0,Normal,0,0,9300,0x40000000,0x10000,0x0,0,0,211,v0002,0000,0000,00000000,0,0,0,0,141,4239,7983,980,0,
02-15 13:03:15.914  1855  1896 E HeatmapThread: ECT Thread time in milliseconds: 1771174995
02-15 13:03:15.919  1855  1896 E HeatmapThread: !@ CAM New BSOH: 100
02-15 13:03:16.914  1855  1896 E HeatmapThread: ECT Thread time in milliseconds: 1771174996
02-15 13:03:16.917  1855  1896 E HeatmapThread: !@ CAM New BSOH: 100
02-15 13:03:17.914  1855  1896 E HeatmapThread: ECT Thread time in milliseconds: 1771174997
02-15 13:03:17.919  1855  1896 E HeatmapThread: !@ CAM New BSOH: 100
02-15 13:03:18.307  2832  3585 E WifiStaIfaceAidlImpl: getCachedScanData failed with service-specific exception: android.os.ServiceSpecificException:  (code 4)
02-15 13:03:18.311  2832  3783 E SemWifiLinkQualityMonitor: Too old or invalid TMI: currentTime=1771174998311 lastDateWindow=1771118498000
02-15 13:03:18.914  1855  1896 E HeatmapThread: ECT Thread time in milliseconds: 1771174998
02-15 13:03:18.918  1855  1896 E HeatmapThread: !@ CAM New BSOH: 100
02-15 13:03:19.914  1855  1896 E HeatmapThread: ECT Thread time in milliseconds: 1771174999
02-15 13:03:19.919  1855  1896 E HeatmapThread: !@ CAM New BSOH: 100
02-15 13:03:20.914  1855  1896 E HeatmapThread: ECT Thread time in milliseconds: 1771175000
02-15 13:03:20.917  1855  1896 E HeatmapThread: !@ CAM New BSOH: 100
02-15 13:03:21.318  2832  3585 E WifiStaIfaceAidlImpl: getCachedScanData failed with service-specific exception: android.os.ServiceSpecificException:  (code 4)
02-15 13:03:21.323  2832  3783 E SemWifiLinkQualityMonitor: Too old or invalid TMI: currentTime=1771175001323 lastDateWindow=1771118498000
02-15 13:03:21.914  1855  1896 E HeatmapThread: ECT Thread time in milliseconds: 1771175001
02-15 13:03:21.918  1855  1896 E HeatmapThread: !@ CAM New BSOH: 100
02-15 13:03:22.296  1842 27722 E ConversionHelperAidl: Function: parseAndSetVendorParameters Line: 94 Failed 
02-15 13:03:22.296  1842 27722 E ConversionHelperAidl: Function: parseAndSetVendorParameters Line: 94 Failed 
02-15 13:03:22.297  1842 27722 E ConversionHelperAidl: Function: parseAndSetVendorParameters Line: 94 Failed 
02-15 13:03:22.298  1842 27722 E ConversionHelperAidl: Function: parseAndSetVendorParameters Line: 94 Failed 
02-15 13:03:22.914  1855  1896 E HeatmapThread: ECT Thread time in milliseconds: 1771175002
02-15 13:03:22.918  1855  1896 E HeatmapThread: !@ CAM New BSOH: 100
02-15 13:03:23.914  1855  1896 E HeatmapThread: ECT Thread time in milliseconds: 1771175003
02-15 13:03:23.919  1855  1896 E HeatmapThread: !@ CAM New BSOH: 100
02-15 13:03:24.116  2832  5680 E SemWifiService: getCurrentNetworkScore - invalid score data
02-15 13:03:24.117  2832  5680 E WifiProfileShare.Caster: failed to generate qos array, need to check network score data
02-15 13:03:24.334  2832  3585 E WifiStaIfaceAidlImpl: getCachedScanData failed with service-specific exception: android.os.ServiceSpecificException:  (code 4)
02-15 13:03:24.339  2832  3783 E SemWifiLinkQualityMonitor: Too old or invalid TMI: currentTime=1771175004339 lastDateWindow=1771118498000
02-15 13:03:24.914  1855  1896 E HeatmapThread: ECT Thread time in milliseconds: 1771175004
02-15 13:03:24.917  1855  1896 E HeatmapThread: !@ CAM New BSOH: 100
02-15 13:03:25.914  1855  1896 E HeatmapThread: ECT Thread time in milliseconds: 1771175005
02-15 13:03:25.918  1855  1896 E HeatmapThread: !@ CAM New BSOH: 100
02-15 13:03:26.914  1855  1896 E HeatmapThread: ECT Thread time in milliseconds: 1771175006
02-15 13:03:26.919  1855  1896 E HeatmapThread: !@ CAM New BSOH: 100
02-15 13:03:27.348  2832  3585 E WifiStaIfaceAidlImpl: getCachedScanData failed with service-specific exception: android.os.ServiceSpecificException:  (code 4)
02-15 13:03:27.353  2832  3783 E SemWifiLinkQualityMonitor: Too old or invalid TMI: currentTime=1771175007352 lastDateWindow=1771118498000
02-15 13:03:27.786  1772  2380 E SDM     : ScalarConfig::GetAIScaleSettingsInfo: AI Scaler Config for display 68 is not present
02-15 13:03:27.914  1855  1896 E HeatmapThread: ECT Thread time in milliseconds: 1771175007
02-15 13:03:27.917  1855  1896 E HeatmapThread: !@ CAM New BSOH: 100
02-15 13:03:28.914  1855  1896 E HeatmapThread: ECT Thread time in milliseconds: 1771175008
02-15 13:03:28.916  1855  1896 E HeatmapThread: !@ CAM New BSOH: 100
02-15 13:03:29.914  1855  1896 E HeatmapThread: ECT Thread time in milliseconds: 1771175009
02-15 13:03:29.918  1855  1896 E HeatmapThread: !@ CAM New BSOH: 100
02-15 13:03:30.361  2832  3585 E WifiStaIfaceAidlImpl: getCachedScanData failed with service-specific exception: android.os.ServiceSpecificException:  (code 4)
02-15 13:03:30.365  2832  3783 E SemWifiLinkQualityMonitor: Too old or invalid TMI: currentTime=1771175010365 lastDateWindow=1771118498000
02-15 13:03:30.914  1855  1896 E HeatmapThread: ECT Thread time in milliseconds: 1771175010
02-15 13:03:30.918  1855  1896 E HeatmapThread: !@ CAM New BSOH: 100
02-15 13:03:31.914  1855  1896 E HeatmapThread: ECT Thread time in milliseconds: 1771175011
02-15 13:03:31.918  1855  1896 E HeatmapThread: !@ CAM New BSOH: 100
02-15 13:03:32.337  1842 27722 E ConversionHelperAidl: Function: parseAndSetVendorParameters Line: 94 Failed 
02-15 13:03:32.337  1842 27722 E ConversionHelperAidl: Function: parseAndSetVendorParameters Line: 94 Failed 
02-15 13:03:32.339  1842 27722 E ConversionHelperAidl: Function: parseAndSetVendorParameters Line: 94 Failed 
02-15 13:03:32.339  1842 27722 E ConversionHelperAidl: Function: parseAndSetVendorParameters Line: 94 Failed 
02-15 13:03:32.914  1855  1896 E HeatmapThread: ECT Thread time in milliseconds: 1771175012
02-15 13:03:32.917  1855  1896 E HeatmapThread: !@ CAM New BSOH: 100
02-15 13:03:33.375  2832  3585 E WifiStaIfaceAidlImpl: getCachedScanData failed with service-specific exception: android.os.ServiceSpecificException:  (code 4)
02-15 13:03:33.380  2832  3783 E SemWifiLinkQualityMonitor: Too old or invalid TMI: currentTime=1771175013380 lastDateWindow=1771118498000
02-15 13:03:33.914  1855  1896 E HeatmapThread: ECT Thread time in milliseconds: 1771175013
02-15 13:03:33.918  1855  1896 E HeatmapThread: !@Entered the read from path function
02-15 13:03:33.918  1855  1896 E HeatmapThread: !@Read Extended_heatmap from efs is: 18738 0 0 0 0 0 0 0 0 0 0 0 0 0 0 0 0 0 1222 0 0 0 0 0 0 0 0 0 0 0 0 0 0 0 0 0 1417 0 0 0 0 0 0 0 0 0 0 0 0 0 0 0 0 0 1454 0 0 0 0 0 0 0 0 0 0 0 0 0 0 0 0 0 1409 0 0 0 0 0 0 0 0 0 0 0 0 0 0 0 0 0 1445 0 0 0 0 0 0 0 0 0 0 0 0 0 0 0 0 0 1431 0 0 0 0 0 0 0 0 0 0 0 0 0 0 0 0 0 1336 0 0 0 0 0 0 0 0 0 0 0 0 0 0 0 0 0 1452 0 0 0 0 0 0 0 0 0 0 0 0 0 0 0 0 0 1462 0 0 0 0 0 0 0 0 0 0 0 0 0 0 0 0 0 1286 0 0 0 0 0 0 0 0 0 0 0 0 0 0 0 0 0 5718 0 0 0 0 0 0 0 0 0 0 0 0 0 0 0 0 0 6523 0 0 0 0 0 0 0 0 0 0 0 0 0 0 0 0 0 12756 0 0 0 0 0 0 0 0 0 0 0 0 0 0 0 0 0 12666 0 0 0 0 0 0 0 0 0 0 0 0 0 0 0 0 0 12937 0 0 0 0 0 0 0 0 0 0 0 0 0 0 0 0 0 12912 0 0 0 0 0 0 0 0 0 0 0 0 0 0 0 0 0 9872 0 0 0 0 0 0 0 0 0 0 0 0 0 0 0 0 0 3784 0 0 0 0 0 0 0 0 0 0 0 0 0 0 0 0 0 3092 0 0 0 0 0 0 0 0 0 0 0 0 0 0 0 0 0 2707 0 0 0 0 0 0 0 0 0 0 0 0 0 0 0 0 0 2480 0 0 0 0 0 0 0 0 0 0 0 0 0 0 0 0 0 293 0 0 0 0 0 0 0 0 0 0 0 0 0 0 0 0 0 368 0 0 0 0 0 0 0 0 0 0 0 0 0 0 0 0 0 297 0 0 0 0 0 0 0 0 0 0 0 0 0 0 0 0 0 240 0 0 0
02-15 13:03:33.919  1855  1896 E HeatmapThread: !@Write Extended Heatmap to efs is: 18738 0 0 0 0 0 0 0 0 0 0 0 0 0 0 0 0 0 1222 0 0 0 0 0 0 0 0 0 0 0 0 0 0 0 0 0 1417 0 0 0 0 0 0 0 0 0 0 0 0 0 0 0 0 0 1454 0 0 0 0 0 0 0 0 0 0 0 0 0 0 0 0 0 1409 0 0 0 0 0 0 0 0 0 0 0 0 0 0 0 0 0 1445 0 0 0 0 0 0 0 0 0 0 0 0 0 0 0 0 0 1431 0 0 0 0 0 0 0 0 0 0 0 0 0 0 0 0 0 1336 0 0 0 0 0 0 0 0 0 0 0 0 0 0 0 0 0 1452 0 0 0 0 0 0 0 0 0 0 0 0 0 0 0 0 0 1462 0 0 0 0 0 0 0 0 0 0 0 0 0 0 0 0 0 1286 0 0 0 0 0 0 0 0 0 0 0 0 0 0 0 0 0 5718 0 0 0 0 0 0 0 0 0 0 0 0 0 0 0 0 0 6524 0 0 0 0 0 0 0 0 0 0 0 0 0 0 0 0 0 12756 0 0 0 0 0 0 0 0 0 0 0 0 0 0 0 0 0 12666 0 0 0 0 0 0 0 0 0 0 0 0 0 0 0 0 0 12937 0 0 0 0 0 0 0 0 0 0 0 0 0 0 0 0 0 12912 0 0 0 0 0 0 0 0 0 0 0 0 0 0 0 0 0 9872 0 0 0 0 0 0 0 0 0 0 0 0 0 0 0 0 0 3784 0 0 0 0 0 0 0 0 0 0 0 0 0 0 0 0 0 3092 0 0 0 0 0 0 0 0 0 0 0 0 0 0 0 0 0 2707 0 0 0 0 0 0 0 0 0 0 0 0 0 0 0 0 0 2480 0 0 0 0 0 0 0 0 0 0 0 0 0 0 0 0 0 293 0 0 0 0 0 0 0 0 0 0 0 0 0 0 0 0 0 368 0 0 0 0 0 0 0 0 0 0 0 0 0 0 0 0 0 297 0 0 0 0 0 0 0 0 0 0 0 0 0 0 0 0 0 240 0 0 0 
02-15 13:03:33.919  1855  1896 E HeatmapThread: !@ CAM New BSOH: 100
02-15 13:03:34.914  1855  1896 E HeatmapThread: ECT Thread time in milliseconds: 1771175014
02-15 13:03:34.916  1855  1896 E HeatmapThread: !@ CAM New BSOH: 100
02-15 13:03:35.914  1855  1896 E HeatmapThread: ECT Thread time in milliseconds: 1771175015
02-15 13:03:35.918  1855  1896 E HeatmapThread: !@ CAM New BSOH: 100
02-15 13:03:36.386  2832  3585 E WifiStaIfaceAidlImpl: getCachedScanData failed with service-specific exception: android.os.ServiceSpecificException:  (code 4)
02-15 13:03:36.390  2832  3783 E SemWifiLinkQualityMonitor: Too old or invalid TMI: currentTime=1771175016390 lastDateWindow=1771118498000
02-15 13:03:36.914  1855  1896 E HeatmapThread: ECT Thread time in milliseconds: 1771175016
02-15 13:03:36.917  1855  1896 E HeatmapThread: !@ CAM New BSOH: 100
02-15 13:03:37.914  1855  1896 E HeatmapThread: ECT Thread time in milliseconds: 1771175017
02-15 13:03:37.919  1855  1896 E HeatmapThread: !@ CAM New BSOH: 100
02-15 13:03:38.914  1855  1896 E HeatmapThread: ECT Thread time in milliseconds: 1771175018
02-15 13:03:38.917  1855  1896 E HeatmapThread: !@ CAM New BSOH: 100
02-15 13:03:39.399  2832  3585 E WifiStaIfaceAidlImpl: getCachedScanData failed with service-specific exception: android.os.ServiceSpecificException:  (code 4)
02-15 13:03:39.403  2832  3783 E SemWifiLinkQualityMonitor: Too old or invalid TMI: currentTime=1771175019403 lastDateWindow=1771118498000
02-15 13:03:39.914  1855  1896 E HeatmapThread: ECT Thread time in milliseconds: 1771175019
02-15 13:03:39.918  1855  1896 E HeatmapThread: !@ CAM New BSOH: 100
02-15 13:03:40.914  1855  1896 E HeatmapThread: ECT Thread time in milliseconds: 1771175020
02-15 13:03:40.918  1855  1896 E HeatmapThread: !@ CAM New BSOH: 100
02-15 13:03:41.914  1855  1896 E HeatmapThread: ECT Thread time in milliseconds: 1771175021
02-15 13:03:41.917  1855  1896 E HeatmapThread: !@ CAM New BSOH: 100
02-15 13:03:42.382  1842 27722 E ConversionHelperAidl: Function: parseAndSetVendorParameters Line: 94 Failed 
02-15 13:03:42.383  1842 27722 E ConversionHelperAidl: Function: parseAndSetVendorParameters Line: 94 Failed 
02-15 13:03:42.385  1842 27722 E ConversionHelperAidl: Function: parseAndSetVendorParameters Line: 94 Failed 
02-15 13:03:42.385  1842 27722 E ConversionHelperAidl: Function: parseAndSetVendorParameters Line: 94 Failed 
02-15 13:03:42.412  2832  3585 E WifiStaIfaceAidlImpl: getCachedScanData failed with service-specific exception: android.os.ServiceSpecificException:  (code 4)
02-15 13:03:42.417  2832  3783 E SemWifiLinkQualityMonitor: Too old or invalid TMI: currentTime=1771175022417 lastDateWindow=1771118498000
02-15 13:03:42.914  1855  1896 E HeatmapThread: ECT Thread time in milliseconds: 1771175022
02-15 13:03:42.918  1855  1896 E HeatmapThread: !@ CAM New BSOH: 100
02-15 13:03:43.049  2832  2915 E Watchdog: !@Sync: 3409 heap(MB): 157 / 167 FD: 1459 [2026-02-15 13:03:43.048]
02-15 13:03:43.914  1855  1896 E HeatmapThread: ECT Thread time in milliseconds: 1771175023
02-15 13:03:43.919  1855  1896 E HeatmapThread: !@ CAM New BSOH: 100
02-15 13:03:44.914  1855  1896 E HeatmapThread: ECT Thread time in milliseconds: 1771175024
02-15 13:03:44.918  1855  1896 E HeatmapThread: !@ CAM New BSOH: 100
02-15 13:03:44.955  1874  1965 E HwcComposer: getLuts failed Status(-129, EX_TRANSACTION_FAILED): 'UNKNOWN_TRANSACTION: '
02-15 13:03:45.425  2832  3585 E WifiStaIfaceAidlImpl: getCachedScanData failed with service-specific exception: android.os.ServiceSpecificException:  (code 4)
02-15 13:03:45.429  2832  3783 E SemWifiLinkQualityMonitor: Too old or invalid TMI: currentTime=1771175025429 lastDateWindow=1771118498000
02-15 13:03:45.627  1814  1895 E BatteryDump: !@new_battery_dump : 4225,-199,100,100,81,317,303,328,317,0,331,329,0,Discharging,NO_CHARGING,None,Good,NONE,0,Normal,0,0,9300,0x40000000,0x10000,0x0,0,0,205,v0002,0000,0000,00000000,0,0,0,0,141,4238,7978,980,0,
02-15 13:03:45.914  1855  1896 E HeatmapThread: ECT Thread time in milliseconds: 1771175025
02-15 13:03:45.916  1855  1896 E HeatmapThread: !@ CAM New BSOH: 100
02-15 13:03:46.914  1855  1896 E HeatmapThread: ECT Thread time in milliseconds: 1771175026
02-15 13:03:46.917  1855  1896 E HeatmapThread: !@ CAM New BSOH: 100
02-15 13:03:47.914  1855  1896 E HeatmapThread: ECT Thread time in milliseconds: 1771175027
02-15 13:03:47.918  1855  1896 E HeatmapThread: !@ CAM New BSOH: 100
02-15 13:03:48.440  2832  3585 E WifiStaIfaceAidlImpl: getCachedScanData failed with service-specific exception: android.os.ServiceSpecificException:  (code 4)
02-15 13:03:48.445  2832  3783 E SemWifiLinkQualityMonitor: Too old or invalid TMI: currentTime=1771175028444 lastDateWindow=1771118498000
02-15 13:03:48.914  1855  1896 E HeatmapThread: ECT Thread time in milliseconds: 1771175028
02-15 13:03:48.917  1855  1896 E HeatmapThread: !@ CAM New BSOH: 100
02-15 13:03:49.914  1855  1896 E HeatmapThread: ECT Thread time in milliseconds: 1771175029
02-15 13:03:49.919  1855  1896 E HeatmapThread: !@ CAM New BSOH: 100
02-15 13:03:50.914  1855  1896 E HeatmapThread: ECT Thread time in milliseconds: 1771175030
02-15 13:03:50.915  1855  1896 E HeatmapThread: !@ CAM New BSOH: 100
02-15 13:03:51.452  2832  3585 E WifiStaIfaceAidlImpl: getCachedScanData failed with service-specific exception: android.os.ServiceSpecificException:  (code 4)
02-15 13:03:51.457  2832  3783 E SemWifiLinkQualityMonitor: Too old or invalid TMI: currentTime=1771175031457 lastDateWindow=1771118498000
02-15 13:03:51.914  1855  1896 E HeatmapThread: ECT Thread time in milliseconds: 1771175031
02-15 13:03:51.916  1855  1896 E HeatmapThread: !@ CAM New BSOH: 100
02-15 13:03:52.423  1842 27722 E ConversionHelperAidl: Function: parseAndSetVendorParameters Line: 94 Failed 
02-15 13:03:52.423  1842 27722 E ConversionHelperAidl: Function: parseAndSetVendorParameters Line: 94 Failed 
02-15 13:03:52.425  1842 27722 E ConversionHelperAidl: Function: parseAndSetVendorParameters Line: 94 Failed 
02-15 13:03:52.425  1842 27722 E ConversionHelperAidl: Function: parseAndSetVendorParameters Line: 94 Failed 
02-15 13:03:52.914  1855  1896 E HeatmapThread: ECT Thread time in milliseconds: 1771175032
02-15 13:03:52.918  1855  1896 E HeatmapThread: !@ CAM New BSOH: 100
02-15 13:03:53.914  1855  1896 E HeatmapThread: ECT Thread time in milliseconds: 1771175033
02-15 13:03:53.919  1855  1896 E HeatmapThread: !@ CAM New BSOH: 100
02-15 13:03:54.465  2832  3585 E WifiStaIfaceAidlImpl: getCachedScanData failed with service-specific exception: android.os.ServiceSpecificException:  (code 4)
02-15 13:03:54.470  2832  3783 E SemWifiLinkQualityMonitor: Too old or invalid TMI: currentTime=1771175034470 lastDateWindow=1771118498000
02-15 13:03:54.914  1855  1896 E HeatmapThread: ECT Thread time in milliseconds: 1771175034
02-15 13:03:54.918  1855  1896 E HeatmapThread: !@ CAM New BSOH: 100
02-15 13:03:55.914  1855  1896 E HeatmapThread: ECT Thread time in milliseconds: 1771175035
02-15 13:03:55.918  1855  1896 E HeatmapThread: !@ CAM New BSOH: 100
02-15 13:03:56.914  1855  1896 E HeatmapThread: ECT Thread time in milliseconds: 1771175036
02-15 13:03:56.916  1855  1896 E HeatmapThread: !@ CAM New BSOH: 100
02-15 13:03:57.475  2832  3585 E WifiStaIfaceAidlImpl: getCachedScanData failed with service-specific exception: android.os.ServiceSpecificException:  (code 4)
02-15 13:03:57.479  2832  3783 E SemWifiLinkQualityMonitor: Too old or invalid TMI: currentTime=1771175037479 lastDateWindow=1771118498000
02-15 13:03:57.914  1855  1896 E HeatmapThread: ECT Thread time in milliseconds: 1771175037
02-15 13:03:57.918  1855  1896 E HeatmapThread: !@ CAM New BSOH: 100
02-15 13:03:58.914  1855  1896 E HeatmapThread: ECT Thread time in milliseconds: 1771175038
02-15 13:03:58.918  1855  1896 E HeatmapThread: !@ CAM New BSOH: 100
02-15 13:03:59.914  1855  1896 E HeatmapThread: ECT Thread time in milliseconds: 1771175039
02-15 13:03:59.918  1855  1896 E HeatmapThread: !@ CAM New BSOH: 100
02-15 13:04:00.026  1772  2380 E SDM     : ScalarConfig::GetAIScaleSettingsInfo: AI Scaler Config for display 68 is not present
02-15 13:04:00.489  2832  3585 E WifiStaIfaceAidlImpl: getCachedScanData failed with service-specific exception: android.os.ServiceSpecificException:  (code 4)
02-15 13:04:00.493  2832  3783 E SemWifiLinkQualityMonitor: Too old or invalid TMI: currentTime=1771175040493 lastDateWindow=1771118498000
02-15 13:04:00.914  1855  1896 E HeatmapThread: ECT Thread time in milliseconds: 1771175040
02-15 13:04:00.917  1855  1896 E HeatmapThread: !@ CAM New BSOH: 100
02-15 13:04:01.914  1855  1896 E HeatmapThread: ECT Thread time in milliseconds: 1771175041
02-15 13:04:01.918  1855  1896 E HeatmapThread: !@ CAM New BSOH: 100
02-15 13:04:02.465  1842 27722 E ConversionHelperAidl: Function: parseAndSetVendorParameters Line: 94 Failed 
02-15 13:04:02.465  1842 27722 E ConversionHelperAidl: Function: parseAndSetVendorParameters Line: 94 Failed 
02-15 13:04:02.467  1842 27722 E ConversionHelperAidl: Function: parseAndSetVendorParameters Line: 94 Failed 
02-15 13:04:02.467  1842 27722 E ConversionHelperAidl: Function: parseAndSetVendorParameters Line: 94 Failed 
02-15 13:04:02.914  1855  1896 E HeatmapThread: ECT Thread time in milliseconds: 1771175042
02-15 13:04:02.917  1855  1896 E HeatmapThread: !@ CAM New BSOH: 100
02-15 13:04:03.502  2832  3585 E WifiStaIfaceAidlImpl: getCachedScanData failed with service-specific exception: android.os.ServiceSpecificException:  (code 4)
02-15 13:04:03.506  2832  3783 E SemWifiLinkQualityMonitor: Too old or invalid TMI: currentTime=1771175043506 lastDateWindow=1771118498000
02-15 13:04:03.914  1855  1896 E HeatmapThread: ECT Thread time in milliseconds: 1771175043
02-15 13:04:03.917  1855  1896 E HeatmapThread: !@ CAM New BSOH: 100
02-15 13:04:04.914  1855  1896 E HeatmapThread: ECT Thread time in milliseconds: 1771175044
02-15 13:04:04.916  1855  1896 E HeatmapThread: !@ CAM New BSOH: 100
02-15 13:04:05.914  1855  1896 E HeatmapThread: ECT Thread time in milliseconds: 1771175045
02-15 13:04:05.917  1855  1896 E HeatmapThread: !@ CAM New BSOH: 100
02-15 13:04:06.512  2832  3585 E WifiStaIfaceAidlImpl: getCachedScanData failed with service-specific exception: android.os.ServiceSpecificException:  (code 4)
02-15 13:04:06.515  2832  3783 E SemWifiLinkQualityMonitor: Too old or invalid TMI: currentTime=1771175046515 lastDateWindow=1771118498000
02-15 13:04:06.914  1855  1896 E HeatmapThread: ECT Thread time in milliseconds: 1771175046
02-15 13:04:06.917  1855  1896 E HeatmapThread: !@ CAM New BSOH: 100
02-15 13:04:07.914  1855  1896 E HeatmapThread: ECT Thread time in milliseconds: 1771175047
02-15 13:04:07.918  1855  1896 E HeatmapThread: !@ CAM New BSOH: 100
02-15 13:04:08.914  1855  1896 E HeatmapThread: ECT Thread time in milliseconds: 1771175048
02-15 13:04:08.918  1855  1896 E HeatmapThread: !@ CAM New BSOH: 100
02-15 13:04:09.523  2832  3585 E WifiStaIfaceAidlImpl: getCachedScanData failed with service-specific exception: android.os.ServiceSpecificException:  (code 4)
02-15 13:04:09.530  2832  3783 E SemWifiLinkQualityMonitor: Too old or invalid TMI: currentTime=1771175049530 lastDateWindow=1771118498000
02-15 13:04:09.914  1855  1896 E HeatmapThread: ECT Thread time in milliseconds: 1771175049
02-15 13:04:09.918  1855  1896 E HeatmapThread: !@ CAM New BSOH: 100
02-15 13:04:10.914  1855  1896 E HeatmapThread: ECT Thread time in milliseconds: 1771175050
02-15 13:04:10.918  1855  1896 E HeatmapThread: !@ CAM New BSOH: 100
02-15 13:04:11.914  1855  1896 E HeatmapThread: ECT Thread time in milliseconds: 1771175051
02-15 13:04:11.919  1855  1896 E HeatmapThread: !@ CAM New BSOH: 100
02-15 13:04:12.510  1842 27722 E ConversionHelperAidl: Function: parseAndSetVendorParameters Line: 94 Failed 
02-15 13:04:12.510  1842 27722 E ConversionHelperAidl: Function: parseAndSetVendorParameters Line: 94 Failed 
02-15 13:04:12.513  1842 27722 E ConversionHelperAidl: Function: parseAndSetVendorParameters Line: 94 Failed 
02-15 13:04:12.513  1842 27722 E ConversionHelperAidl: Function: parseAndSetVendorParameters Line: 94 Failed 
02-15 13:04:12.541  2832  3585 E WifiStaIfaceAidlImpl: getCachedScanData failed with service-specific exception: android.os.ServiceSpecificException:  (code 4)
02-15 13:04:12.546  2832  3783 E SemWifiLinkQualityMonitor: Too old or invalid TMI: currentTime=1771175052546 lastDateWindow=1771118498000
02-15 13:04:12.914  1855  1896 E HeatmapThread: ECT Thread time in milliseconds: 1771175052
02-15 13:04:12.918  1855  1896 E HeatmapThread: !@ CAM New BSOH: 100
02-15 13:04:13.057  2832  2915 E Watchdog: !@Sync: 3410 heap(MB): 123 / 167 FD: 1457 [2026-02-15 13:04:13.056]
02-15 13:04:13.448  1772  2380 E SDM     : ScalarConfig::GetAIScaleSettingsInfo: AI Scaler Config for display 68 is not present
02-15 13:04:13.914  1855  1896 E HeatmapThread: ECT Thread time in milliseconds: 1771175053
02-15 13:04:13.917  1855  1896 E HeatmapThread: !@ CAM New BSOH: 100
02-15 13:04:14.914  1855  1896 E HeatmapThread: ECT Thread time in milliseconds: 1771175054
02-15 13:04:14.918  1855  1896 E HeatmapThread: !@ CAM New BSOH: 100
02-15 13:04:15.022  1874  4439 E HwcComposer: getLuts failed Status(-129, EX_TRANSACTION_FAILED): 'UNKNOWN_TRANSACTION: '
02-15 13:04:15.554  2832  3585 E WifiStaIfaceAidlImpl: getCachedScanData failed with service-specific exception: android.os.ServiceSpecificException:  (code 4)
02-15 13:04:15.557  2832  3783 E SemWifiLinkQualityMonitor: Too old or invalid TMI: currentTime=1771175055557 lastDateWindow=1771118498000
02-15 13:04:15.788  1814  1895 E BatteryDump: !@new_battery_dump : 4224,-193,100,100,81,317,303,328,317,0,331,329,0,Discharging,NO_CHARGING,None,Good,NONE,0,Normal,0,0,9300,0x40000000,0x10000,0x0,0,0,207,v0002,0000,0000,00000000,0,0,0,0,141,4237,7974,980,0,
02-15 13:04:15.914  1855  1896 E HeatmapThread: ECT Thread time in milliseconds: 1771175055
02-15 13:04:15.916  1855  1896 E HeatmapThread: !@ CAM New BSOH: 100
02-15 13:04:16.914  1855  1896 E HeatmapThread: ECT Thread time in milliseconds: 1771175056
02-15 13:04:16.918  1855  1896 E HeatmapThread: !@ CAM New BSOH: 100
02-15 13:04:17.914  1855  1896 E HeatmapThread: ECT Thread time in milliseconds: 1771175057
02-15 13:04:17.917  1855  1896 E HeatmapThread: !@ CAM New BSOH: 100
02-15 13:04:18.567  2832  3585 E WifiStaIfaceAidlImpl: getCachedScanData failed with service-specific exception: android.os.ServiceSpecificException:  (code 4)
02-15 13:04:18.571  2832  3783 E SemWifiLinkQualityMonitor: Too old or invalid TMI: currentTime=1771175058571 lastDateWindow=1771118498000
02-15 13:04:18.914  1855  1896 E HeatmapThread: ECT Thread time in milliseconds: 1771175058
02-15 13:04:18.917  1855  1896 E HeatmapThread: !@ CAM New BSOH: 100
02-15 13:04:19.914  1855  1896 E HeatmapThread: ECT Thread time in milliseconds: 1771175059
02-15 13:04:19.918  1855  1896 E HeatmapThread: !@ CAM New BSOH: 100
02-15 13:04:20.914  1855  1896 E HeatmapThread: ECT Thread time in milliseconds: 1771175060
02-15 13:04:20.917  1855  1896 E HeatmapThread: !@ CAM New BSOH: 100
02-15 13:04:21.578  2832  3585 E WifiStaIfaceAidlImpl: getCachedScanData failed with service-specific exception: android.os.ServiceSpecificException:  (code 4)
02-15 13:04:21.581  2832  3783 E SemWifiLinkQualityMonitor: Too old or invalid TMI: currentTime=1771175061581 lastDateWindow=1771118498000
02-15 13:04:21.914  1855  1896 E HeatmapThread: ECT Thread time in milliseconds: 1771175061
02-15 13:04:21.918  1855  1896 E HeatmapThread: !@ CAM New BSOH: 100
02-15 13:04:22.552  1842 27722 E ConversionHelperAidl: Function: parseAndSetVendorParameters Line: 94 Failed 
02-15 13:04:22.553  1842 27722 E ConversionHelperAidl: Function: parseAndSetVendorParameters Line: 94 Failed 
02-15 13:04:22.554  1842 27722 E ConversionHelperAidl: Function: parseAndSetVendorParameters Line: 94 Failed 
02-15 13:04:22.554  1842 27722 E ConversionHelperAidl: Function: parseAndSetVendorParameters Line: 94 Failed 
02-15 13:04:22.914  1855  1896 E HeatmapThread: ECT Thread time in milliseconds: 1771175062
02-15 13:04:22.918  1855  1896 E HeatmapThread: !@ CAM New BSOH: 100
02-15 13:04:23.914  1855  1896 E HeatmapThread: ECT Thread time in milliseconds: 1771175063
02-15 13:04:23.919  1855  1896 E HeatmapThread: !@ CAM New BSOH: 100
02-15 13:04:24.194  2832  5680 E SemWifiService: getCurrentNetworkScore - invalid score data
02-15 13:04:24.195  2832  5680 E WifiProfileShare.Caster: failed to generate qos array, need to check network score data
02-15 13:04:24.592  2832  3585 E WifiStaIfaceAidlImpl: getCachedScanData failed with service-specific exception: android.os.ServiceSpecificException:  (code 4)
02-15 13:04:24.595  2832  3783 E SemWifiLinkQualityMonitor: Too old or invalid TMI: currentTime=1771175064595 lastDateWindow=1771118498000
02-15 13:04:24.914  1855  1896 E HeatmapThread: ECT Thread time in milliseconds: 1771175064
02-15 13:04:24.918  1855  1896 E HeatmapThread: !@ CAM New BSOH: 100
02-15 13:04:25.914  1855  1896 E HeatmapThread: ECT Thread time in milliseconds: 1771175065
02-15 13:04:25.918  1855  1896 E HeatmapThread: !@ CAM New BSOH: 100
02-15 13:04:26.914  1855  1896 E HeatmapThread: ECT Thread time in milliseconds: 1771175066
02-15 13:04:26.918  1855  1896 E HeatmapThread: !@ CAM New BSOH: 100
02-15 13:04:27.606  2832  3585 E WifiStaIfaceAidlImpl: getCachedScanData failed with service-specific exception: android.os.ServiceSpecificException:  (code 4)
02-15 13:04:27.611  2832  3783 E SemWifiLinkQualityMonitor: Too old or invalid TMI: currentTime=1771175067611 lastDateWindow=1771118498000
02-15 13:04:27.914  1855  1896 E HeatmapThread: ECT Thread time in milliseconds: 1771175067
02-15 13:04:27.916  1855  1896 E HeatmapThread: !@ CAM New BSOH: 100
02-15 13:04:28.914  1855  1896 E HeatmapThread: ECT Thread time in milliseconds: 1771175068
02-15 13:04:28.918  1855  1896 E HeatmapThread: !@ CAM New BSOH: 100
02-15 13:04:29.738  1772  2380 E SDM     : ScalarConfig::GetAIScaleSettingsInfo: AI Scaler Config for display 68 is not present
02-15 13:04:29.754  1874  4869 E NativeCustomFrequencyManager: [NativeCFMS] BpCustomFrequencyManager::acquire()
02-15 13:04:29.784  2832  7294 E WindowManager: win=Window{c0196c6 u0 com.sec.android.app.launcher/com.samsung.app.honeyspace.edge.edgepanel.app.CocktailBarService} destroySurfaces: appStopped=true cleanupOnResume=false win.mWindowRemovalAllowed=false win.mRemoveOnExit=false win.mViewVisibility=8 caller=com.android.server.wm.WindowManagerService.tryStartExitingAnimation:134 com.android.server.wm.WindowManagerService.relayoutWindow:1138 com.android.server.wm.Session.relayout:27 android.view.IWindowSession$Stub.onTransact:829 com.android.server.wm.Session.onTransact:1 android.os.Binder.execTransactInternal:1457 android.os.Binder.execTransact:1401 
02-15 13:04:29.914  1855  1896 E HeatmapThread: ECT Thread time in milliseconds: 1771175069
02-15 13:04:29.915  1855  1896 E HeatmapThread: !@ CAM New BSOH: 100
02-15 13:04:30.616  2832  3585 E WifiStaIfaceAidlImpl: getCachedScanData failed with service-specific exception: android.os.ServiceSpecificException:  (code 4)
02-15 13:04:30.618  2832  3783 E SemWifiLinkQualityMonitor: Too old or invalid TMI: currentTime=1771175070618 lastDateWindow=1771118498000
02-15 13:04:30.914  1855  1896 E HeatmapThread: ECT Thread time in milliseconds: 1771175070
02-15 13:04:30.915  1855  1896 E HeatmapThread: !@ CAM New BSOH: 100
02-15 13:04:31.256  1874  4869 E NativeCustomFrequencyManager: [NativeCFMS] BpCustomFrequencyManager::acquire()
02-15 13:04:31.914  1855  1896 E HeatmapThread: ECT Thread time in milliseconds: 1771175071
02-15 13:04:31.916  1855  1896 E HeatmapThread: !@ CAM New BSOH: 100
02-15 13:04:32.376  2832  6488 E WindowManager: win=Window{7035b76 u0 NotificationShade} destroySurfaces: appStopped=true cleanupOnResume=false win.mWindowRemovalAllowed=false win.mRemoveOnExit=false win.mViewVisibility=4 caller=com.android.server.wm.WindowManagerService.tryStartExitingAnimation:134 com.android.server.wm.WindowManagerService.relayoutWindow:1138 com.android.server.wm.Session.relayout:27 android.view.IWindowSession$Stub.onTransact:829 com.android.server.wm.Session.onTransact:1 android.os.Binder.execTransactInternal:1462 android.os.Binder.execTransact:1401 
02-15 13:04:32.386 29948 18479 E SamsungAccount: [FamilyGroupUtil] getCountryCodeListWithRegionMcc - no country code with region mcc
02-15 13:04:32.404  4508  7390 E perf_hint: Session ID too large, must fit 32-bit integer
02-15 13:04:32.587  1842 27722 E ConversionHelperAidl: Function: parseAndSetVendorParameters Line: 94 Failed 
02-15 13:04:32.587  1842 27722 E ConversionHelperAidl: Function: parseAndSetVendorParameters Line: 94 Failed 
02-15 13:04:32.588  1842 27722 E ConversionHelperAidl: Function: parseAndSetVendorParameters Line: 94 Failed 
02-15 13:04:32.588  1842 27722 E ConversionHelperAidl: Function: parseAndSetVendorParameters Line: 94 Failed 
02-15 13:04:32.914  1855  1896 E HeatmapThread: ECT Thread time in milliseconds: 1771175072
02-15 13:04:32.916  1855  1896 E HeatmapThread: !@ CAM New BSOH: 100
02-15 13:04:33.625  2832  3585 E WifiStaIfaceAidlImpl: getCachedScanData failed with service-specific exception: android.os.ServiceSpecificException:  (code 4)
02-15 13:04:33.628  2832  3783 E SemWifiLinkQualityMonitor: Too old or invalid TMI: currentTime=1771175073628 lastDateWindow=1771118498000
02-15 13:04:33.914  1855  1896 E HeatmapThread: ECT Thread time in milliseconds: 1771175073
02-15 13:04:33.918  1855  1896 E HeatmapThread: !@Entered the read from path function
02-15 13:04:33.918  1855  1896 E HeatmapThread: !@Read Extended_heatmap from efs is: 18738 0 0 0 0 0 0 0 0 0 0 0 0 0 0 0 0 0 1222 0 0 0 0 0 0 0 0 0 0 0 0 0 0 0 0 0 1417 0 0 0 0 0 0 0 0 0 0 0 0 0 0 0 0 0 1454 0 0 0 0 0 0 0 0 0 0 0 0 0 0 0 0 0 1409 0 0 0 0 0 0 0 0 0 0 0 0 0 0 0 0 0 1445 0 0 0 0 0 0 0 0 0 0 0 0 0 0 0 0 0 1431 0 0 0 0 0 0 0 0 0 0 0 0 0 0 0 0 0 1336 0 0 0 0 0 0 0 0 0 0 0 0 0 0 0 0 0 1452 0 0 0 0 0 0 0 0 0 0 0 0 0 0 0 0 0 1462 0 0 0 0 0 0 0 0 0 0 0 0 0 0 0 0 0 1286 0 0 0 0 0 0 0 0 0 0 0 0 0 0 0 0 0 5718 0 0 0 0 0 0 0 0 0 0 0 0 0 0 0 0 0 6524 0 0 0 0 0 0 0 0 0 0 0 0 0 0 0 0 0 12756 0 0 0 0 0 0 0 0 0 0 0 0 0 0 0 0 0 12666 0 0 0 0 0 0 0 0 0 0 0 0 0 0 0 0 0 12937 0 0 0 0 0 0 0 0 0 0 0 0 0 0 0 0 0 12912 0 0 0 0 0 0 0 0 0 0 0 0 0 0 0 0 0 9872 0 0 0 0 0 0 0 0 0 0 0 0 0 0 0 0 0 3784 0 0 0 0 0 0 0 0 0 0 0 0 0 0 0 0 0 3092 0 0 0 0 0 0 0 0 0 0 0 0 0 0 0 0 0 2707 0 0 0 0 0 0 0 0 0 0 0 0 0 0 0 0 0 2480 0 0 0 0 0 0 0 0 0 0 0 0 0 0 0 0 0 293 0 0 0 0 0 0 0 0 0 0 0 0 0 0 0 0 0 368 0 0 0 0 0 0 0 0 0 0 0 0 0 0 0 0 0 297 0 0 0 0 0 0 0 0 0 0 0 0 0 0 0 0 0 240 0 0 0
02-15 13:04:33.918  1855  1896 E HeatmapThread: !@Write Extended Heatmap to efs is: 18738 0 0 0 0 0 0 0 0 0 0 0 0 0 0 0 0 0 1222 0 0 0 0 0 0 0 0 0 0 0 0 0 0 0 0 0 1417 0 0 0 0 0 0 0 0 0 0 0 0 0 0 0 0 0 1454 0 0 0 0 0 0 0 0 0 0 0 0 0 0 0 0 0 1409 0 0 0 0 0 0 0 0 0 0 0 0 0 0 0 0 0 1445 0 0 0 0 0 0 0 0 0 0 0 0 0 0 0 0 0 1431 0 0 0 0 0 0 0 0 0 0 0 0 0 0 0 0 0 1336 0 0 0 0 0 0 0 0 0 0 0 0 0 0 0 0 0 1452 0 0 0 0 0 0 0 0 0 0 0 0 0 0 0 0 0 1462 0 0 0 0 0 0 0 0 0 0 0 0 0 0 0 0 0 1286 0 0 0 0 0 0 0 0 0 0 0 0 0 0 0 0 0 5718 0 0 0 0 0 0 0 0 0 0 0 0 0 0 0 0 0 6525 0 0 0 0 0 0 0 0 0 0 0 0 0 0 0 0 0 12756 0 0 0 0 0 0 0 0 0 0 0 0 0 0 0 0 0 12666 0 0 0 0 0 0 0 0 0 0 0 0 0 0 0 0 0 12937 0 0 0 0 0 0 0 0 0 0 0 0 0 0 0 0 0 12912 0 0 0 0 0 0 0 0 0 0 0 0 0 0 0 0 0 9872 0 0 0 0 0 0 0 0 0 0 0 0 0 0 0 0 0 3784 0 0 0 0 0 0 0 0 0 0 0 0 0 0 0 0 0 3092 0 0 0 0 0 0 0 0 0 0 0 0 0 0 0 0 0 2707 0 0 0 0 0 0 0 0 0 0 0 0 0 0 0 0 0 2480 0 0 0 0 0 0 0 0 0 0 0 0 0 0 0 0 0 293 0 0 0 0 0 0 0 0 0 0 0 0 0 0 0 0 0 368 0 0 0 0 0 0 0 0 0 0 0 0 0 0 0 0 0 297 0 0 0 0 0 0 0 0 0 0 0 0 0 0 0 0 0 240 0 0 0 
02-15 13:04:33.918  1855  1896 E HeatmapThread: !@ CAM New BSOH: 100
02-15 13:04:34.914  1855  1896 E HeatmapThread: ECT Thread time in milliseconds: 1771175074
02-15 13:04:34.917  1855  1896 E HeatmapThread: !@ CAM New BSOH: 100
02-15 13:04:35.122  1772  2380 E SDM     : ScalarConfig::GetAIScaleSettingsInfo: AI Scaler Config for display 68 is not present
02-15 13:04:35.914  1855  1896 E HeatmapThread: ECT Thread time in milliseconds: 1771175075
02-15 13:04:35.919  1855  1896 E HeatmapThread: !@ CAM New BSOH: 100
02-15 13:04:36.635  2832  3585 E WifiStaIfaceAidlImpl: getCachedScanData failed with service-specific exception: android.os.ServiceSpecificException:  (code 4)
02-15 13:04:36.638  2832  3783 E SemWifiLinkQualityMonitor: Too old or invalid TMI: currentTime=1771175076638 lastDateWindow=1771118498000
02-15 13:04:36.914  1855  1896 E HeatmapThread: ECT Thread time in milliseconds: 1771175076
02-15 13:04:36.918  1855  1896 E HeatmapThread: !@ CAM New BSOH: 100
02-15 13:04:37.914  1855  1896 E HeatmapThread: ECT Thread time in milliseconds: 1771175077
02-15 13:04:37.918  1855  1896 E HeatmapThread: !@ CAM New BSOH: 100
02-15 13:04:38.914  1855  1896 E HeatmapThread: ECT Thread time in milliseconds: 1771175078
02-15 13:04:38.919  1855  1896 E HeatmapThread: !@ CAM New BSOH: 100
02-15 13:04:39.646  2832  3585 E WifiStaIfaceAidlImpl: getCachedScanData failed with service-specific exception: android.os.ServiceSpecificException:  (code 4)
02-15 13:04:39.650  2832  3783 E SemWifiLinkQualityMonitor: Too old or invalid TMI: currentTime=1771175079650 lastDateWindow=1771118498000
02-15 13:04:39.914  1855  1896 E HeatmapThread: ECT Thread time in milliseconds: 1771175079
02-15 13:04:39.915  1855  1896 E HeatmapThread: !@ CAM New BSOH: 100
02-15 13:04:40.914  1855  1896 E HeatmapThread: ECT Thread time in milliseconds: 1771175080
02-15 13:04:40.915  1855  1896 E HeatmapThread: !@ CAM New BSOH: 100
02-15 13:04:41.914  1855  1896 E HeatmapThread: ECT Thread time in milliseconds: 1771175081
02-15 13:04:41.916  1855  1896 E HeatmapThread: !@ CAM New BSOH: 100
02-15 13:04:42.628  1842 27722 E ConversionHelperAidl: Function: parseAndSetVendorParameters Line: 94 Failed 
02-15 13:04:42.628  1842 27722 E ConversionHelperAidl: Function: parseAndSetVendorParameters Line: 94 Failed 
02-15 13:04:42.630  1842 27722 E ConversionHelperAidl: Function: parseAndSetVendorParameters Line: 94 Failed 
02-15 13:04:42.630  1842 27722 E ConversionHelperAidl: Function: parseAndSetVendorParameters Line: 94 Failed 
02-15 13:04:42.659  2832  3585 E WifiStaIfaceAidlImpl: getCachedScanData failed with service-specific exception: android.os.ServiceSpecificException:  (code 4)
02-15 13:04:42.662  2832  3783 E SemWifiLinkQualityMonitor: Too old or invalid TMI: currentTime=1771175082662 lastDateWindow=1771118498000
02-15 13:04:42.914  1855  1896 E HeatmapThread: ECT Thread time in milliseconds: 1771175082
02-15 13:04:42.917  1855  1896 E HeatmapThread: !@ CAM New BSOH: 100
02-15 13:04:43.064  2832  2915 E Watchdog: !@Sync: 3411 heap(MB): 135 / 167 FD: 1459 [2026-02-15 13:04:43.064]
02-15 13:04:43.914  1855  1896 E HeatmapThread: ECT Thread time in milliseconds: 1771175083
02-15 13:04:43.917  1855  1896 E HeatmapThread: !@ CAM New BSOH: 100
02-15 13:04:44.914  1855  1896 E HeatmapThread: ECT Thread time in milliseconds: 1771175084
02-15 13:04:44.918  1855  1896 E HeatmapThread: !@ CAM New BSOH: 100
02-15 13:04:45.067  1874  4439 E HwcComposer: getLuts failed Status(-129, EX_TRANSACTION_FAILED): 'UNKNOWN_TRANSACTION: '
02-15 13:04:45.672  2832  3585 E WifiStaIfaceAidlImpl: getCachedScanData failed with service-specific exception: android.os.ServiceSpecificException:  (code 4)
02-15 13:04:45.676  2832  3783 E SemWifiLinkQualityMonitor: Too old or invalid TMI: currentTime=1771175085676 lastDateWindow=1771118498000
02-15 13:04:45.914  1855  1896 E HeatmapThread: ECT Thread time in milliseconds: 1771175085
02-15 13:04:45.916  1855  1896 E HeatmapThread: !@ CAM New BSOH: 100
02-15 13:04:45.948  1814  1895 E BatteryDump: !@new_battery_dump : 4224,-207,100,100,81,317,303,329,317,0,330,330,0,Discharging,NO_CHARGING,None,Good,NONE,0,Normal,0,0,9300,0x40000000,0x10000,0x0,0,0,224,v0002,0000,0000,00000000,0,0,0,0,141,4237,7969,980,0,
02-15 13:04:46.914  1855  1896 E HeatmapThread: ECT Thread time in milliseconds: 1771175086
02-15 13:04:46.918  1855  1896 E HeatmapThread: !@ CAM New BSOH: 100
02-15 13:04:47.914  1855  1896 E HeatmapThread: ECT Thread time in milliseconds: 1771175087
02-15 13:04:47.918  1855  1896 E HeatmapThread: !@ CAM New BSOH: 100
02-15 13:04:48.686  2832  3585 E WifiStaIfaceAidlImpl: getCachedScanData failed with service-specific exception: android.os.ServiceSpecificException:  (code 4)
02-15 13:04:48.689  2832  3783 E SemWifiLinkQualityMonitor: Too old or invalid TMI: currentTime=1771175088689 lastDateWindow=1771118498000
02-15 13:04:48.914  1855  1896 E HeatmapThread: ECT Thread time in milliseconds: 1771175088
02-15 13:04:48.919  1855  1896 E HeatmapThread: !@ CAM New BSOH: 100
02-15 13:04:49.914  1855  1896 E HeatmapThread: ECT Thread time in milliseconds: 1771175089
02-15 13:04:49.918  1855  1896 E HeatmapThread: !@ CAM New BSOH: 100
02-15 13:04:50.914  1855  1896 E HeatmapThread: ECT Thread time in milliseconds: 1771175090
02-15 13:04:50.915  1855  1896 E HeatmapThread: !@ CAM New BSOH: 100
02-15 13:04:51.697  2832  3585 E WifiStaIfaceAidlImpl: getCachedScanData failed with service-specific exception: android.os.ServiceSpecificException:  (code 4)
02-15 13:04:51.701  2832  3783 E SemWifiLinkQualityMonitor: Too old or invalid TMI: currentTime=1771175091701 lastDateWindow=1771118498000
02-15 13:04:51.914  1855  1896 E HeatmapThread: ECT Thread time in milliseconds: 1771175091
02-15 13:04:51.917  1855  1896 E HeatmapThread: !@ CAM New BSOH: 100
02-15 13:04:52.671  1842 27722 E ConversionHelperAidl: Function: parseAndSetVendorParameters Line: 94 Failed 
02-15 13:04:52.672  1842 27722 E ConversionHelperAidl: Function: parseAndSetVendorParameters Line: 94 Failed 
02-15 13:04:52.675  1842 27722 E ConversionHelperAidl: Function: parseAndSetVendorParameters Line: 94 Failed 
02-15 13:04:52.675  1842 27722 E ConversionHelperAidl: Function: parseAndSetVendorParameters Line: 94 Failed 
02-15 13:04:52.914  1855  1896 E HeatmapThread: ECT Thread time in milliseconds: 1771175092
02-15 13:04:52.917  1855  1896 E HeatmapThread: !@ CAM New BSOH: 100
02-15 13:04:53.914  1855  1896 E HeatmapThread: ECT Thread time in milliseconds: 1771175093
02-15 13:04:53.919  1855  1896 E HeatmapThread: !@ CAM New BSOH: 100
02-15 13:04:54.707  2832  3585 E WifiStaIfaceAidlImpl: getCachedScanData failed with service-specific exception: android.os.ServiceSpecificException:  (code 4)
02-15 13:04:54.712  2832  3783 E SemWifiLinkQualityMonitor: Too old or invalid TMI: currentTime=1771175094712 lastDateWindow=1771118498000
02-15 13:04:54.914  1855  1896 E HeatmapThread: ECT Thread time in milliseconds: 1771175094
02-15 13:04:54.918  1855  1896 E HeatmapThread: !@ CAM New BSOH: 100
02-15 13:04:55.914  1855  1896 E HeatmapThread: ECT Thread time in milliseconds: 1771175095
02-15 13:04:55.919  1855  1896 E HeatmapThread: !@ CAM New BSOH: 100
02-15 13:04:56.914  1855  1896 E HeatmapThread: ECT Thread time in milliseconds: 1771175096
02-15 13:04:56.917  1855  1896 E HeatmapThread: !@ CAM New BSOH: 100
02-15 13:04:57.724  2832  3585 E WifiStaIfaceAidlImpl: getCachedScanData failed with service-specific exception: android.os.ServiceSpecificException:  (code 4)
02-15 13:04:57.729  2832  3783 E SemWifiLinkQualityMonitor: Too old or invalid TMI: currentTime=1771175097729 lastDateWindow=1771118498000
02-15 13:04:57.914  1855  1896 E HeatmapThread: ECT Thread time in milliseconds: 1771175097
02-15 13:04:57.918  1855  1896 E HeatmapThread: !@ CAM New BSOH: 100
02-15 13:04:58.914  1855  1896 E HeatmapThread: ECT Thread time in milliseconds: 1771175098
02-15 13:04:58.918  1855  1896 E HeatmapThread: !@ CAM New BSOH: 100
02-15 13:04:59.645  1772  2380 E SDM     : ScalarConfig::GetAIScaleSettingsInfo: AI Scaler Config for display 68 is not present
02-15 13:04:59.914  1855  1896 E HeatmapThread: ECT Thread time in milliseconds: 1771175099
02-15 13:04:59.917  1855  1896 E HeatmapThread: !@ CAM New BSOH: 100
02-15 13:05:00.013  3938  4156 E perf_hint: Session ID too large, must fit 32-bit integer
02-15 13:05:00.021  1772  2380 E SDM     : ScalarConfig::GetAIScaleSettingsInfo: AI Scaler Config for display 68 is not present
02-15 13:05:00.736  2832  3585 E WifiStaIfaceAidlImpl: getCachedScanData failed with service-specific exception: android.os.ServiceSpecificException:  (code 4)
02-15 13:05:00.739  2832  3783 E SemWifiLinkQualityMonitor: Too old or invalid TMI: currentTime=1771175100739 lastDateWindow=1771118498000
02-15 13:05:00.914  1855  1896 E HeatmapThread: ECT Thread time in milliseconds: 1771175100
02-15 13:05:00.917  1855  1896 E HeatmapThread: !@ CAM New BSOH: 100
02-15 13:05:01.914  1855  1896 E HeatmapThread: ECT Thread time in milliseconds: 1771175101
02-15 13:05:01.918  1855  1896 E HeatmapThread: !@ CAM New BSOH: 100
02-15 13:05:02.706  1842 27722 E ConversionHelperAidl: Function: parseAndSetVendorParameters Line: 94 Failed 
02-15 13:05:02.706  1842 27722 E ConversionHelperAidl: Function: parseAndSetVendorParameters Line: 94 Failed 
02-15 13:05:02.707  1842 27722 E ConversionHelperAidl: Function: parseAndSetVendorParameters Line: 94 Failed 
02-15 13:05:02.707  1842 27722 E ConversionHelperAidl: Function: parseAndSetVendorParameters Line: 94 Failed 
02-15 13:05:02.914  1855  1896 E HeatmapThread: ECT Thread time in milliseconds: 1771175102
02-15 13:05:02.916  1855  1896 E HeatmapThread: !@ CAM New BSOH: 100
02-15 13:05:03.747  2832  3585 E WifiStaIfaceAidlImpl: getCachedScanData failed with service-specific exception: android.os.ServiceSpecificException:  (code 4)
02-15 13:05:03.751  2832  3783 E SemWifiLinkQualityMonitor: Too old or invalid TMI: currentTime=1771175103751 lastDateWindow=1771118498000
02-15 13:05:03.914  1855  1896 E HeatmapThread: ECT Thread time in milliseconds: 1771175103
02-15 13:05:03.918  1855  1896 E HeatmapThread: !@ CAM New BSOH: 100
02-15 13:05:04.914  1855  1896 E HeatmapThread: ECT Thread time in milliseconds: 1771175104
02-15 13:05:04.918  1855  1896 E HeatmapThread: !@ CAM New BSOH: 100
02-15 13:05:05.914  1855  1896 E HeatmapThread: ECT Thread time in milliseconds: 1771175105
02-15 13:05:05.918  1855  1896 E HeatmapThread: !@ CAM New BSOH: 100
02-15 13:05:06.756  2832  3585 E WifiStaIfaceAidlImpl: getCachedScanData failed with service-specific exception: android.os.ServiceSpecificException:  (code 4)
02-15 13:05:06.760  2832  3783 E SemWifiLinkQualityMonitor: Too old or invalid TMI: currentTime=1771175106760 lastDateWindow=1771118498000
02-15 13:05:06.914  1855  1896 E HeatmapThread: ECT Thread time in milliseconds: 1771175106
02-15 13:05:06.918  1855  1896 E HeatmapThread: !@ CAM New BSOH: 100
02-15 13:05:07.914  1855  1896 E HeatmapThread: ECT Thread time in milliseconds: 1771175107
02-15 13:05:07.918  1855  1896 E HeatmapThread: !@ CAM New BSOH: 100
02-15 13:05:08.914  1855  1896 E HeatmapThread: ECT Thread time in milliseconds: 1771175108
02-15 13:05:08.917  1855  1896 E HeatmapThread: !@ CAM New BSOH: 100
02-15 13:05:09.766  2832  3585 E WifiStaIfaceAidlImpl: getCachedScanData failed with service-specific exception: android.os.ServiceSpecificException:  (code 4)
02-15 13:05:09.771  2832  3783 E SemWifiLinkQualityMonitor: Too old or invalid TMI: currentTime=1771175109771 lastDateWindow=1771118498000
02-15 13:05:09.914  1855  1896 E HeatmapThread: ECT Thread time in milliseconds: 1771175109
02-15 13:05:09.918  1855  1896 E HeatmapThread: !@ CAM New BSOH: 100
02-15 13:05:10.914  1855  1896 E HeatmapThread: ECT Thread time in milliseconds: 1771175110
02-15 13:05:10.919  1855  1896 E HeatmapThread: !@ CAM New BSOH: 100
02-15 13:05:11.914  1855  1896 E HeatmapThread: ECT Thread time in milliseconds: 1771175111
02-15 13:05:11.918  1855  1896 E HeatmapThread: !@ CAM New BSOH: 100
02-15 13:05:12.753  1842 27722 E ConversionHelperAidl: Function: parseAndSetVendorParameters Line: 94 Failed 
02-15 13:05:12.753  1842 27722 E ConversionHelperAidl: Function: parseAndSetVendorParameters Line: 94 Failed 
02-15 13:05:12.755  1842 27722 E ConversionHelperAidl: Function: parseAndSetVendorParameters Line: 94 Failed 
02-15 13:05:12.755  1842 27722 E ConversionHelperAidl: Function: parseAndSetVendorParameters Line: 94 Failed 
02-15 13:05:12.779  2832  3585 E WifiStaIfaceAidlImpl: getCachedScanData failed with service-specific exception: android.os.ServiceSpecificException:  (code 4)
02-15 13:05:12.783  2832  3783 E SemWifiLinkQualityMonitor: Too old or invalid TMI: currentTime=1771175112783 lastDateWindow=1771118498000
02-15 13:05:12.914  1855  1896 E HeatmapThread: ECT Thread time in milliseconds: 1771175112
02-15 13:05:12.918  1855  1896 E HeatmapThread: !@ CAM New BSOH: 100
02-15 13:05:13.069  2832  2915 E Watchdog: !@Sync: 3412 heap(MB): 146 / 167 FD: 1459 [2026-02-15 13:05:13.069]
02-15 13:05:13.914  1855  1896 E HeatmapThread: ECT Thread time in milliseconds: 1771175113
02-15 13:05:13.919  1855  1896 E HeatmapThread: !@ CAM New BSOH: 100
02-15 13:05:14.914  1855  1896 E HeatmapThread: ECT Thread time in milliseconds: 1771175114
02-15 13:05:14.918  1855  1896 E HeatmapThread: !@ CAM New BSOH: 100
02-15 13:05:15.110  1874  4439 E HwcComposer: getLuts failed Status(-129, EX_TRANSACTION_FAILED): 'UNKNOWN_TRANSACTION: '
02-15 13:05:15.790  2832  3585 E WifiStaIfaceAidlImpl: getCachedScanData failed with service-specific exception: android.os.ServiceSpecificException:  (code 4)
02-15 13:05:15.794  2832  3783 E SemWifiLinkQualityMonitor: Too old or invalid TMI: currentTime=1771175115794 lastDateWindow=1771118498000
02-15 13:05:15.914  1855  1896 E HeatmapThread: ECT Thread time in milliseconds: 1771175115
02-15 13:05:15.916  1855  1896 E HeatmapThread: !@ CAM New BSOH: 100
02-15 13:05:16.103  1814  1895 E BatteryDump: !@new_battery_dump : 4225,-237,100,100,81,317,303,328,317,0,331,328,0,Discharging,NO_CHARGING,None,Good,NONE,0,Normal,0,0,9300,0x40000000,0x10000,0x0,0,0,210,v0002,0000,0000,00000000,0,0,0,0,141,4236,7966,980,0,
02-15 13:05:16.914  1855  1896 E HeatmapThread: ECT Thread time in milliseconds: 1771175116
02-15 13:05:16.918  1855  1896 E HeatmapThread: !@ CAM New BSOH: 100
02-15 13:05:17.914  1855  1896 E HeatmapThread: ECT Thread time in milliseconds: 1771175117
02-15 13:05:17.917  1855  1896 E HeatmapThread: !@ CAM New BSOH: 100
02-15 13:05:18.799  2832  3585 E WifiStaIfaceAidlImpl: getCachedScanData failed with service-specific exception: android.os.ServiceSpecificException:  (code 4)
02-15 13:05:18.802  2832  3783 E SemWifiLinkQualityMonitor: Too old or invalid TMI: currentTime=1771175118802 lastDateWindow=1771118498000
02-15 13:05:18.914  1855  1896 E HeatmapThread: ECT Thread time in milliseconds: 1771175118
02-15 13:05:18.918  1855  1896 E HeatmapThread: !@ CAM New BSOH: 100
02-15 13:05:19.914  1855  1896 E HeatmapThread: ECT Thread time in milliseconds: 1771175119
02-15 13:05:19.919  1855  1896 E HeatmapThread: !@ CAM New BSOH: 100
02-15 13:05:20.914  1855  1896 E HeatmapThread: ECT Thread time in milliseconds: 1771175120
02-15 13:05:20.918  1855  1896 E HeatmapThread: !@ CAM New BSOH: 100
02-15 13:05:21.810  2832  3585 E WifiStaIfaceAidlImpl: getCachedScanData failed with service-specific exception: android.os.ServiceSpecificException:  (code 4)
02-15 13:05:21.813  2832  3783 E SemWifiLinkQualityMonitor: Too old or invalid TMI: currentTime=1771175121813 lastDateWindow=1771118498000
02-15 13:05:21.914  1855  1896 E HeatmapThread: ECT Thread time in milliseconds: 1771175121
02-15 13:05:21.918  1855  1896 E HeatmapThread: !@ CAM New BSOH: 100
02-15 13:05:22.795  1842 27722 E ConversionHelperAidl: Function: parseAndSetVendorParameters Line: 94 Failed 
02-15 13:05:22.796  1842 27722 E ConversionHelperAidl: Function: parseAndSetVendorParameters Line: 94 Failed 
02-15 13:05:22.797  1842  1933 E ConversionHelperAidl: Function: parseAndSetVendorParameters Line: 94 Failed 
02-15 13:05:22.798  1842  1933 E ConversionHelperAidl: Function: parseAndSetVendorParameters Line: 94 Failed 
02-15 13:05:22.914  1855  1896 E HeatmapThread: ECT Thread time in milliseconds: 1771175122
02-15 13:05:22.918  1855  1896 E HeatmapThread: !@ CAM New BSOH: 100
02-15 13:05:23.915  1855  1896 E HeatmapThread: ECT Thread time in milliseconds: 1771175123
02-15 13:05:23.920  1855  1896 E HeatmapThread: !@ CAM New BSOH: 100
02-15 13:05:24.265  2832  5680 E SemWifiService: getCurrentNetworkScore - invalid score data
02-15 13:05:24.265  2832  5680 E WifiProfileShare.Caster: failed to generate qos array, need to check network score data
02-15 13:05:24.819  2832  3585 E WifiStaIfaceAidlImpl: getCachedScanData failed with service-specific exception: android.os.ServiceSpecificException:  (code 4)
02-15 13:05:24.824  2832  3783 E SemWifiLinkQualityMonitor: Too old or invalid TMI: currentTime=1771175124824 lastDateWindow=1771118498000
02-15 13:05:24.914  1855  1896 E HeatmapThread: ECT Thread time in milliseconds: 1771175124
02-15 13:05:24.918  1855  1896 E HeatmapThread: !@ CAM New BSOH: 100
02-15 13:05:25.914  1855  1896 E HeatmapThread: ECT Thread time in milliseconds: 1771175125
02-15 13:05:25.919  1855  1896 E HeatmapThread: !@ CAM New BSOH: 100
02-15 13:05:26.914  1855  1896 E HeatmapThread: ECT Thread time in milliseconds: 1771175126
02-15 13:05:26.918  1855  1896 E HeatmapThread: !@ CAM New BSOH: 100
02-15 13:05:27.835  2832  3585 E WifiStaIfaceAidlImpl: getCachedScanData failed with service-specific exception: android.os.ServiceSpecificException:  (code 4)
02-15 13:05:27.839  2832  3783 E SemWifiLinkQualityMonitor: Too old or invalid TMI: currentTime=1771175127839 lastDateWindow=1771118498000
02-15 13:05:27.914  1855  1896 E HeatmapThread: ECT Thread time in milliseconds: 1771175127
02-15 13:05:27.919  1855  1896 E HeatmapThread: !@ CAM New BSOH: 100
02-15 13:05:28.914  1855  1896 E HeatmapThread: ECT Thread time in milliseconds: 1771175128
02-15 13:05:28.918  1855  1896 E HeatmapThread: !@ CAM New BSOH: 100
02-15 13:05:29.914  1855  1896 E HeatmapThread: ECT Thread time in milliseconds: 1771175129
02-15 13:05:29.918  1855  1896 E HeatmapThread: !@ CAM New BSOH: 100
02-15 13:05:30.849  2832  3585 E WifiStaIfaceAidlImpl: getCachedScanData failed with service-specific exception: android.os.ServiceSpecificException:  (code 4)
02-15 13:05:30.854  2832  3783 E SemWifiLinkQualityMonitor: Too old or invalid TMI: currentTime=1771175130854 lastDateWindow=1771118498000
02-15 13:05:30.914  1855  1896 E HeatmapThread: ECT Thread time in milliseconds: 1771175130
02-15 13:05:30.918  1855  1896 E HeatmapThread: !@ CAM New BSOH: 100
02-15 13:05:31.914  1855  1896 E HeatmapThread: ECT Thread time in milliseconds: 1771175131
02-15 13:05:31.919  1855  1896 E HeatmapThread: !@ CAM New BSOH: 100
02-15 13:05:32.392  2832  3585 E WifiStaIfaceAidlImpl: getCachedScanData failed with service-specific exception: android.os.ServiceSpecificException:  (code 4)
02-15 13:05:32.406  2832  2938 E BluetoothPowerStatsCollector: Cannot acquire BluetoothActivityEnergyInfo
02-15 13:05:32.406  2832  2938 E BluetoothPowerStatsCollector: java.util.concurrent.ExecutionException: java.lang.RuntimeException: error: 11
02-15 13:05:32.406  2832  2938 E BluetoothPowerStatsCollector: 	at java.util.concurrent.CompletableFuture.reportGet(CompletableFuture.java:372)
02-15 13:05:32.406  2832  2938 E BluetoothPowerStatsCollector: 	at java.util.concurrent.CompletableFuture.get(CompletableFuture.java:2072)
02-15 13:05:32.406  2832  2938 E BluetoothPowerStatsCollector: 	at com.android.server.power.stats.BluetoothPowerStatsCollector.collectStats(qb/105202279 360c6b680040fadf330c49f6c5b9ba5e98c78f573d7285cb06fa9bc9a2c110fd:202)
02-15 13:05:32.406  2832  2938 E BluetoothPowerStatsCollector: 	at com.android.server.power.stats.PowerStatsCollector$$ExternalSyntheticLambda0.run(qb/105202279 360c6b680040fadf330c49f6c5b9ba5e98c78f573d7285cb06fa9bc9a2c110fd:3)
02-15 13:05:32.406  2832  2938 E BluetoothPowerStatsCollector: 	at android.os.Handler.handleCallback(Handler.java:995)
02-15 13:05:32.406  2832  2938 E BluetoothPowerStatsCollector: 	at android.os.Handler.dispatchMessage(Handler.java:103)
02-15 13:05:32.406  2832  2938 E BluetoothPowerStatsCollector: 	at android.os.Looper.loopOnce(Looper.java:273)
02-15 13:05:32.406  2832  2938 E BluetoothPowerStatsCollector: 	at android.os.Looper.loop(Looper.java:363)
02-15 13:05:32.406  2832  2938 E BluetoothPowerStatsCollector: 	at android.os.HandlerThread.run(HandlerThread.java:85)
02-15 13:05:32.406  2832  2938 E BluetoothPowerStatsCollector: Caused by: java.lang.RuntimeException: error: 11
02-15 13:05:32.406  2832  2938 E BluetoothPowerStatsCollector: 	at com.android.server.power.stats.BluetoothPowerStatsCollector$1.onBluetoothActivityEnergyInfoError(qb/105202279 360c6b680040fadf330c49f6c5b9ba5e98c78f573d7285cb06fa9bc9a2c110fd:12)
02-15 13:05:32.406  2832  2938 E BluetoothPowerStatsCollector: 	at android.bluetooth.BluetoothAdapter$OnBluetoothActivityEnergyInfoProxy.lambda$onBluetoothActivityEnergyInfoAvailable$0(BluetoothAdapter.java:1226)
02-15 13:05:32.406  2832  2938 E BluetoothPowerStatsCollector: 	at android.bluetooth.BluetoothAdapter$OnBluetoothActivityEnergyInfoProxy$$ExternalSyntheticLambda1.run(D8$$SyntheticClass:0)
02-15 13:05:32.406  2832  2938 E BluetoothPowerStatsCollector: 	at android.bluetooth.BluetoothUtils.lambda$executeFromBinder$0(BluetoothUtils.java:343)
02-15 13:05:32.406  2832  2938 E BluetoothPowerStatsCollector: 	at android.bluetooth.BluetoothUtils$$ExternalSyntheticLambda1.run(D8$$SyntheticClass:0)
02-15 13:05:32.406  2832  2938 E BluetoothPowerStatsCollector: 	at com.android.server.SystemServerInitThreadPool$$ExternalSyntheticLambda0.execute(qb/105202279 360c6b680040fadf330c49f6c5b9ba5e98c78f573d7285cb06fa9bc9a2c110fd:1)
02-15 13:05:32.406  2832  2938 E BluetoothPowerStatsCollector: 	at android.bluetooth.BluetoothUtils.executeFromBinder(BluetoothUtils.java:343)
02-15 13:05:32.406  2832  2938 E BluetoothPowerStatsCollector: 	at android.bluetooth.BluetoothAdapter$OnBluetoothActivityEnergyInfoProxy.onBluetoothActivityEnergyInfoAvailable(BluetoothAdapter.java:1224)
02-15 13:05:32.406  2832  2938 E BluetoothPowerStatsCollector: 	at android.bluetooth.IBluetoothActivityEnergyInfoListener$Stub.onTransact(IBluetoothActivityEnergyInfoListener.java:98)
02-15 13:05:32.406  2832  2938 E BluetoothPowerStatsCollector: 	at android.os.Binder.execTransactInternal(Binder.java:1462)
02-15 13:05:32.406  2832  2938 E BluetoothPowerStatsCollector: 	at android.os.Binder.execTransact(Binder.java:1401)
02-15 13:05:32.837  1842  1933 E ConversionHelperAidl: Function: parseAndSetVendorParameters Line: 94 Failed 
02-15 13:05:32.838  1842  1933 E ConversionHelperAidl: Function: parseAndSetVendorParameters Line: 94 Failed 
02-15 13:05:32.840  1842  1933 E ConversionHelperAidl: Function: parseAndSetVendorParameters Line: 94 Failed 
02-15 13:05:32.840  1842  1933 E ConversionHelperAidl: Function: parseAndSetVendorParameters Line: 94 Failed 
02-15 13:05:32.914  1855  1896 E HeatmapThread: ECT Thread time in milliseconds: 1771175132
02-15 13:05:32.918  1855  1896 E HeatmapThread: !@ CAM New BSOH: 100
02-15 13:05:33.861  2832  3585 E WifiStaIfaceAidlImpl: getCachedScanData failed with service-specific exception: android.os.ServiceSpecificException:  (code 4)
02-15 13:05:33.866  2832  3783 E SemWifiLinkQualityMonitor: Too old or invalid TMI: currentTime=1771175133866 lastDateWindow=1771118498000
02-15 13:05:33.914  1855  1896 E HeatmapThread: ECT Thread time in milliseconds: 1771175133
02-15 13:05:33.918  1855  1896 E HeatmapThread: !@Entered the read from path function
02-15 13:05:33.919  1855  1896 E HeatmapThread: !@Read Extended_heatmap from efs is: 18738 0 0 0 0 0 0 0 0 0 0 0 0 0 0 0 0 0 1222 0 0 0 0 0 0 0 0 0 0 0 0 0 0 0 0 0 1417 0 0 0 0 0 0 0 0 0 0 0 0 0 0 0 0 0 1454 0 0 0 0 0 0 0 0 0 0 0 0 0 0 0 0 0 1409 0 0 0 0 0 0 0 0 0 0 0 0 0 0 0 0 0 1445 0 0 0 0 0 0 0 0 0 0 0 0 0 0 0 0 0 1431 0 0 0 0 0 0 0 0 0 0 0 0 0 0 0 0 0 1336 0 0 0 0 0 0 0 0 0 0 0 0 0 0 0 0 0 1452 0 0 0 0 0 0 0 0 0 0 0 0 0 0 0 0 0 1462 0 0 0 0 0 0 0 0 0 0 0 0 0 0 0 0 0 1286 0 0 0 0 0 0 0 0 0 0 0 0 0 0 0 0 0 5718 0 0 0 0 0 0 0 0 0 0 0 0 0 0 0 0 0 6525 0 0 0 0 0 0 0 0 0 0 0 0 0 0 0 0 0 12756 0 0 0 0 0 0 0 0 0 0 0 0 0 0 0 0 0 12666 0 0 0 0 0 0 0 0 0 0 0 0 0 0 0 0 0 12937 0 0 0 0 0 0 0 0 0 0 0 0 0 0 0 0 0 12912 0 0 0 0 0 0 0 0 0 0 0 0 0 0 0 0 0 9872 0 0 0 0 0 0 0 0 0 0 0 0 0 0 0 0 0 3784 0 0 0 0 0 0 0 0 0 0 0 0 0 0 0 0 0 3092 0 0 0 0 0 0 0 0 0 0 0 0 0 0 0 0 0 2707 0 0 0 0 0 0 0 0 0 0 0 0 0 0 0 0 0 2480 0 0 0 0 0 0 0 0 0 0 0 0 0 0 0 0 0 293 0 0 0 0 0 0 0 0 0 0 0 0 0 0 0 0 0 368 0 0 0 0 0 0 0 0 0 0 0 0 0 0 0 0 0 297 0 0 0 0 0 0 0 0 0 0 0 0 0 0 0 0 0 240 0 0 0
02-15 13:05:33.919  1855  1896 E HeatmapThread: !@Write Extended Heatmap to efs is: 18738 0 0 0 0 0 0 0 0 0 0 0 0 0 0 0 0 0 1222 0 0 0 0 0 0 0 0 0 0 0 0 0 0 0 0 0 1417 0 0 0 0 0 0 0 0 0 0 0 0 0 0 0 0 0 1454 0 0 0 0 0 0 0 0 0 0 0 0 0 0 0 0 0 1409 0 0 0 0 0 0 0 0 0 0 0 0 0 0 0 0 0 1445 0 0 0 0 0 0 0 0 0 0 0 0 0 0 0 0 0 1431 0 0 0 0 0 0 0 0 0 0 0 0 0 0 0 0 0 1336 0 0 0 0 0 0 0 0 0 0 0 0 0 0 0 0 0 1452 0 0 0 0 0 0 0 0 0 0 0 0 0 0 0 0 0 1462 0 0 0 0 0 0 0 0 0 0 0 0 0 0 0 0 0 1286 0 0 0 0 0 0 0 0 0 0 0 0 0 0 0 0 0 5718 0 0 0 0 0 0 0 0 0 0 0 0 0 0 0 0 0 6526 0 0 0 0 0 0 0 0 0 0 0 0 0 0 0 0 0 12756 0 0 0 0 0 0 0 0 0 0 0 0 0 0 0 0 0 12666 0 0 0 0 0 0 0 0 0 0 0 0 0 0 0 0 0 12937 0 0 0 0 0 0 0 0 0 0 0 0 0 0 0 0 0 12912 0 0 0 0 0 0 0 0 0 0 0 0 0 0 0 0 0 9872 0 0 0 0 0 0 0 0 0 0 0 0 0 0 0 0 0 3784 0 0 0 0 0 0 0 0 0 0 0 0 0 0 0 0 0 3092 0 0 0 0 0 0 0 0 0 0 0 0 0 0 0 0 0 2707 0 0 0 0 0 0 0 0 0 0 0 0 0 0 0 0 0 2480 0 0 0 0 0 0 0 0 0 0 0 0 0 0 0 0 0 293 0 0 0 0 0 0 0 0 0 0 0 0 0 0 0 0 0 368 0 0 0 0 0 0 0 0 0 0 0 0 0 0 0 0 0 297 0 0 0 0 0 0 0 0 0 0 0 0 0 0 0 0 0 240 0 0 0 
02-15 13:05:33.919  1855  1896 E HeatmapThread: !@ CAM New BSOH: 100
02-15 13:05:34.914  1855  1896 E HeatmapThread: ECT Thread time in milliseconds: 1771175134
02-15 13:05:34.918  1855  1896 E HeatmapThread: !@ CAM New BSOH: 100
02-15 13:05:35.915  1855  1896 E HeatmapThread: ECT Thread time in milliseconds: 1771175135
02-15 13:05:35.919  1855  1896 E HeatmapThread: !@ CAM New BSOH: 100
02-15 13:05:36.875  2832  3585 E WifiStaIfaceAidlImpl: getCachedScanData failed with service-specific exception: android.os.ServiceSpecificException:  (code 4)
02-15 13:05:36.879  2832  3783 E SemWifiLinkQualityMonitor: Too old or invalid TMI: currentTime=1771175136879 lastDateWindow=1771118498000
02-15 13:05:36.914  1855  1896 E HeatmapThread: ECT Thread time in milliseconds: 1771175136
02-15 13:05:36.917  1855  1896 E HeatmapThread: !@ CAM New BSOH: 100
02-15 13:05:37.914  1855  1896 E HeatmapThread: ECT Thread time in milliseconds: 1771175137
02-15 13:05:37.918  1855  1896 E HeatmapThread: !@ CAM New BSOH: 100
02-15 13:05:38.914  1855  1896 E HeatmapThread: ECT Thread time in milliseconds: 1771175138
02-15 13:05:38.917  1855  1896 E HeatmapThread: !@ CAM New BSOH: 100
02-15 13:05:39.889  2832  3585 E WifiStaIfaceAidlImpl: getCachedScanData failed with service-specific exception: android.os.ServiceSpecificException:  (code 4)
02-15 13:05:39.891  2832  3783 E SemWifiLinkQualityMonitor: Too old or invalid TMI: currentTime=1771175139891 lastDateWindow=1771118498000
02-15 13:05:39.914  1855  1896 E HeatmapThread: ECT Thread time in milliseconds: 1771175139
02-15 13:05:39.917  1855  1896 E HeatmapThread: !@ CAM New BSOH: 100
02-15 13:05:40.914  1855  1896 E HeatmapThread: ECT Thread time in milliseconds: 1771175140
02-15 13:05:40.917  1855  1896 E HeatmapThread: !@ CAM New BSOH: 100
02-15 13:05:41.914  1855  1896 E HeatmapThread: ECT Thread time in milliseconds: 1771175141
02-15 13:05:41.918  1855  1896 E HeatmapThread: !@ CAM New BSOH: 100
02-15 13:05:42.880  1842 27722 E ConversionHelperAidl: Function: parseAndSetVendorParameters Line: 94 Failed 
02-15 13:05:42.880  1842 27722 E ConversionHelperAidl: Function: parseAndSetVendorParameters Line: 94 Failed 
02-15 13:05:42.883  1842 27722 E ConversionHelperAidl: Function: parseAndSetVendorParameters Line: 94 Failed 
02-15 13:05:42.883  1842 27722 E ConversionHelperAidl: Function: parseAndSetVendorParameters Line: 94 Failed 
02-15 13:05:42.900  2832  3585 E WifiStaIfaceAidlImpl: getCachedScanData failed with service-specific exception: android.os.ServiceSpecificException:  (code 4)
02-15 13:05:42.904  2832  3783 E SemWifiLinkQualityMonitor: Too old or invalid TMI: currentTime=1771175142904 lastDateWindow=1771118498000
02-15 13:05:42.914  1855  1896 E HeatmapThread: ECT Thread time in milliseconds: 1771175142
02-15 13:05:42.918  1855  1896 E HeatmapThread: !@ CAM New BSOH: 100
02-15 13:05:43.074  2832  2915 E Watchdog: !@Sync: 3413 heap(MB): 158 / 167 FD: 1461 [2026-02-15 13:05:43.074]
02-15 13:05:43.914  1855  1896 E HeatmapThread: ECT Thread time in milliseconds: 1771175143
02-15 13:05:43.918  1855  1896 E HeatmapThread: !@ CAM New BSOH: 100
02-15 13:05:44.895  1772  2380 E SDM     : ScalarConfig::GetAIScaleSettingsInfo: AI Scaler Config for display 68 is not present
02-15 13:05:44.914  1855  1896 E HeatmapThread: ECT Thread time in milliseconds: 1771175144
02-15 13:05:44.916  1855  1896 E HeatmapThread: !@ CAM New BSOH: 100
02-15 13:05:45.172  1874  1965 E HwcComposer: getLuts failed Status(-129, EX_TRANSACTION_FAILED): 'UNKNOWN_TRANSACTION: '
02-15 13:05:45.913  2832  3585 E WifiStaIfaceAidlImpl: getCachedScanData failed with service-specific exception: android.os.ServiceSpecificException:  (code 4)
02-15 13:05:45.914  1855  1896 E HeatmapThread: ECT Thread time in milliseconds: 1771175145
02-15 13:05:45.917  2832  3783 E SemWifiLinkQualityMonitor: Too old or invalid TMI: currentTime=1771175145917 lastDateWindow=1771118498000
02-15 13:05:45.918  1855  1896 E HeatmapThread: !@ CAM New BSOH: 100
02-15 13:05:46.268  1814  1895 E BatteryDump: !@new_battery_dump : 4222,-175,100,100,81,316,303,327,316,0,330,327,0,Discharging,NO_CHARGING,None,Good,NONE,0,Normal,0,0,9300,0x40000000,0x10000,0x0,0,0,197,v0002,0000,0000,00000000,0,0,0,0,141,4236,7962,980,0,
02-15 13:05:46.914  1855  1896 E HeatmapThread: ECT Thread time in milliseconds: 1771175146
02-15 13:05:46.915  1855  1896 E HeatmapThread: !@ CAM New BSOH: 100
02-15 13:05:47.914  1855  1896 E HeatmapThread: ECT Thread time in milliseconds: 1771175147
02-15 13:05:47.918  1855  1896 E HeatmapThread: !@ CAM New BSOH: 100
02-15 13:05:48.914  1855  1896 E HeatmapThread: ECT Thread time in milliseconds: 1771175148
02-15 13:05:48.918  1855  1896 E HeatmapThread: !@ CAM New BSOH: 100
02-15 13:05:48.928  2832  3585 E WifiStaIfaceAidlImpl: getCachedScanData failed with service-specific exception: android.os.ServiceSpecificException:  (code 4)
02-15 13:05:48.933  2832  3783 E SemWifiLinkQualityMonitor: Too old or invalid TMI: currentTime=1771175148933 lastDateWindow=1771118498000
02-15 13:05:49.914  1855  1896 E HeatmapThread: ECT Thread time in milliseconds: 1771175149
02-15 13:05:49.918  1855  1896 E HeatmapThread: !@ CAM New BSOH: 100
02-15 13:05:50.914  1855  1896 E HeatmapThread: ECT Thread time in milliseconds: 1771175150
02-15 13:05:50.918  1855  1896 E HeatmapThread: !@ CAM New BSOH: 100
02-15 13:05:51.914  1855  1896 E HeatmapThread: ECT Thread time in milliseconds: 1771175151
02-15 13:05:51.918  1855  1896 E HeatmapThread: !@ CAM New BSOH: 100
02-15 13:05:51.940  2832  3585 E WifiStaIfaceAidlImpl: getCachedScanData failed with service-specific exception: android.os.ServiceSpecificException:  (code 4)
02-15 13:05:51.944  2832  3783 E SemWifiLinkQualityMonitor: Too old or invalid TMI: currentTime=1771175151944 lastDateWindow=1771118498000
02-15 13:05:52.914  1855  1896 E HeatmapThread: ECT Thread time in milliseconds: 1771175152
02-15 13:05:52.918  1855  1896 E HeatmapThread: !@ CAM New BSOH: 100
02-15 13:05:52.920  1842 27722 E ConversionHelperAidl: Function: parseAndSetVendorParameters Line: 94 Failed 
02-15 13:05:52.920  1842 27722 E ConversionHelperAidl: Function: parseAndSetVendorParameters Line: 94 Failed 
02-15 13:05:52.922  1842  1933 E ConversionHelperAidl: Function: parseAndSetVendorParameters Line: 94 Failed 
02-15 13:05:52.922  1842  1933 E ConversionHelperAidl: Function: parseAndSetVendorParameters Line: 94 Failed 
02-15 13:05:53.914  1855  1896 E HeatmapThread: ECT Thread time in milliseconds: 1771175153
02-15 13:05:53.917  1855  1896 E HeatmapThread: !@ CAM New BSOH: 100
02-15 13:05:54.914  1855  1896 E HeatmapThread: ECT Thread time in milliseconds: 1771175154
02-15 13:05:54.918  1855  1896 E HeatmapThread: !@ CAM New BSOH: 100
02-15 13:05:54.950  2832  3585 E WifiStaIfaceAidlImpl: getCachedScanData failed with service-specific exception: android.os.ServiceSpecificException:  (code 4)
02-15 13:05:54.953  2832  3783 E SemWifiLinkQualityMonitor: Too old or invalid TMI: currentTime=1771175154953 lastDateWindow=1771118498000
02-15 13:05:55.914  1855  1896 E HeatmapThread: ECT Thread time in milliseconds: 1771175155
02-15 13:05:55.922  1855  1896 E HeatmapThread: !@ CAM New BSOH: 100
02-15 13:05:56.914  1855  1896 E HeatmapThread: ECT Thread time in milliseconds: 1771175156
02-15 13:05:56.917  1855  1896 E HeatmapThread: !@ CAM New BSOH: 100
02-15 13:05:57.914  1855  1896 E HeatmapThread: ECT Thread time in milliseconds: 1771175157
02-15 13:05:57.919  1855  1896 E HeatmapThread: !@ CAM New BSOH: 100
02-15 13:05:57.961  2832  3585 E WifiStaIfaceAidlImpl: getCachedScanData failed with service-specific exception: android.os.ServiceSpecificException:  (code 4)
02-15 13:05:57.964  2832  3783 E SemWifiLinkQualityMonitor: Too old or invalid TMI: currentTime=1771175157964 lastDateWindow=1771118498000
02-15 13:05:58.914  1855  1896 E HeatmapThread: ECT Thread time in milliseconds: 1771175158
02-15 13:05:58.917  1855  1896 E HeatmapThread: !@ CAM New BSOH: 100
02-15 13:05:59.914  1855  1896 E HeatmapThread: ECT Thread time in milliseconds: 1771175159
02-15 13:05:59.918  1855  1896 E HeatmapThread: !@ CAM New BSOH: 100
02-15 13:06:00.028  1772  2380 E SDM     : ScalarConfig::GetAIScaleSettingsInfo: AI Scaler Config for display 68 is not present
02-15 13:06:00.914  1855  1896 E HeatmapThread: ECT Thread time in milliseconds: 1771175160
02-15 13:06:00.917  1855  1896 E HeatmapThread: !@ CAM New BSOH: 100
02-15 13:06:00.973  2832  3585 E WifiStaIfaceAidlImpl: getCachedScanData failed with service-specific exception: android.os.ServiceSpecificException:  (code 4)
02-15 13:06:00.977  2832  3783 E SemWifiLinkQualityMonitor: Too old or invalid TMI: currentTime=1771175160977 lastDateWindow=1771118498000
02-15 13:06:01.914  1855  1896 E HeatmapThread: ECT Thread time in milliseconds: 1771175161
02-15 13:06:01.917  1855  1896 E HeatmapThread: !@ CAM New BSOH: 100
02-15 13:06:02.914  1855  1896 E HeatmapThread: ECT Thread time in milliseconds: 1771175162
02-15 13:06:02.919  1855  1896 E HeatmapThread: !@ CAM New BSOH: 100
02-15 13:06:02.961  1842  1933 E ConversionHelperAidl: Function: parseAndSetVendorParameters Line: 94 Failed 
02-15 13:06:02.961  1842  1933 E ConversionHelperAidl: Function: parseAndSetVendorParameters Line: 94 Failed 
02-15 13:06:02.963  1842  1933 E ConversionHelperAidl: Function: parseAndSetVendorParameters Line: 94 Failed 
02-15 13:06:02.963  1842  1933 E ConversionHelperAidl: Function: parseAndSetVendorParameters Line: 94 Failed 
02-15 13:06:03.914  1855  1896 E HeatmapThread: ECT Thread time in milliseconds: 1771175163
02-15 13:06:03.918  1855  1896 E HeatmapThread: !@ CAM New BSOH: 100
02-15 13:06:03.984  2832  3585 E WifiStaIfaceAidlImpl: getCachedScanData failed with service-specific exception: android.os.ServiceSpecificException:  (code 4)
02-15 13:06:03.987  2832  3783 E SemWifiLinkQualityMonitor: Too old or invalid TMI: currentTime=1771175163987 lastDateWindow=1771118498000
02-15 13:06:04.565  3978  4449 E #IMSCR  : 02-15 13:06:04 0x11030000:0,REGI:REFRESH
02-15 13:06:04.570  1701  1804 E minksocket: MinkIPC ERROR: ( 1701:1804 ) MinkIPC_preProcess:272 Client down, but cannot find corresponding minksession
02-15 13:06:04.570  1701  1794 E minksocket: MinkIPC ERROR: ( 1701:1794 ) MinkIPC_preProcess:272 Client down, but cannot find corresponding minksession
02-15 13:06:04.570  1701  1794 E minksocket: MinkIPC ERROR: ( 1701:1794 ) MinkIPC_preProcess:272 Client down, but cannot find corresponding minksession
02-15 13:06:04.570  1701  1804 E minksocket: MinkIPC ERROR: ( 1701:1804 ) MinkIPC_preProcess:272 Client down, but cannot find corresponding minksession
02-15 13:06:04.570  1701  1804 E minksocket: MinkIPC ERROR: ( 1701:1804 ) MinkIPC_preProcess:272 Client down, but cannot find corresponding minksession
02-15 13:06:04.570  1701  1794 E minksocket: MinkIPC ERROR: ( 1701:1794 ) MinkIPC_preProcess:272 Client down, but cannot find corresponding minksession
02-15 13:06:04.571  1701  1804 E minksocket: MinkIPC ERROR: ( 1701:1804 ) MinkIPC_preProcess:272 Client down, but cannot find corresponding minksession
02-15 13:06:04.571  1701  1794 E minksocket: MinkIPC ERROR: ( 1701:1794 ) MinkIPC_preProcess:272 Client down, but cannot find corresponding minksession
02-15 13:06:04.816  3894  4537 E SatelliteController: notifyNtnEligibility: mSatellitePhone is null
02-15 13:06:04.914  1855  1896 E HeatmapThread: ECT Thread time in milliseconds: 1771175164
02-15 13:06:04.917  1855  1896 E HeatmapThread: !@ CAM New BSOH: 100
02-15 13:06:04.926  3978  4449 E #IMSCR  : 02-15 13:06:04 0x11030002:0,REG EXP:3600
02-15 13:06:04.935  3978  4092 E #IMSCR  : 02-15 13:06:04 0x11010000:0,REG OK:13:Claro_DO:ims:0x00000007
02-15 13:06:04.945  3978  3978 E RegiMgr<0>: getImsProfile: found [CDR IMS] for [VOLTE]
02-15 13:06:04.947  3978  4092 E SecImsServiceConnector: connect to local SecImsService #1 attempt
02-15 13:06:04.947  3978  4092 E SecImsServiceConnector: connect to local SecImsService #1 attempt
02-15 13:06:04.947  3978  4092 E SecImsServiceConnector: connect to local SecImsService #1 attempt
02-15 13:06:04.948  3978  4092 E #IMSCR  : 02-15 13:06:04 0x13000009:0,EC:0,CNT:0
02-15 13:06:04.948  3978  4092 E RegiMgr<0>: getImsProfile: found [CDR RCS] for [RCS]
02-15 13:06:04.948  3978  4092 E CapabilityUtil<0>: checkModuleReady: mConfig.isAvailable == false
02-15 13:06:04.948  3978  4092 E CapabilityUtil<0>: checkModuleReady: mConfig.isAvailable == false
02-15 13:06:04.949  3978  4092 E SecImsServiceConnector: connect to local SecImsService #1 attempt
02-15 13:06:04.949  3978  4092 E SecImsServiceConnector: connect to local SecImsService #1 attempt
02-15 13:06:04.949  3978  4092 E #IMSCR  : 02-15 13:06:04 0x3000000C:0
02-15 13:06:04.950  3978  4092 E CapabilityUtil<0>: checkModuleReady: mConfig.isAvailable == false
02-15 13:06:04.950  3978  4092 E CapabilityUtil<0>: checkModuleReady: mConfig.isAvailable == false
02-15 13:06:04.950  3978  4092 E SecImsServiceConnector: connect to local SecImsService #1 attempt
02-15 13:06:04.950  3978  4092 E SecImsServiceConnector: connect to local SecImsService #1 attempt
02-15 13:06:04.956  3978  4092 E #IMSREGI: (0, CDR IMS) REGISTERED
02-15 13:06:05.427  3978  6065 E RegiMgr<0>: getImsProfile: found [CDR RCS] for [RCS]
02-15 13:06:05.669  1701  1804 E minksocket: MinkIPC ERROR: ( 1701:1804 ) MinkIPC_preProcess:272 Client down, but cannot find corresponding minksession
02-15 13:06:05.669  1701  1794 E minksocket: MinkIPC ERROR: ( 1701:1794 ) MinkIPC_preProcess:272 Client down, but cannot find corresponding minksession
02-15 13:06:05.670  1701  1804 E minksocket: MinkIPC ERROR: ( 1701:1804 ) MinkIPC_preProcess:272 Client down, but cannot find corresponding minksession
02-15 13:06:05.670  1701  1794 E minksocket: MinkIPC ERROR: ( 1701:1794 ) MinkIPC_preProcess:272 Client down, but cannot find corresponding minksession
02-15 13:06:05.670  1701  1794 E minksocket: MinkIPC ERROR: ( 1701:1794 ) MinkIPC_preProcess:272 Client down, but cannot find corresponding minksession
02-15 13:06:05.670  1701  1804 E minksocket: MinkIPC ERROR: ( 1701:1804 ) MinkIPC_preProcess:272 Client down, but cannot find corresponding minksession
02-15 13:06:05.671  1701  1804 E minksocket: MinkIPC ERROR: ( 1701:1804 ) MinkIPC_preProcess:272 Client down, but cannot find corresponding minksession
02-15 13:06:05.671  1701  1794 E minksocket: MinkIPC ERROR: ( 1701:1794 ) MinkIPC_preProcess:272 Client down, but cannot find corresponding minksession
02-15 13:06:05.914  1855  1896 E HeatmapThread: ECT Thread time in milliseconds: 1771175165
02-15 13:06:05.917  1855  1896 E HeatmapThread: !@ CAM New BSOH: 100
02-15 13:06:06.914  1855  1896 E HeatmapThread: ECT Thread time in milliseconds: 1771175166
02-15 13:06:06.918  1855  1896 E HeatmapThread: !@ CAM New BSOH: 100
02-15 13:06:06.993  2832  3585 E WifiStaIfaceAidlImpl: getCachedScanData failed with service-specific exception: android.os.ServiceSpecificException:  (code 4)
02-15 13:06:06.997  2832  3783 E SemWifiLinkQualityMonitor: Too old or invalid TMI: currentTime=1771175166997 lastDateWindow=1771118498000
02-15 13:06:07.914  1855  1896 E HeatmapThread: ECT Thread time in milliseconds: 1771175167
02-15 13:06:07.917  1855  1896 E HeatmapThread: !@ CAM New BSOH: 100
02-15 13:06:08.914  1855  1896 E HeatmapThread: ECT Thread time in milliseconds: 1771175168
02-15 13:06:08.918  1855  1896 E HeatmapThread: !@ CAM New BSOH: 100
02-15 13:06:09.914  1855  1896 E HeatmapThread: ECT Thread time in milliseconds: 1771175169
02-15 13:06:09.917  1855  1896 E HeatmapThread: !@ CAM New BSOH: 100
02-15 13:06:10.005  2832  3585 E WifiStaIfaceAidlImpl: getCachedScanData failed with service-specific exception: android.os.ServiceSpecificException:  (code 4)
02-15 13:06:10.010  2832  3783 E SemWifiLinkQualityMonitor: Too old or invalid TMI: currentTime=1771175170010 lastDateWindow=1771118498000
02-15 13:06:10.914  1855  1896 E HeatmapThread: ECT Thread time in milliseconds: 1771175170
02-15 13:06:10.916  1855  1896 E HeatmapThread: !@ CAM New BSOH: 100
02-15 13:06:11.914  1855  1896 E HeatmapThread: ECT Thread time in milliseconds: 1771175171
02-15 13:06:11.918  1855  1896 E HeatmapThread: !@ CAM New BSOH: 100
02-15 13:06:12.914  1855  1896 E HeatmapThread: ECT Thread time in milliseconds: 1771175172
02-15 13:06:12.918  1855  1896 E HeatmapThread: !@ CAM New BSOH: 100
02-15 13:06:13.005  1842 27722 E ConversionHelperAidl: Function: parseAndSetVendorParameters Line: 94 Failed 
02-15 13:06:13.006  1842 27722 E ConversionHelperAidl: Function: parseAndSetVendorParameters Line: 94 Failed 
02-15 13:06:13.008  1842 27722 E ConversionHelperAidl: Function: parseAndSetVendorParameters Line: 94 Failed 
02-15 13:06:13.008  1842 27722 E ConversionHelperAidl: Function: parseAndSetVendorParameters Line: 94 Failed 
02-15 13:06:13.019  2832  3585 E WifiStaIfaceAidlImpl: getCachedScanData failed with service-specific exception: android.os.ServiceSpecificException:  (code 4)
02-15 13:06:13.022  2832  3783 E SemWifiLinkQualityMonitor: Too old or invalid TMI: currentTime=1771175173022 lastDateWindow=1771118498000
02-15 13:06:13.081  2832  2915 E Watchdog: !@Sync: 3414 heap(MB): 134 / 167 FD: 1457 [2026-02-15 13:06:13.081]
02-15 13:06:13.914  1855  1896 E HeatmapThread: ECT Thread time in milliseconds: 1771175173
02-15 13:06:13.916  1855  1896 E HeatmapThread: !@ CAM New BSOH: 100
02-15 13:06:14.510  5426  5426 E DWBn    : UsageDataManager MemoryTrimmable
02-15 13:06:14.510  5426  5426 E DWBg    : LocalPkgManager MemoryTrimmable
02-15 13:06:14.914  1855  1896 E HeatmapThread: ECT Thread time in milliseconds: 1771175174
02-15 13:06:14.920  1855  1896 E HeatmapThread: !@ CAM New BSOH: 100
02-15 13:06:15.226  1874  4439 E HwcComposer: getLuts failed Status(-129, EX_TRANSACTION_FAILED): 'UNKNOWN_TRANSACTION: '
02-15 13:06:15.914  1855  1896 E HeatmapThread: ECT Thread time in milliseconds: 1771175175
02-15 13:06:15.917  1855  1896 E HeatmapThread: !@ CAM New BSOH: 100
02-15 13:06:16.031  2832  3585 E WifiStaIfaceAidlImpl: getCachedScanData failed with service-specific exception: android.os.ServiceSpecificException:  (code 4)
02-15 13:06:16.037  2832  3783 E SemWifiLinkQualityMonitor: Too old or invalid TMI: currentTime=1771175176037 lastDateWindow=1771118498000
02-15 13:06:16.421  1814  1895 E BatteryDump: !@new_battery_dump : 4220,-275,100,100,81,317,303,332,317,0,330,331,0,Discharging,NO_CHARGING,None,Good,NONE,0,Normal,0,0,9300,0x40000000,0x10000,0x0,0,0,242,v0002,0000,0000,00000000,0,0,0,0,141,4235,7957,980,0,
02-15 13:06:16.914  1855  1896 E HeatmapThread: ECT Thread time in milliseconds: 1771175176
02-15 13:06:16.916  1855  1896 E HeatmapThread: !@ CAM New BSOH: 100
02-15 13:06:17.914  1855  1896 E HeatmapThread: ECT Thread time in milliseconds: 1771175177
02-15 13:06:17.918  1855  1896 E HeatmapThread: !@ CAM New BSOH: 100
02-15 13:06:18.914  1855  1896 E HeatmapThread: ECT Thread time in milliseconds: 1771175178
02-15 13:06:18.916  1855  1896 E HeatmapThread: !@ CAM New BSOH: 100
02-15 13:06:19.047  2832  3585 E WifiStaIfaceAidlImpl: getCachedScanData failed with service-specific exception: android.os.ServiceSpecificException:  (code 4)
02-15 13:06:19.051  2832  3783 E SemWifiLinkQualityMonitor: Too old or invalid TMI: currentTime=1771175179051 lastDateWindow=1771118498000
02-15 13:06:19.914  1855  1896 E HeatmapThread: ECT Thread time in milliseconds: 1771175179
02-15 13:06:19.918  1855  1896 E HeatmapThread: !@ CAM New BSOH: 100
02-15 13:06:20.914  1855  1896 E HeatmapThread: ECT Thread time in milliseconds: 1771175180
02-15 13:06:20.919  1855  1896 E HeatmapThread: !@ CAM New BSOH: 100
02-15 13:06:21.914  1855  1896 E HeatmapThread: ECT Thread time in milliseconds: 1771175181
02-15 13:06:21.918  1855  1896 E HeatmapThread: !@ CAM New BSOH: 100
02-15 13:06:22.057  2832  3585 E WifiStaIfaceAidlImpl: getCachedScanData failed with service-specific exception: android.os.ServiceSpecificException:  (code 4)
02-15 13:06:22.061  2832  3783 E SemWifiLinkQualityMonitor: Too old or invalid TMI: currentTime=1771175182061 lastDateWindow=1771118498000
02-15 13:06:22.914  1855  1896 E HeatmapThread: ECT Thread time in milliseconds: 1771175182
02-15 13:06:22.917  1855  1896 E HeatmapThread: !@ CAM New BSOH: 100
02-15 13:06:23.045  1842 27722 E ConversionHelperAidl: Function: parseAndSetVendorParameters Line: 94 Failed 
02-15 13:06:23.045  1842 27722 E ConversionHelperAidl: Function: parseAndSetVendorParameters Line: 94 Failed 
02-15 13:06:23.049  1842 27722 E ConversionHelperAidl: Function: parseAndSetVendorParameters Line: 94 Failed 
02-15 13:06:23.049  1842 27722 E ConversionHelperAidl: Function: parseAndSetVendorParameters Line: 94 Failed 
02-15 13:06:23.914  1855  1896 E HeatmapThread: ECT Thread time in milliseconds: 1771175183
02-15 13:06:23.917  1855  1896 E HeatmapThread: !@ CAM New BSOH: 100
02-15 13:06:24.337  2832  5680 E SemWifiService: getCurrentNetworkScore - invalid score data
02-15 13:06:24.337  2832  5680 E WifiProfileShare.Caster: failed to generate qos array, need to check network score data
02-15 13:06:24.914  1855  1896 E HeatmapThread: ECT Thread time in milliseconds: 1771175184
02-15 13:06:24.918  1855  1896 E HeatmapThread: !@ CAM New BSOH: 100
02-15 13:06:25.070  2832  3585 E WifiStaIfaceAidlImpl: getCachedScanData failed with service-specific exception: android.os.ServiceSpecificException:  (code 4)
02-15 13:06:25.072  2832  3783 E SemWifiLinkQualityMonitor: Too old or invalid TMI: currentTime=1771175185072 lastDateWindow=1771118498000
02-15 13:06:25.914  1855  1896 E HeatmapThread: ECT Thread time in milliseconds: 1771175185
02-15 13:06:25.919  1855  1896 E HeatmapThread: !@ CAM New BSOH: 100
02-15 13:06:26.914  1855  1896 E HeatmapThread: ECT Thread time in milliseconds: 1771175186
02-15 13:06:26.919  1855  1896 E HeatmapThread: !@ CAM New BSOH: 100
02-15 13:06:27.914  1855  1896 E HeatmapThread: ECT Thread time in milliseconds: 1771175187
02-15 13:06:27.917  1855  1896 E HeatmapThread: !@ CAM New BSOH: 100
02-15 13:06:28.083  2832  3585 E WifiStaIfaceAidlImpl: getCachedScanData failed with service-specific exception: android.os.ServiceSpecificException:  (code 4)
02-15 13:06:28.085  2832  3783 E SemWifiLinkQualityMonitor: Too old or invalid TMI: currentTime=1771175188085 lastDateWindow=1771118498000
02-15 13:06:28.914  1855  1896 E HeatmapThread: ECT Thread time in milliseconds: 1771175188
02-15 13:06:28.918  1855  1896 E HeatmapThread: !@ CAM New BSOH: 100
02-15 13:06:29.914  1855  1896 E HeatmapThread: ECT Thread time in milliseconds: 1771175189
02-15 13:06:29.917  1855  1896 E HeatmapThread: !@ CAM New BSOH: 100
02-15 13:06:30.776  1772  2380 E SDM     : ScalarConfig::GetAIScaleSettingsInfo: AI Scaler Config for display 68 is not present
02-15 13:06:30.914  1855  1896 E HeatmapThread: ECT Thread time in milliseconds: 1771175190
02-15 13:06:30.916  1855  1896 E HeatmapThread: !@ CAM New BSOH: 100
02-15 13:06:31.094  2832  3585 E WifiStaIfaceAidlImpl: getCachedScanData failed with service-specific exception: android.os.ServiceSpecificException:  (code 4)
02-15 13:06:31.099  2832  3783 E SemWifiLinkQualityMonitor: Too old or invalid TMI: currentTime=1771175191099 lastDateWindow=1771118498000
02-15 13:06:31.914  1855  1896 E HeatmapThread: ECT Thread time in milliseconds: 1771175191
02-15 13:06:31.916  1855  1896 E HeatmapThread: !@ CAM New BSOH: 100
02-15 13:06:32.755  2832  3585 E WifiStaIfaceAidlImpl: getCachedScanData failed with service-specific exception: android.os.ServiceSpecificException:  (code 4)
02-15 13:06:32.914  1855  1896 E HeatmapThread: ECT Thread time in milliseconds: 1771175192
02-15 13:06:32.918  1855  1896 E HeatmapThread: !@ CAM New BSOH: 100
02-15 13:06:33.085  1842 27722 E ConversionHelperAidl: Function: parseAndSetVendorParameters Line: 94 Failed 
02-15 13:06:33.085  1842 27722 E ConversionHelperAidl: Function: parseAndSetVendorParameters Line: 94 Failed 
02-15 13:06:33.087  1842  1933 E ConversionHelperAidl: Function: parseAndSetVendorParameters Line: 94 Failed 
02-15 13:06:33.087  1842  1933 E ConversionHelperAidl: Function: parseAndSetVendorParameters Line: 94 Failed 
02-15 13:06:33.914  1855  1896 E HeatmapThread: ECT Thread time in milliseconds: 1771175193
02-15 13:06:33.917  1855  1896 E HeatmapThread: !@Entered the read from path function
02-15 13:06:33.917  1855  1896 E HeatmapThread: !@Read Extended_heatmap from efs is: 18738 0 0 0 0 0 0 0 0 0 0 0 0 0 0 0 0 0 1222 0 0 0 0 0 0 0 0 0 0 0 0 0 0 0 0 0 1417 0 0 0 0 0 0 0 0 0 0 0 0 0 0 0 0 0 1454 0 0 0 0 0 0 0 0 0 0 0 0 0 0 0 0 0 1409 0 0 0 0 0 0 0 0 0 0 0 0 0 0 0 0 0 1445 0 0 0 0 0 0 0 0 0 0 0 0 0 0 0 0 0 1431 0 0 0 0 0 0 0 0 0 0 0 0 0 0 0 0 0 1336 0 0 0 0 0 0 0 0 0 0 0 0 0 0 0 0 0 1452 0 0 0 0 0 0 0 0 0 0 0 0 0 0 0 0 0 1462 0 0 0 0 0 0 0 0 0 0 0 0 0 0 0 0 0 1286 0 0 0 0 0 0 0 0 0 0 0 0 0 0 0 0 0 5718 0 0 0 0 0 0 0 0 0 0 0 0 0 0 0 0 0 6526 0 0 0 0 0 0 0 0 0 0 0 0 0 0 0 0 0 12756 0 0 0 0 0 0 0 0 0 0 0 0 0 0 0 0 0 12666 0 0 0 0 0 0 0 0 0 0 0 0 0 0 0 0 0 12937 0 0 0 0 0 0 0 0 0 0 0 0 0 0 0 0 0 12912 0 0 0 0 0 0 0 0 0 0 0 0 0 0 0 0 0 9872 0 0 0 0 0 0 0 0 0 0 0 0 0 0 0 0 0 3784 0 0 0 0 0 0 0 0 0 0 0 0 0 0 0 0 0 3092 0 0 0 0 0 0 0 0 0 0 0 0 0 0 0 0 0 2707 0 0 0 0 0 0 0 0 0 0 0 0 0 0 0 0 0 2480 0 0 0 0 0 0 0 0 0 0 0 0 0 0 0 0 0 293 0 0 0 0 0 0 0 0 0 0 0 0 0 0 0 0 0 368 0 0 0 0 0 0 0 0 0 0 0 0 0 0 0 0 0 297 0 0 0 0 0 0 0 0 0 0 0 0 0 0 0 0 0 240 0 0 0
02-15 13:06:33.918  1855  1896 E HeatmapThread: !@Write Extended Heatmap to efs is: 18738 0 0 0 0 0 0 0 0 0 0 0 0 0 0 0 0 0 1222 0 0 0 0 0 0 0 0 0 0 0 0 0 0 0 0 0 1417 0 0 0 0 0 0 0 0 0 0 0 0 0 0 0 0 0 1454 0 0 0 0 0 0 0 0 0 0 0 0 0 0 0 0 0 1409 0 0 0 0 0 0 0 0 0 0 0 0 0 0 0 0 0 1445 0 0 0 0 0 0 0 0 0 0 0 0 0 0 0 0 0 1431 0 0 0 0 0 0 0 0 0 0 0 0 0 0 0 0 0 1336 0 0 0 0 0 0 0 0 0 0 0 0 0 0 0 0 0 1452 0 0 0 0 0 0 0 0 0 0 0 0 0 0 0 0 0 1462 0 0 0 0 0 0 0 0 0 0 0 0 0 0 0 0 0 1286 0 0 0 0 0 0 0 0 0 0 0 0 0 0 0 0 0 5718 0 0 0 0 0 0 0 0 0 0 0 0 0 0 0 0 0 6527 0 0 0 0 0 0 0 0 0 0 0 0 0 0 0 0 0 12756 0 0 0 0 0 0 0 0 0 0 0 0 0 0 0 0 0 12666 0 0 0 0 0 0 0 0 0 0 0 0 0 0 0 0 0 12937 0 0 0 0 0 0 0 0 0 0 0 0 0 0 0 0 0 12912 0 0 0 0 0 0 0 0 0 0 0 0 0 0 0 0 0 9872 0 0 0 0 0 0 0 0 0 0 0 0 0 0 0 0 0 3784 0 0 0 0 0 0 0 0 0 0 0 0 0 0 0 0 0 3092 0 0 0 0 0 0 0 0 0 0 0 0 0 0 0 0 0 2707 0 0 0 0 0 0 0 0 0 0 0 0 0 0 0 0 0 2480 0 0 0 0 0 0 0 0 0 0 0 0 0 0 0 0 0 293 0 0 0 0 0 0 0 0 0 0 0 0 0 0 0 0 0 368 0 0 0 0 0 0 0 0 0 0 0 0 0 0 0 0 0 297 0 0 0 0 0 0 0 0 0 0 0 0 0 0 0 0 0 240 0 0 0 
02-15 13:06:33.918  1855  1896 E HeatmapThread: !@ CAM New BSOH: 100
02-15 13:06:34.107  2832  3585 E WifiStaIfaceAidlImpl: getCachedScanData failed with service-specific exception: android.os.ServiceSpecificException:  (code 4)
02-15 13:06:34.111  2832  3783 E SemWifiLinkQualityMonitor: Too old or invalid TMI: currentTime=1771175194111 lastDateWindow=1771118498000
02-15 13:06:34.914  1855  1896 E HeatmapThread: ECT Thread time in milliseconds: 1771175194
02-15 13:06:34.917  1855  1896 E HeatmapThread: !@ CAM New BSOH: 100
02-15 13:06:35.914  1855  1896 E HeatmapThread: ECT Thread time in milliseconds: 1771175195
02-15 13:06:35.918  1855  1896 E HeatmapThread: !@ CAM New BSOH: 100
02-15 13:06:36.914  1855  1896 E HeatmapThread: ECT Thread time in milliseconds: 1771175196
02-15 13:06:36.918  1855  1896 E HeatmapThread: !@ CAM New BSOH: 100
02-15 13:06:37.119  2832  3585 E WifiStaIfaceAidlImpl: getCachedScanData failed with service-specific exception: android.os.ServiceSpecificException:  (code 4)
02-15 13:06:37.123  2832  3783 E SemWifiLinkQualityMonitor: Too old or invalid TMI: currentTime=1771175197123 lastDateWindow=1771118498000
02-15 13:06:37.914  1855  1896 E HeatmapThread: ECT Thread time in milliseconds: 1771175197
02-15 13:06:37.920  1855  1896 E HeatmapThread: !@ CAM New BSOH: 100
02-15 13:06:38.914  1855  1896 E HeatmapThread: ECT Thread time in milliseconds: 1771175198
02-15 13:06:38.916  1855  1896 E HeatmapThread: !@ CAM New BSOH: 100
02-15 13:06:39.914  1855  1896 E HeatmapThread: ECT Thread time in milliseconds: 1771175199
02-15 13:06:39.916  1855  1896 E HeatmapThread: !@ CAM New BSOH: 100
02-15 13:06:40.129  2832  3585 E WifiStaIfaceAidlImpl: getCachedScanData failed with service-specific exception: android.os.ServiceSpecificException:  (code 4)
02-15 13:06:40.133  2832  3783 E SemWifiLinkQualityMonitor: Too old or invalid TMI: currentTime=1771175200133 lastDateWindow=1771118498000
02-15 13:06:40.914  1855  1896 E HeatmapThread: ECT Thread time in milliseconds: 1771175200
02-15 13:06:40.917  1855  1896 E HeatmapThread: !@ CAM New BSOH: 100
02-15 13:06:41.914  1855  1896 E HeatmapThread: ECT Thread time in milliseconds: 1771175201
02-15 13:06:41.918  1855  1896 E HeatmapThread: !@ CAM New BSOH: 100
02-15 13:06:42.914  1855  1896 E HeatmapThread: ECT Thread time in milliseconds: 1771175202
02-15 13:06:42.919  1855  1896 E HeatmapThread: !@ CAM New BSOH: 100
02-15 13:06:43.090  2832  2915 E Watchdog: !@Sync: 3415 heap(MB): 144 / 167 FD: 1459 [2026-02-15 13:06:43.090]
02-15 13:06:43.127  1842  1933 E ConversionHelperAidl: Function: parseAndSetVendorParameters Line: 94 Failed 
02-15 13:06:43.127  1842  1933 E ConversionHelperAidl: Function: parseAndSetVendorParameters Line: 94 Failed 
02-15 13:06:43.129  1842  1933 E ConversionHelperAidl: Function: parseAndSetVendorParameters Line: 94 Failed 
02-15 13:06:43.129  1842  1933 E ConversionHelperAidl: Function: parseAndSetVendorParameters Line: 94 Failed 
02-15 13:06:43.140  2832  3585 E WifiStaIfaceAidlImpl: getCachedScanData failed with service-specific exception: android.os.ServiceSpecificException:  (code 4)
02-15 13:06:43.143  2832  3783 E SemWifiLinkQualityMonitor: Too old or invalid TMI: currentTime=1771175203143 lastDateWindow=1771118498000
02-15 13:06:43.914  1855  1896 E HeatmapThread: ECT Thread time in milliseconds: 1771175203
02-15 13:06:43.919  1855  1896 E HeatmapThread: !@ CAM New BSOH: 100
02-15 13:06:44.914  1855  1896 E HeatmapThread: ECT Thread time in milliseconds: 1771175204
02-15 13:06:44.917  1855  1896 E HeatmapThread: !@ CAM New BSOH: 100
02-15 13:06:45.292  1874  4439 E HwcComposer: getLuts failed Status(-129, EX_TRANSACTION_FAILED): 'UNKNOWN_TRANSACTION: '
02-15 13:06:45.697  3894  4537 E SatelliteController: notifyNtnEligibility: mSatellitePhone is null
02-15 13:06:45.914  1855  1896 E HeatmapThread: ECT Thread time in milliseconds: 1771175205
02-15 13:06:45.919  1855  1896 E HeatmapThread: !@ CAM New BSOH: 100
02-15 13:06:46.150  2832  3585 E WifiStaIfaceAidlImpl: getCachedScanData failed with service-specific exception: android.os.ServiceSpecificException:  (code 4)
02-15 13:06:46.154  2832  3783 E SemWifiLinkQualityMonitor: Too old or invalid TMI: currentTime=1771175206154 lastDateWindow=1771118498000
02-15 13:06:46.575  1814  1895 E BatteryDump: !@new_battery_dump : 4220,-225,100,100,81,318,303,336,318,0,330,335,0,Discharging,NO_CHARGING,None,Good,NONE,0,Normal,0,0,9300,0x40000000,0x10000,0x0,0,0,264,v0002,0000,0000,00000000,0,0,0,0,141,4235,7951,980,0,
02-15 13:06:46.914  1855  1896 E HeatmapThread: ECT Thread time in milliseconds: 1771175206
02-15 13:06:46.918  1855  1896 E HeatmapThread: !@ CAM New BSOH: 100
02-15 13:06:47.914  1855  1896 E HeatmapThread: ECT Thread time in milliseconds: 1771175207
02-15 13:06:47.919  1855  1896 E HeatmapThread: !@ CAM New BSOH: 100
02-15 13:06:48.914  1855  1896 E HeatmapThread: ECT Thread time in milliseconds: 1771175208
02-15 13:06:48.919  1855  1896 E HeatmapThread: !@ CAM New BSOH: 100
02-15 13:06:49.163  2832  3585 E WifiStaIfaceAidlImpl: getCachedScanData failed with service-specific exception: android.os.ServiceSpecificException:  (code 4)
02-15 13:06:49.167  2832  3783 E SemWifiLinkQualityMonitor: Too old or invalid TMI: currentTime=1771175209167 lastDateWindow=1771118498000
02-15 13:06:49.914  1855  1896 E HeatmapThread: ECT Thread time in milliseconds: 1771175209
02-15 13:06:49.918  1855  1896 E HeatmapThread: !@ CAM New BSOH: 100
02-15 13:06:50.914  1855  1896 E HeatmapThread: ECT Thread time in milliseconds: 1771175210
02-15 13:06:50.918  1855  1896 E HeatmapThread: !@ CAM New BSOH: 100
02-15 13:06:51.914  1855  1896 E HeatmapThread: ECT Thread time in milliseconds: 1771175211
02-15 13:06:51.919  1855  1896 E HeatmapThread: !@ CAM New BSOH: 100
02-15 13:06:52.180  2832  3585 E WifiStaIfaceAidlImpl: getCachedScanData failed with service-specific exception: android.os.ServiceSpecificException:  (code 4)
02-15 13:06:52.184  2832  3783 E SemWifiLinkQualityMonitor: Too old or invalid TMI: currentTime=1771175212184 lastDateWindow=1771118498000
02-15 13:06:52.914  1855  1896 E HeatmapThread: ECT Thread time in milliseconds: 1771175212
02-15 13:06:52.917  1855  1896 E HeatmapThread: !@ CAM New BSOH: 100
02-15 13:06:53.163  1842  1933 E ConversionHelperAidl: Function: parseAndSetVendorParameters Line: 94 Failed 
02-15 13:06:53.163  1842  1933 E ConversionHelperAidl: Function: parseAndSetVendorParameters Line: 94 Failed 
02-15 13:06:53.164  1842  1933 E ConversionHelperAidl: Function: parseAndSetVendorParameters Line: 94 Failed 
02-15 13:06:53.164  1842  1933 E ConversionHelperAidl: Function: parseAndSetVendorParameters Line: 94 Failed 
02-15 13:06:53.914  1855  1896 E HeatmapThread: ECT Thread time in milliseconds: 1771175213
02-15 13:06:53.917  1855  1896 E HeatmapThread: !@ CAM New BSOH: 100
02-15 13:06:54.914  1855  1896 E HeatmapThread: ECT Thread time in milliseconds: 1771175214
02-15 13:06:54.918  1855  1896 E HeatmapThread: !@ CAM New BSOH: 100
02-15 13:06:55.194  2832  3585 E WifiStaIfaceAidlImpl: getCachedScanData failed with service-specific exception: android.os.ServiceSpecificException:  (code 4)
02-15 13:06:55.197  2832  3783 E SemWifiLinkQualityMonitor: Too old or invalid TMI: currentTime=1771175215197 lastDateWindow=1771118498000
02-15 13:06:55.914  1855  1896 E HeatmapThread: ECT Thread time in milliseconds: 1771175215
02-15 13:06:55.919  1855  1896 E HeatmapThread: !@ CAM New BSOH: 100
02-15 13:06:56.914  1855  1896 E HeatmapThread: ECT Thread time in milliseconds: 1771175216
02-15 13:06:56.918  1855  1896 E HeatmapThread: !@ CAM New BSOH: 100
02-15 13:06:57.914  1855  1896 E HeatmapThread: ECT Thread time in milliseconds: 1771175217
02-15 13:06:57.918  1855  1896 E HeatmapThread: !@ CAM New BSOH: 100
02-15 13:06:58.206  2832  3585 E WifiStaIfaceAidlImpl: getCachedScanData failed with service-specific exception: android.os.ServiceSpecificException:  (code 4)
02-15 13:06:58.210  2832  3783 E SemWifiLinkQualityMonitor: Too old or invalid TMI: currentTime=1771175218210 lastDateWindow=1771118498000
02-15 13:06:58.914  1855  1896 E HeatmapThread: ECT Thread time in milliseconds: 1771175218
02-15 13:06:58.918  1855  1896 E HeatmapThread: !@ CAM New BSOH: 100
02-15 13:06:59.914  1855  1896 E HeatmapThread: ECT Thread time in milliseconds: 1771175219
02-15 13:06:59.918  1855  1896 E HeatmapThread: !@ CAM New BSOH: 100
02-15 13:07:00.030  1772  2380 E SDM     : ScalarConfig::GetAIScaleSettingsInfo: AI Scaler Config for display 68 is not present
02-15 13:07:00.914  1855  1896 E HeatmapThread: ECT Thread time in milliseconds: 1771175220
02-15 13:07:00.915  1855  1896 E HeatmapThread: !@ CAM New BSOH: 100
02-15 13:07:01.218  2832  3585 E WifiStaIfaceAidlImpl: getCachedScanData failed with service-specific exception: android.os.ServiceSpecificException:  (code 4)
02-15 13:07:01.222  2832  3783 E SemWifiLinkQualityMonitor: Too old or invalid TMI: currentTime=1771175221222 lastDateWindow=1771118498000
02-15 13:07:01.914  1855  1896 E HeatmapThread: ECT Thread time in milliseconds: 1771175221
02-15 13:07:01.918  1855  1896 E HeatmapThread: !@ CAM New BSOH: 100
02-15 13:07:02.914  1855  1896 E HeatmapThread: ECT Thread time in milliseconds: 1771175222
02-15 13:07:02.917  1855  1896 E HeatmapThread: !@ CAM New BSOH: 100
02-15 13:07:03.205  1842  1933 E ConversionHelperAidl: Function: parseAndSetVendorParameters Line: 94 Failed 
02-15 13:07:03.206  1842  1933 E ConversionHelperAidl: Function: parseAndSetVendorParameters Line: 94 Failed 
02-15 13:07:03.207  1842  1933 E ConversionHelperAidl: Function: parseAndSetVendorParameters Line: 94 Failed 
02-15 13:07:03.208  1842  1933 E ConversionHelperAidl: Function: parseAndSetVendorParameters Line: 94 Failed 
02-15 13:07:03.914  1855  1896 E HeatmapThread: ECT Thread time in milliseconds: 1771175223
02-15 13:07:03.919  1855  1896 E HeatmapThread: !@ CAM New BSOH: 100
02-15 13:07:04.231  2832  3585 E WifiStaIfaceAidlImpl: getCachedScanData failed with service-specific exception: android.os.ServiceSpecificException:  (code 4)
02-15 13:07:04.234  2832  3783 E SemWifiLinkQualityMonitor: Too old or invalid TMI: currentTime=1771175224234 lastDateWindow=1771118498000
02-15 13:07:04.914  1855  1896 E HeatmapThread: ECT Thread time in milliseconds: 1771175224
02-15 13:07:04.918  1855  1896 E HeatmapThread: !@ CAM New BSOH: 100
02-15 13:07:05.914  1855  1896 E HeatmapThread: ECT Thread time in milliseconds: 1771175225
02-15 13:07:05.917  1855  1896 E HeatmapThread: !@ CAM New BSOH: 100
02-15 13:07:06.914  1855  1896 E HeatmapThread: ECT Thread time in milliseconds: 1771175226
02-15 13:07:06.918  1855  1896 E HeatmapThread: !@ CAM New BSOH: 100
02-15 13:07:07.246  2832  3585 E WifiStaIfaceAidlImpl: getCachedScanData failed with service-specific exception: android.os.ServiceSpecificException:  (code 4)
02-15 13:07:07.249  2832  3783 E SemWifiLinkQualityMonitor: Too old or invalid TMI: currentTime=1771175227249 lastDateWindow=1771118498000
02-15 13:07:07.914  1855  1896 E HeatmapThread: ECT Thread time in milliseconds: 1771175227
02-15 13:07:07.918  1855  1896 E HeatmapThread: !@ CAM New BSOH: 100
02-15 13:07:08.914  1855  1896 E HeatmapThread: ECT Thread time in milliseconds: 1771175228
02-15 13:07:08.918  1855  1896 E HeatmapThread: !@ CAM New BSOH: 100
02-15 13:07:09.914  1855  1896 E HeatmapThread: ECT Thread time in milliseconds: 1771175229
02-15 13:07:09.918  1855  1896 E HeatmapThread: !@ CAM New BSOH: 100
02-15 13:07:10.258  2832  3585 E WifiStaIfaceAidlImpl: getCachedScanData failed with service-specific exception: android.os.ServiceSpecificException:  (code 4)
02-15 13:07:10.264  2832  3783 E SemWifiLinkQualityMonitor: Too old or invalid TMI: currentTime=1771175230264 lastDateWindow=1771118498000
02-15 13:07:10.914  1855  1896 E HeatmapThread: ECT Thread time in milliseconds: 1771175230
02-15 13:07:10.919  1855  1896 E HeatmapThread: !@ CAM New BSOH: 100
02-15 13:07:11.914  1855  1896 E HeatmapThread: ECT Thread time in milliseconds: 1771175231
02-15 13:07:11.917  1855  1896 E HeatmapThread: !@ CAM New BSOH: 100
02-15 13:07:12.914  1855  1896 E HeatmapThread: ECT Thread time in milliseconds: 1771175232
02-15 13:07:12.919  1855  1896 E HeatmapThread: !@ CAM New BSOH: 100
02-15 13:07:13.098  2832  2915 E Watchdog: !@Sync: 3416 heap(MB): 155 / 167 FD: 1459 [2026-02-15 13:07:13.098]
02-15 13:07:13.248  1842  1933 E ConversionHelperAidl: Function: parseAndSetVendorParameters Line: 94 Failed 
02-15 13:07:13.249  1842  1933 E ConversionHelperAidl: Function: parseAndSetVendorParameters Line: 94 Failed 
02-15 13:07:13.252  1842  1933 E ConversionHelperAidl: Function: parseAndSetVendorParameters Line: 94 Failed 
02-15 13:07:13.252  1842  1933 E ConversionHelperAidl: Function: parseAndSetVendorParameters Line: 94 Failed 
02-15 13:07:13.272  2832  3585 E WifiStaIfaceAidlImpl: getCachedScanData failed with service-specific exception: android.os.ServiceSpecificException:  (code 4)
02-15 13:07:13.275  2832  3783 E SemWifiLinkQualityMonitor: Too old or invalid TMI: currentTime=1771175233275 lastDateWindow=1771118498000
02-15 13:07:13.914  1855  1896 E HeatmapThread: ECT Thread time in milliseconds: 1771175233
02-15 13:07:13.918  1855  1896 E HeatmapThread: !@ CAM New BSOH: 100
02-15 13:07:14.914  1855  1896 E HeatmapThread: ECT Thread time in milliseconds: 1771175234
02-15 13:07:14.918  1855  1896 E HeatmapThread: !@ CAM New BSOH: 100
02-15 13:07:15.361  1874  4570 E HwcComposer: getLuts failed Status(-129, EX_TRANSACTION_FAILED): 'UNKNOWN_TRANSACTION: '
02-15 13:07:15.914  1855  1896 E HeatmapThread: ECT Thread time in milliseconds: 1771175235
02-15 13:07:15.917  1855  1896 E HeatmapThread: !@ CAM New BSOH: 100
02-15 13:07:16.280  2832  3585 E WifiStaIfaceAidlImpl: getCachedScanData failed with service-specific exception: android.os.ServiceSpecificException:  (code 4)
02-15 13:07:16.284  2832  3783 E SemWifiLinkQualityMonitor: Too old or invalid TMI: currentTime=1771175236284 lastDateWindow=1771118498000
02-15 13:07:16.697  1814  1895 E BatteryDump: !@new_battery_dump : 4220,-214,100,100,81,317,303,330,317,0,332,330,0,Discharging,NO_CHARGING,None,Good,NONE,0,Normal,0,0,9300,0x40000000,0x10000,0x0,0,0,217,v0002,0000,0000,00000000,0,0,0,0,141,4234,7947,980,0,
02-15 13:07:16.914  1855  1896 E HeatmapThread: ECT Thread time in milliseconds: 1771175236
02-15 13:07:16.917  1855  1896 E HeatmapThread: !@ CAM New BSOH: 100
02-15 13:07:17.378  1772  2380 E SDM     : ScalarConfig::GetAIScaleSettingsInfo: AI Scaler Config for display 68 is not present
02-15 13:07:17.914  1855  1896 E HeatmapThread: ECT Thread time in milliseconds: 1771175237
02-15 13:07:17.917  1855  1896 E HeatmapThread: !@ CAM New BSOH: 100
02-15 13:07:18.914  1855  1896 E HeatmapThread: ECT Thread time in milliseconds: 1771175238
02-15 13:07:18.918  1855  1896 E HeatmapThread: !@ CAM New BSOH: 100
02-15 13:07:19.290  2832  3585 E WifiStaIfaceAidlImpl: getCachedScanData failed with service-specific exception: android.os.ServiceSpecificException:  (code 4)
02-15 13:07:19.295  2832  3783 E SemWifiLinkQualityMonitor: Too old or invalid TMI: currentTime=1771175239295 lastDateWindow=1771118498000
02-15 13:07:19.914  1855  1896 E HeatmapThread: ECT Thread time in milliseconds: 1771175239
02-15 13:07:19.917  1855  1896 E HeatmapThread: !@ CAM New BSOH: 100
02-15 13:07:20.914  1855  1896 E HeatmapThread: ECT Thread time in milliseconds: 1771175240
02-15 13:07:20.918  1855  1896 E HeatmapThread: !@ CAM New BSOH: 100
02-15 13:07:21.914  1855  1896 E HeatmapThread: ECT Thread time in milliseconds: 1771175241
02-15 13:07:21.919  1855  1896 E HeatmapThread: !@ CAM New BSOH: 100
02-15 13:07:22.302  2832  3585 E WifiStaIfaceAidlImpl: getCachedScanData failed with service-specific exception: android.os.ServiceSpecificException:  (code 4)
02-15 13:07:22.307  2832  3783 E SemWifiLinkQualityMonitor: Too old or invalid TMI: currentTime=1771175242307 lastDateWindow=1771118498000
02-15 13:07:22.914  1855  1896 E HeatmapThread: ECT Thread time in milliseconds: 1771175242
02-15 13:07:22.917  1855  1896 E HeatmapThread: !@ CAM New BSOH: 100
02-15 13:07:23.288  1842  1933 E ConversionHelperAidl: Function: parseAndSetVendorParameters Line: 94 Failed 
02-15 13:07:23.289  1842  1933 E ConversionHelperAidl: Function: parseAndSetVendorParameters Line: 94 Failed 
02-15 13:07:23.291  1842  1933 E ConversionHelperAidl: Function: parseAndSetVendorParameters Line: 94 Failed 
02-15 13:07:23.291  1842  1933 E ConversionHelperAidl: Function: parseAndSetVendorParameters Line: 94 Failed 
02-15 13:07:23.914  1855  1896 E HeatmapThread: ECT Thread time in milliseconds: 1771175243
02-15 13:07:23.918  1855  1896 E HeatmapThread: !@ CAM New BSOH: 100
02-15 13:07:24.396  2832  5680 E SemWifiService: getCurrentNetworkScore - invalid score data
02-15 13:07:24.396  2832  5680 E WifiProfileShare.Caster: failed to generate qos array, need to check network score data
02-15 13:07:24.914  1855  1896 E HeatmapThread: ECT Thread time in milliseconds: 1771175244
02-15 13:07:24.918  1855  1896 E HeatmapThread: !@ CAM New BSOH: 100
02-15 13:07:25.313  2832  3585 E WifiStaIfaceAidlImpl: getCachedScanData failed with service-specific exception: android.os.ServiceSpecificException:  (code 4)
02-15 13:07:25.317  2832  3783 E SemWifiLinkQualityMonitor: Too old or invalid TMI: currentTime=1771175245316 lastDateWindow=1771118498000
02-15 13:07:25.914  1855  1896 E HeatmapThread: ECT Thread time in milliseconds: 1771175245
02-15 13:07:25.918  1855  1896 E HeatmapThread: !@ CAM New BSOH: 100
02-15 13:07:26.914  1855  1896 E HeatmapThread: ECT Thread time in milliseconds: 1771175246
02-15 13:07:26.918  1855  1896 E HeatmapThread: !@ CAM New BSOH: 100
02-15 13:07:27.914  1855  1896 E HeatmapThread: ECT Thread time in milliseconds: 1771175247
02-15 13:07:27.919  1855  1896 E HeatmapThread: !@ CAM New BSOH: 100
02-15 13:07:28.321  2832  3585 E WifiStaIfaceAidlImpl: getCachedScanData failed with service-specific exception: android.os.ServiceSpecificException:  (code 4)
02-15 13:07:28.322  2832  3783 E SemWifiLinkQualityMonitor: Too old or invalid TMI: currentTime=1771175248322 lastDateWindow=1771118498000
02-15 13:07:28.914  1855  1896 E HeatmapThread: ECT Thread time in milliseconds: 1771175248
02-15 13:07:28.918  1855  1896 E HeatmapThread: !@ CAM New BSOH: 100
02-15 13:07:29.914  1855  1896 E HeatmapThread: ECT Thread time in milliseconds: 1771175249
02-15 13:07:29.918  1855  1896 E HeatmapThread: !@ CAM New BSOH: 100
02-15 13:07:30.914  1855  1896 E HeatmapThread: ECT Thread time in milliseconds: 1771175250
02-15 13:07:30.919  1855  1896 E HeatmapThread: !@ CAM New BSOH: 100
02-15 13:07:31.334  2832  3585 E WifiStaIfaceAidlImpl: getCachedScanData failed with service-specific exception: android.os.ServiceSpecificException:  (code 4)
02-15 13:07:31.338  2832  3783 E SemWifiLinkQualityMonitor: Too old or invalid TMI: currentTime=1771175251338 lastDateWindow=1771118498000
02-15 13:07:31.914  1855  1896 E HeatmapThread: ECT Thread time in milliseconds: 1771175251
02-15 13:07:31.917  1855  1896 E HeatmapThread: !@ CAM New BSOH: 100
02-15 13:07:32.914  1855  1896 E HeatmapThread: ECT Thread time in milliseconds: 1771175252
02-15 13:07:32.918  1855  1896 E HeatmapThread: !@ CAM New BSOH: 100
02-15 13:07:33.327  1842  1933 E ConversionHelperAidl: Function: parseAndSetVendorParameters Line: 94 Failed 
02-15 13:07:33.328  1842  1933 E ConversionHelperAidl: Function: parseAndSetVendorParameters Line: 94 Failed 
02-15 13:07:33.330  1842  1933 E ConversionHelperAidl: Function: parseAndSetVendorParameters Line: 94 Failed 
02-15 13:07:33.331  1842  1933 E ConversionHelperAidl: Function: parseAndSetVendorParameters Line: 94 Failed 
02-15 13:07:33.914  1855  1896 E HeatmapThread: ECT Thread time in milliseconds: 1771175253
02-15 13:07:33.918  1855  1896 E HeatmapThread: !@Entered the read from path function
02-15 13:07:33.919  1855  1896 E HeatmapThread: !@Read Extended_heatmap from efs is: 18738 0 0 0 0 0 0 0 0 0 0 0 0 0 0 0 0 0 1222 0 0 0 0 0 0 0 0 0 0 0 0 0 0 0 0 0 1417 0 0 0 0 0 0 0 0 0 0 0 0 0 0 0 0 0 1454 0 0 0 0 0 0 0 0 0 0 0 0 0 0 0 0 0 1409 0 0 0 0 0 0 0 0 0 0 0 0 0 0 0 0 0 1445 0 0 0 0 0 0 0 0 0 0 0 0 0 0 0 0 0 1431 0 0 0 0 0 0 0 0 0 0 0 0 0 0 0 0 0 1336 0 0 0 0 0 0 0 0 0 0 0 0 0 0 0 0 0 1452 0 0 0 0 0 0 0 0 0 0 0 0 0 0 0 0 0 1462 0 0 0 0 0 0 0 0 0 0 0 0 0 0 0 0 0 1286 0 0 0 0 0 0 0 0 0 0 0 0 0 0 0 0 0 5718 0 0 0 0 0 0 0 0 0 0 0 0 0 0 0 0 0 6527 0 0 0 0 0 0 0 0 0 0 0 0 0 0 0 0 0 12756 0 0 0 0 0 0 0 0 0 0 0 0 0 0 0 0 0 12666 0 0 0 0 0 0 0 0 0 0 0 0 0 0 0 0 0 12937 0 0 0 0 0 0 0 0 0 0 0 0 0 0 0 0 0 12912 0 0 0 0 0 0 0 0 0 0 0 0 0 0 0 0 0 9872 0 0 0 0 0 0 0 0 0 0 0 0 0 0 0 0 0 3784 0 0 0 0 0 0 0 0 0 0 0 0 0 0 0 0 0 3092 0 0 0 0 0 0 0 0 0 0 0 0 0 0 0 0 0 2707 0 0 0 0 0 0 0 0 0 0 0 0 0 0 0 0 0 2480 0 0 0 0 0 0 0 0 0 0 0 0 0 0 0 0 0 293 0 0 0 0 0 0 0 0 0 0 0 0 0 0 0 0 0 368 0 0 0 0 0 0 0 0 0 0 0 0 0 0 0 0 0 297 0 0 0 0 0 0 0 0 0 0 0 0 0 0 0 0 0 240 0 0 0
02-15 13:07:33.919  1855  1896 E HeatmapThread: !@Write Extended Heatmap to efs is: 18738 0 0 0 0 0 0 0 0 0 0 0 0 0 0 0 0 0 1222 0 0 0 0 0 0 0 0 0 0 0 0 0 0 0 0 0 1417 0 0 0 0 0 0 0 0 0 0 0 0 0 0 0 0 0 1454 0 0 0 0 0 0 0 0 0 0 0 0 0 0 0 0 0 1409 0 0 0 0 0 0 0 0 0 0 0 0 0 0 0 0 0 1445 0 0 0 0 0 0 0 0 0 0 0 0 0 0 0 0 0 1431 0 0 0 0 0 0 0 0 0 0 0 0 0 0 0 0 0 1336 0 0 0 0 0 0 0 0 0 0 0 0 0 0 0 0 0 1452 0 0 0 0 0 0 0 0 0 0 0 0 0 0 0 0 0 1462 0 0 0 0 0 0 0 0 0 0 0 0 0 0 0 0 0 1286 0 0 0 0 0 0 0 0 0 0 0 0 0 0 0 0 0 5718 0 0 0 0 0 0 0 0 0 0 0 0 0 0 0 0 0 6528 0 0 0 0 0 0 0 0 0 0 0 0 0 0 0 0 0 12756 0 0 0 0 0 0 0 0 0 0 0 0 0 0 0 0 0 12666 0 0 0 0 0 0 0 0 0 0 0 0 0 0 0 0 0 12937 0 0 0 0 0 0 0 0 0 0 0 0 0 0 0 0 0 12912 0 0 0 0 0 0 0 0 0 0 0 0 0 0 0 0 0 9872 0 0 0 0 0 0 0 0 0 0 0 0 0 0 0 0 0 3784 0 0 0 0 0 0 0 0 0 0 0 0 0 0 0 0 0 3092 0 0 0 0 0 0 0 0 0 0 0 0 0 0 0 0 0 2707 0 0 0 0 0 0 0 0 0 0 0 0 0 0 0 0 0 2480 0 0 0 0 0 0 0 0 0 0 0 0 0 0 0 0 0 293 0 0 0 0 0 0 0 0 0 0 0 0 0 0 0 0 0 368 0 0 0 0 0 0 0 0 0 0 0 0 0 0 0 0 0 297 0 0 0 0 0 0 0 0 0 0 0 0 0 0 0 0 0 240 0 0 0 
02-15 13:07:33.919  1855  1896 E HeatmapThread: !@ CAM New BSOH: 100
02-15 13:07:34.346  2832  3585 E WifiStaIfaceAidlImpl: getCachedScanData failed with service-specific exception: android.os.ServiceSpecificException:  (code 4)
02-15 13:07:34.350  2832  3783 E SemWifiLinkQualityMonitor: Too old or invalid TMI: currentTime=1771175254350 lastDateWindow=1771118498000
02-15 13:07:34.914  1855  1896 E HeatmapThread: ECT Thread time in milliseconds: 1771175254
02-15 13:07:34.917  1855  1896 E HeatmapThread: !@ CAM New BSOH: 100
02-15 13:07:34.982  2832  3585 E WifiStaIfaceAidlImpl: getCachedScanData failed with service-specific exception: android.os.ServiceSpecificException:  (code 4)
02-15 13:07:35.914  1855  1896 E HeatmapThread: ECT Thread time in milliseconds: 1771175255
02-15 13:07:35.918  1855  1896 E HeatmapThread: !@ CAM New BSOH: 100
02-15 13:07:36.914  1855  1896 E HeatmapThread: ECT Thread time in milliseconds: 1771175256
02-15 13:07:36.919  1855  1896 E HeatmapThread: !@ CAM New BSOH: 100
02-15 13:07:37.362  2832  3585 E WifiStaIfaceAidlImpl: getCachedScanData failed with service-specific exception: android.os.ServiceSpecificException:  (code 4)
02-15 13:07:37.366  2832  3783 E SemWifiLinkQualityMonitor: Too old or invalid TMI: currentTime=1771175257366 lastDateWindow=1771118498000
02-15 13:07:37.914  1855  1896 E HeatmapThread: ECT Thread time in milliseconds: 1771175257
02-15 13:07:37.916  1855  1896 E HeatmapThread: !@ CAM New BSOH: 100
02-15 13:07:38.914  1855  1896 E HeatmapThread: ECT Thread time in milliseconds: 1771175258
02-15 13:07:38.919  1855  1896 E HeatmapThread: !@ CAM New BSOH: 100
02-15 13:07:39.914  1855  1896 E HeatmapThread: ECT Thread time in milliseconds: 1771175259
02-15 13:07:39.917  1855  1896 E HeatmapThread: !@ CAM New BSOH: 100
02-15 13:07:40.374  2832  3585 E WifiStaIfaceAidlImpl: getCachedScanData failed with service-specific exception: android.os.ServiceSpecificException:  (code 4)
02-15 13:07:40.377  2832  3783 E SemWifiLinkQualityMonitor: Too old or invalid TMI: currentTime=1771175260377 lastDateWindow=1771118498000
02-15 13:07:40.914  1855  1896 E HeatmapThread: ECT Thread time in milliseconds: 1771175260
02-15 13:07:40.921  1855  1896 E HeatmapThread: !@ CAM New BSOH: 100
02-15 13:07:41.914  1855  1896 E HeatmapThread: ECT Thread time in milliseconds: 1771175261
02-15 13:07:41.919  1855  1896 E HeatmapThread: !@ CAM New BSOH: 100
02-15 13:07:42.914  1855  1896 E HeatmapThread: ECT Thread time in milliseconds: 1771175262
02-15 13:07:42.919  1855  1896 E HeatmapThread: !@ CAM New BSOH: 100
02-15 13:07:43.107  2832  2915 E Watchdog: !@Sync: 3417 heap(MB): 165 / 167 FD: 1461 [2026-02-15 13:07:43.106]
02-15 13:07:43.370  1842 27722 E ConversionHelperAidl: Function: parseAndSetVendorParameters Line: 94 Failed 
02-15 13:07:43.371  1842 27722 E ConversionHelperAidl: Function: parseAndSetVendorParameters Line: 94 Failed 
02-15 13:07:43.373  1842 27722 E ConversionHelperAidl: Function: parseAndSetVendorParameters Line: 94 Failed 
02-15 13:07:43.373  1842 27722 E ConversionHelperAidl: Function: parseAndSetVendorParameters Line: 94 Failed 
02-15 13:07:43.388  2832  3585 E WifiStaIfaceAidlImpl: getCachedScanData failed with service-specific exception: android.os.ServiceSpecificException:  (code 4)
02-15 13:07:43.392  2832  3783 E SemWifiLinkQualityMonitor: Too old or invalid TMI: currentTime=1771175263392 lastDateWindow=1771118498000
02-15 13:07:43.914  1855  1896 E HeatmapThread: ECT Thread time in milliseconds: 1771175263
02-15 13:07:43.917  1855  1896 E HeatmapThread: !@ CAM New BSOH: 100
02-15 13:07:44.914  1855  1896 E HeatmapThread: ECT Thread time in milliseconds: 1771175264
02-15 13:07:44.916  1855  1896 E HeatmapThread: !@ CAM New BSOH: 100
02-15 13:07:45.429  1874  4439 E HwcComposer: getLuts failed Status(-129, EX_TRANSACTION_FAILED): 'UNKNOWN_TRANSACTION: '
02-15 13:07:45.914  1855  1896 E HeatmapThread: ECT Thread time in milliseconds: 1771175265
02-15 13:07:45.918  1855  1896 E HeatmapThread: !@ CAM New BSOH: 100
02-15 13:07:46.400  2832  3585 E WifiStaIfaceAidlImpl: getCachedScanData failed with service-specific exception: android.os.ServiceSpecificException:  (code 4)
02-15 13:07:46.404  2832  3783 E SemWifiLinkQualityMonitor: Too old or invalid TMI: currentTime=1771175266404 lastDateWindow=1771118498000
02-15 13:07:46.858  1814  1895 E BatteryDump: !@new_battery_dump : 4215,-281,100,100,81,317,303,328,317,0,331,328,0,Discharging,NO_CHARGING,None,Good,NONE,0,Normal,0,0,9300,0x40000000,0x10000,0x0,0,0,212,v0002,0000,0000,00000000,0,0,0,0,141,4233,7942,980,0,
02-15 13:07:46.914  1855  1896 E HeatmapThread: ECT Thread time in milliseconds: 1771175266
02-15 13:07:46.918  1855  1896 E HeatmapThread: !@ CAM New BSOH: 100
02-15 13:07:47.914  1855  1896 E HeatmapThread: ECT Thread time in milliseconds: 1771175267
02-15 13:07:47.919  1855  1896 E HeatmapThread: !@ CAM New BSOH: 100
02-15 13:07:48.914  1855  1896 E HeatmapThread: ECT Thread time in milliseconds: 1771175268
02-15 13:07:48.919  1855  1896 E HeatmapThread: !@ CAM New BSOH: 100
02-15 13:07:49.413  2832  3585 E WifiStaIfaceAidlImpl: getCachedScanData failed with service-specific exception: android.os.ServiceSpecificException:  (code 4)
02-15 13:07:49.417  2832  3783 E SemWifiLinkQualityMonitor: Too old or invalid TMI: currentTime=1771175269417 lastDateWindow=1771118498000
02-15 13:07:49.914  1855  1896 E HeatmapThread: ECT Thread time in milliseconds: 1771175269
02-15 13:07:49.917  1855  1896 E HeatmapThread: !@ CAM New BSOH: 100
02-15 13:07:50.914  1855  1896 E HeatmapThread: ECT Thread time in milliseconds: 1771175270
02-15 13:07:50.919  1855  1896 E HeatmapThread: !@ CAM New BSOH: 100
02-15 13:07:51.914  1855  1896 E HeatmapThread: ECT Thread time in milliseconds: 1771175271
02-15 13:07:51.917  1855  1896 E HeatmapThread: !@ CAM New BSOH: 100
02-15 13:07:52.428  2832  3585 E WifiStaIfaceAidlImpl: getCachedScanData failed with service-specific exception: android.os.ServiceSpecificException:  (code 4)
02-15 13:07:52.430  2832  3783 E SemWifiLinkQualityMonitor: Too old or invalid TMI: currentTime=1771175272430 lastDateWindow=1771118498000
02-15 13:07:52.914  1855  1896 E HeatmapThread: ECT Thread time in milliseconds: 1771175272
02-15 13:07:52.919  1855  1896 E HeatmapThread: !@ CAM New BSOH: 100
02-15 13:07:53.411  1842 27722 E ConversionHelperAidl: Function: parseAndSetVendorParameters Line: 94 Failed 
02-15 13:07:53.412  1842 27722 E ConversionHelperAidl: Function: parseAndSetVendorParameters Line: 94 Failed 
02-15 13:07:53.414  1842 27722 E ConversionHelperAidl: Function: parseAndSetVendorParameters Line: 94 Failed 
02-15 13:07:53.414  1842 27722 E ConversionHelperAidl: Function: parseAndSetVendorParameters Line: 94 Failed 
02-15 13:07:53.914  1855  1896 E HeatmapThread: ECT Thread time in milliseconds: 1771175273
02-15 13:07:53.918  1855  1896 E HeatmapThread: !@ CAM New BSOH: 100
02-15 13:07:54.914  1855  1896 E HeatmapThread: ECT Thread time in milliseconds: 1771175274
02-15 13:07:54.919  1855  1896 E HeatmapThread: !@ CAM New BSOH: 100
02-15 13:07:55.440  2832  3585 E WifiStaIfaceAidlImpl: getCachedScanData failed with service-specific exception: android.os.ServiceSpecificException:  (code 4)
02-15 13:07:55.444  2832  3783 E SemWifiLinkQualityMonitor: Too old or invalid TMI: currentTime=1771175275444 lastDateWindow=1771118498000
02-15 13:07:55.914  1855  1896 E HeatmapThread: ECT Thread time in milliseconds: 1771175275
02-15 13:07:55.916  1855  1896 E HeatmapThread: !@ CAM New BSOH: 100
02-15 13:07:56.914  1855  1896 E HeatmapThread: ECT Thread time in milliseconds: 1771175276
02-15 13:07:56.916  1855  1896 E HeatmapThread: !@ CAM New BSOH: 100
02-15 13:07:57.914  1855  1896 E HeatmapThread: ECT Thread time in milliseconds: 1771175277
02-15 13:07:57.917  1855  1896 E HeatmapThread: !@ CAM New BSOH: 100
02-15 13:07:58.454  2832  3585 E WifiStaIfaceAidlImpl: getCachedScanData failed with service-specific exception: android.os.ServiceSpecificException:  (code 4)
02-15 13:07:58.458  2832  3783 E SemWifiLinkQualityMonitor: Too old or invalid TMI: currentTime=1771175278458 lastDateWindow=1771118498000
02-15 13:07:58.914  1855  1896 E HeatmapThread: ECT Thread time in milliseconds: 1771175278
02-15 13:07:58.918  1855  1896 E HeatmapThread: !@ CAM New BSOH: 100
02-15 13:07:59.914  1855  1896 E HeatmapThread: ECT Thread time in milliseconds: 1771175279
02-15 13:07:59.918  1855  1896 E HeatmapThread: !@ CAM New BSOH: 100
02-15 13:08:00.023  1772  2380 E SDM     : ScalarConfig::GetAIScaleSettingsInfo: AI Scaler Config for display 68 is not present
02-15 13:08:00.914  1855  1896 E HeatmapThread: ECT Thread time in milliseconds: 1771175280
02-15 13:08:00.918  1855  1896 E HeatmapThread: !@ CAM New BSOH: 100
02-15 13:08:01.471  2832  3585 E WifiStaIfaceAidlImpl: getCachedScanData failed with service-specific exception: android.os.ServiceSpecificException:  (code 4)
02-15 13:08:01.475  2832  3783 E SemWifiLinkQualityMonitor: Too old or invalid TMI: currentTime=1771175281475 lastDateWindow=1771118498000
02-15 13:08:01.914  1855  1896 E HeatmapThread: ECT Thread time in milliseconds: 1771175281
02-15 13:08:01.918  1855  1896 E HeatmapThread: !@ CAM New BSOH: 100
02-15 13:08:02.914  1855  1896 E HeatmapThread: ECT Thread time in milliseconds: 1771175282
02-15 13:08:02.918  1855  1896 E HeatmapThread: !@ CAM New BSOH: 100
02-15 13:08:03.339  1772  2380 E SDM     : ScalarConfig::GetAIScaleSettingsInfo: AI Scaler Config for display 68 is not present
02-15 13:08:03.450  1842 27722 E ConversionHelperAidl: Function: parseAndSetVendorParameters Line: 94 Failed 
02-15 13:08:03.451  1842 27722 E ConversionHelperAidl: Function: parseAndSetVendorParameters Line: 94 Failed 
02-15 13:08:03.452  1842 27722 E ConversionHelperAidl: Function: parseAndSetVendorParameters Line: 94 Failed 
02-15 13:08:03.453  1842 27722 E ConversionHelperAidl: Function: parseAndSetVendorParameters Line: 94 Failed 
02-15 13:08:03.914  1855  1896 E HeatmapThread: ECT Thread time in milliseconds: 1771175283
02-15 13:08:03.918  1855  1896 E HeatmapThread: !@ CAM New BSOH: 100
02-15 13:08:04.483  2832  3585 E WifiStaIfaceAidlImpl: getCachedScanData failed with service-specific exception: android.os.ServiceSpecificException:  (code 4)
02-15 13:08:04.487  2832  3783 E SemWifiLinkQualityMonitor: Too old or invalid TMI: currentTime=1771175284487 lastDateWindow=1771118498000
02-15 13:08:04.914  1855  1896 E HeatmapThread: ECT Thread time in milliseconds: 1771175284
02-15 13:08:04.916  1855  1896 E HeatmapThread: !@ CAM New BSOH: 100
02-15 13:08:05.914  1855  1896 E HeatmapThread: ECT Thread time in milliseconds: 1771175285
02-15 13:08:05.918  1855  1896 E HeatmapThread: !@ CAM New BSOH: 100
02-15 13:08:06.914  1855  1896 E HeatmapThread: ECT Thread time in milliseconds: 1771175286
02-15 13:08:06.918  1855  1896 E HeatmapThread: !@ CAM New BSOH: 100
02-15 13:08:07.495  2832  3585 E WifiStaIfaceAidlImpl: getCachedScanData failed with service-specific exception: android.os.ServiceSpecificException:  (code 4)
02-15 13:08:07.499  2832  3783 E SemWifiLinkQualityMonitor: Too old or invalid TMI: currentTime=1771175287499 lastDateWindow=1771118498000
02-15 13:08:07.914  1855  1896 E HeatmapThread: ECT Thread time in milliseconds: 1771175287
02-15 13:08:07.916  1855  1896 E HeatmapThread: !@ CAM New BSOH: 100
02-15 13:08:08.914  1855  1896 E HeatmapThread: ECT Thread time in milliseconds: 1771175288
02-15 13:08:08.917  1855  1896 E HeatmapThread: !@ CAM New BSOH: 100
02-15 13:08:09.914  1855  1896 E HeatmapThread: ECT Thread time in milliseconds: 1771175289
02-15 13:08:09.917  1855  1896 E HeatmapThread: !@ CAM New BSOH: 100
02-15 13:08:10.507  2832  3585 E WifiStaIfaceAidlImpl: getCachedScanData failed with service-specific exception: android.os.ServiceSpecificException:  (code 4)
02-15 13:08:10.509  2832  3783 E SemWifiLinkQualityMonitor: Too old or invalid TMI: currentTime=1771175290509 lastDateWindow=1771118498000
02-15 13:08:10.914  1855  1896 E HeatmapThread: ECT Thread time in milliseconds: 1771175290
02-15 13:08:10.918  1855  1896 E HeatmapThread: !@ CAM New BSOH: 100
02-15 13:08:11.914  1855  1896 E HeatmapThread: ECT Thread time in milliseconds: 1771175291
02-15 13:08:11.917  1855  1896 E HeatmapThread: !@ CAM New BSOH: 100
02-15 13:08:12.914  1855  1896 E HeatmapThread: ECT Thread time in milliseconds: 1771175292
02-15 13:08:12.918  1855  1896 E HeatmapThread: !@ CAM New BSOH: 100
02-15 13:08:13.114  2832  2915 E Watchdog: !@Sync: 3418 heap(MB): 131 / 167 FD: 1453 [2026-02-15 13:08:13.113]
02-15 13:08:13.491  1842 27722 E ConversionHelperAidl: Function: parseAndSetVendorParameters Line: 94 Failed 
02-15 13:08:13.492  1842 27722 E ConversionHelperAidl: Function: parseAndSetVendorParameters Line: 94 Failed 
02-15 13:08:13.494  1842 27722 E ConversionHelperAidl: Function: parseAndSetVendorParameters Line: 94 Failed 
02-15 13:08:13.495  1842 27722 E ConversionHelperAidl: Function: parseAndSetVendorParameters Line: 94 Failed 
02-15 13:08:13.516  2832  3585 E WifiStaIfaceAidlImpl: getCachedScanData failed with service-specific exception: android.os.ServiceSpecificException:  (code 4)
02-15 13:08:13.519  2832  3783 E SemWifiLinkQualityMonitor: Too old or invalid TMI: currentTime=1771175293519 lastDateWindow=1771118498000
02-15 13:08:13.914  1855  1896 E HeatmapThread: ECT Thread time in milliseconds: 1771175293
02-15 13:08:13.919  1855  1896 E HeatmapThread: !@ CAM New BSOH: 100
02-15 13:08:14.914  1855  1896 E HeatmapThread: ECT Thread time in milliseconds: 1771175294
02-15 13:08:14.918  1855  1896 E HeatmapThread: !@ CAM New BSOH: 100
02-15 13:08:15.507  1874  4570 E HwcComposer: getLuts failed Status(-129, EX_TRANSACTION_FAILED): 'UNKNOWN_TRANSACTION: '
02-15 13:08:15.914  1855  1896 E HeatmapThread: ECT Thread time in milliseconds: 1771175295
02-15 13:08:15.917  1855  1896 E HeatmapThread: !@ CAM New BSOH: 100
02-15 13:08:16.448  1701  1794 E minksocket: MinkIPC ERROR: ( 1701:1794 ) MinkIPC_preProcess:272 Client down, but cannot find corresponding minksession
02-15 13:08:16.448  1701  1804 E minksocket: MinkIPC ERROR: ( 1701:1804 ) MinkIPC_preProcess:272 Client down, but cannot find corresponding minksession
02-15 13:08:16.527  2832  3585 E WifiStaIfaceAidlImpl: getCachedScanData failed with service-specific exception: android.os.ServiceSpecificException:  (code 4)
02-15 13:08:16.533  2832  3783 E SemWifiLinkQualityMonitor: Too old or invalid TMI: currentTime=1771175296533 lastDateWindow=1771118498000
02-15 13:08:16.914  1855  1896 E HeatmapThread: ECT Thread time in milliseconds: 1771175296
02-15 13:08:16.915  1855  1896 E HeatmapThread: !@ CAM New BSOH: 100
02-15 13:08:16.994  1814  1895 E BatteryDump: !@new_battery_dump : 4219,-219,100,100,80,316,303,327,316,0,330,327,0,Discharging,NO_CHARGING,None,Good,NONE,0,Normal,0,0,9300,0x40000000,0x10000,0x0,0,0,210,v0002,0000,0000,00000000,0,0,0,0,141,4233,7939,980,0,
02-15 13:08:17.046  1772  2380 E SDM     : ScalarConfig::GetAIScaleSettingsInfo: AI Scaler Config for display 68 is not present
02-15 13:08:17.914  1855  1896 E HeatmapThread: ECT Thread time in milliseconds: 1771175297
02-15 13:08:17.915  1855  1896 E HeatmapThread: !@ CAM New BSOH: 100
02-15 13:08:18.914  1855  1896 E HeatmapThread: ECT Thread time in milliseconds: 1771175298
02-15 13:08:18.917  1855  1896 E HeatmapThread: !@ CAM New BSOH: 100
02-15 13:08:19.102   798   883 E perf_hint: Session ID too large, must fit 32-bit integer
02-15 13:08:19.105  1772  2380 E SDM     : ScalarConfig::GetAIScaleSettingsInfo: AI Scaler Config for display 68 is not present
02-15 13:08:19.541  2832  3585 E WifiStaIfaceAidlImpl: getCachedScanData failed with service-specific exception: android.os.ServiceSpecificException:  (code 4)
02-15 13:08:19.545  2832  3783 E SemWifiLinkQualityMonitor: Too old or invalid TMI: currentTime=1771175299545 lastDateWindow=1771118498000
02-15 13:08:19.914  1855  1896 E HeatmapThread: ECT Thread time in milliseconds: 1771175299
02-15 13:08:19.918  1855  1896 E HeatmapThread: !@ CAM New BSOH: 100
02-15 13:08:20.914  1855  1896 E HeatmapThread: ECT Thread time in milliseconds: 1771175300
02-15 13:08:20.918  1855  1896 E HeatmapThread: !@ CAM New BSOH: 100
02-15 13:08:21.914  1855  1896 E HeatmapThread: ECT Thread time in milliseconds: 1771175301
02-15 13:08:21.916  1855  1896 E HeatmapThread: !@ CAM New BSOH: 100
02-15 13:08:22.556  2832  3585 E WifiStaIfaceAidlImpl: getCachedScanData failed with service-specific exception: android.os.ServiceSpecificException:  (code 4)
02-15 13:08:22.561  2832  3783 E SemWifiLinkQualityMonitor: Too old or invalid TMI: currentTime=1771175302561 lastDateWindow=1771118498000
02-15 13:08:22.914  1855  1896 E HeatmapThread: ECT Thread time in milliseconds: 1771175302
02-15 13:08:22.918  1855  1896 E HeatmapThread: !@ CAM New BSOH: 100
02-15 13:08:23.528  1842 23506 E ConversionHelperAidl: Function: parseAndSetVendorParameters Line: 94 Failed 
02-15 13:08:23.528  1842 23506 E ConversionHelperAidl: Function: parseAndSetVendorParameters Line: 94 Failed 
02-15 13:08:23.530  1842  2846 E ConversionHelperAidl: Function: parseAndSetVendorParameters Line: 94 Failed 
02-15 13:08:23.530  1842  2846 E ConversionHelperAidl: Function: parseAndSetVendorParameters Line: 94 Failed 
02-15 13:08:23.914  1855  1896 E HeatmapThread: ECT Thread time in milliseconds: 1771175303
02-15 13:08:23.918  1855  1896 E HeatmapThread: !@ CAM New BSOH: 100
02-15 13:08:24.477  2832  5680 E SemWifiService: getCurrentNetworkScore - invalid score data
02-15 13:08:24.477  2832  5680 E WifiProfileShare.Caster: failed to generate qos array, need to check network score data
02-15 13:08:24.914  1855  1896 E HeatmapThread: ECT Thread time in milliseconds: 1771175304
02-15 13:08:24.918  1855  1896 E HeatmapThread: !@ CAM New BSOH: 100
02-15 13:08:25.570  2832  3585 E WifiStaIfaceAidlImpl: getCachedScanData failed with service-specific exception: android.os.ServiceSpecificException:  (code 4)
02-15 13:08:25.573  2832  3783 E SemWifiLinkQualityMonitor: Too old or invalid TMI: currentTime=1771175305573 lastDateWindow=1771118498000
02-15 13:08:25.914  1855  1896 E HeatmapThread: ECT Thread time in milliseconds: 1771175305
02-15 13:08:25.918  1855  1896 E HeatmapThread: !@ CAM New BSOH: 100
02-15 13:08:26.914  1855  1896 E HeatmapThread: ECT Thread time in milliseconds: 1771175306
02-15 13:08:26.917  1855  1896 E HeatmapThread: !@ CAM New BSOH: 100
02-15 13:08:27.914  1855  1896 E HeatmapThread: ECT Thread time in milliseconds: 1771175307
02-15 13:08:27.918  1855  1896 E HeatmapThread: !@ CAM New BSOH: 100
02-15 13:08:28.581  2832  3585 E WifiStaIfaceAidlImpl: getCachedScanData failed with service-specific exception: android.os.ServiceSpecificException:  (code 4)
02-15 13:08:28.585  2832  3783 E SemWifiLinkQualityMonitor: Too old or invalid TMI: currentTime=1771175308585 lastDateWindow=1771118498000
02-15 13:08:28.914  1855  1896 E HeatmapThread: ECT Thread time in milliseconds: 1771175308
02-15 13:08:28.917  1855  1896 E HeatmapThread: !@ CAM New BSOH: 100
02-15 13:08:29.914  1855  1896 E HeatmapThread: ECT Thread time in milliseconds: 1771175309
02-15 13:08:29.919  1855  1896 E HeatmapThread: !@ CAM New BSOH: 100
02-15 13:08:30.914  1855  1896 E HeatmapThread: ECT Thread time in milliseconds: 1771175310
02-15 13:08:30.918  1855  1896 E HeatmapThread: !@ CAM New BSOH: 100
02-15 13:08:31.595  2832  3585 E WifiStaIfaceAidlImpl: getCachedScanData failed with service-specific exception: android.os.ServiceSpecificException:  (code 4)
02-15 13:08:31.599  2832  3783 E SemWifiLinkQualityMonitor: Too old or invalid TMI: currentTime=1771175311599 lastDateWindow=1771118498000
02-15 13:08:31.914  1855  1896 E HeatmapThread: ECT Thread time in milliseconds: 1771175311
02-15 13:08:31.917  1855  1896 E HeatmapThread: !@ CAM New BSOH: 100
02-15 13:08:32.914  1855  1896 E HeatmapThread: ECT Thread time in milliseconds: 1771175312
02-15 13:08:32.919  1855  1896 E HeatmapThread: !@ CAM New BSOH: 100
02-15 13:08:33.570  1842  2846 E ConversionHelperAidl: Function: parseAndSetVendorParameters Line: 94 Failed 
02-15 13:08:33.570  1842  2846 E ConversionHelperAidl: Function: parseAndSetVendorParameters Line: 94 Failed 
02-15 13:08:33.573  1842  2846 E ConversionHelperAidl: Function: parseAndSetVendorParameters Line: 94 Failed 
02-15 13:08:33.573  1842  2846 E ConversionHelperAidl: Function: parseAndSetVendorParameters Line: 94 Failed 
02-15 13:08:33.914  1855  1896 E HeatmapThread: ECT Thread time in milliseconds: 1771175313
02-15 13:08:33.918  1855  1896 E HeatmapThread: !@Entered the read from path function
02-15 13:08:33.918  1855  1896 E HeatmapThread: !@Read Extended_heatmap from efs is: 18738 0 0 0 0 0 0 0 0 0 0 0 0 0 0 0 0 0 1222 0 0 0 0 0 0 0 0 0 0 0 0 0 0 0 0 0 1417 0 0 0 0 0 0 0 0 0 0 0 0 0 0 0 0 0 1454 0 0 0 0 0 0 0 0 0 0 0 0 0 0 0 0 0 1409 0 0 0 0 0 0 0 0 0 0 0 0 0 0 0 0 0 1445 0 0 0 0 0 0 0 0 0 0 0 0 0 0 0 0 0 1431 0 0 0 0 0 0 0 0 0 0 0 0 0 0 0 0 0 1336 0 0 0 0 0 0 0 0 0 0 0 0 0 0 0 0 0 1452 0 0 0 0 0 0 0 0 0 0 0 0 0 0 0 0 0 1462 0 0 0 0 0 0 0 0 0 0 0 0 0 0 0 0 0 1286 0 0 0 0 0 0 0 0 0 0 0 0 0 0 0 0 0 5718 0 0 0 0 0 0 0 0 0 0 0 0 0 0 0 0 0 6528 0 0 0 0 0 0 0 0 0 0 0 0 0 0 0 0 0 12756 0 0 0 0 0 0 0 0 0 0 0 0 0 0 0 0 0 12666 0 0 0 0 0 0 0 0 0 0 0 0 0 0 0 0 0 12937 0 0 0 0 0 0 0 0 0 0 0 0 0 0 0 0 0 12912 0 0 0 0 0 0 0 0 0 0 0 0 0 0 0 0 0 9872 0 0 0 0 0 0 0 0 0 0 0 0 0 0 0 0 0 3784 0 0 0 0 0 0 0 0 0 0 0 0 0 0 0 0 0 3092 0 0 0 0 0 0 0 0 0 0 0 0 0 0 0 0 0 2707 0 0 0 0 0 0 0 0 0 0 0 0 0 0 0 0 0 2480 0 0 0 0 0 0 0 0 0 0 0 0 0 0 0 0 0 293 0 0 0 0 0 0 0 0 0 0 0 0 0 0 0 0 0 368 0 0 0 0 0 0 0 0 0 0 0 0 0 0 0 0 0 297 0 0 0 0 0 0 0 0 0 0 0 0 0 0 0 0 0 240 0 0 0
02-15 13:08:33.918  1855  1896 E HeatmapThread: !@Write Extended Heatmap to efs is: 18738 0 0 0 0 0 0 0 0 0 0 0 0 0 0 0 0 0 1222 0 0 0 0 0 0 0 0 0 0 0 0 0 0 0 0 0 1417 0 0 0 0 0 0 0 0 0 0 0 0 0 0 0 0 0 1454 0 0 0 0 0 0 0 0 0 0 0 0 0 0 0 0 0 1409 0 0 0 0 0 0 0 0 0 0 0 0 0 0 0 0 0 1445 0 0 0 0 0 0 0 0 0 0 0 0 0 0 0 0 0 1431 0 0 0 0 0 0 0 0 0 0 0 0 0 0 0 0 0 1336 0 0 0 0 0 0 0 0 0 0 0 0 0 0 0 0 0 1452 0 0 0 0 0 0 0 0 0 0 0 0 0 0 0 0 0 1462 0 0 0 0 0 0 0 0 0 0 0 0 0 0 0 0 0 1286 0 0 0 0 0 0 0 0 0 0 0 0 0 0 0 0 0 5718 0 0 0 0 0 0 0 0 0 0 0 0 0 0 0 0 0 6528 0 0 0 0 0 0 0 0 0 0 0 0 0 0 0 0 0 12757 0 0 0 0 0 0 0 0 0 0 0 0 0 0 0 0 0 12666 0 0 0 0 0 0 0 0 0 0 0 0 0 0 0 0 0 12937 0 0 0 0 0 0 0 0 0 0 0 0 0 0 0 0 0 12912 0 0 0 0 0 0 0 0 0 0 0 0 0 0 0 0 0 9872 0 0 0 0 0 0 0 0 0 0 0 0 0 0 0 0 0 3784 0 0 0 0 0 0 0 0 0 0 0 0 0 0 0 0 0 3092 0 0 0 0 0 0 0 0 0 0 0 0 0 0 0 0 0 2707 0 0 0 0 0 0 0 0 0 0 0 0 0 0 0 0 0 2480 0 0 0 0 0 0 0 0 0 0 0 0 0 0 0 0 0 293 0 0 0 0 0 0 0 0 0 0 0 0 0 0 0 0 0 368 0 0 0 0 0 0 0 0 0 0 0 0 0 0 0 0 0 297 0 0 0 0 0 0 0 0 0 0 0 0 0 0 0 0 0 240 0 0 0 
02-15 13:08:33.918  1855  1896 E HeatmapThread: !@ CAM New BSOH: 100
02-15 13:08:34.608  2832  3585 E WifiStaIfaceAidlImpl: getCachedScanData failed with service-specific exception: android.os.ServiceSpecificException:  (code 4)
02-15 13:08:34.613  2832  3783 E SemWifiLinkQualityMonitor: Too old or invalid TMI: currentTime=1771175314613 lastDateWindow=1771118498000
02-15 13:08:34.914  1855  1896 E HeatmapThread: ECT Thread time in milliseconds: 1771175314
02-15 13:08:34.918  1855  1896 E HeatmapThread: !@ CAM New BSOH: 100
02-15 13:08:35.914  1855  1896 E HeatmapThread: ECT Thread time in milliseconds: 1771175315
02-15 13:08:35.919  1855  1896 E HeatmapThread: !@ CAM New BSOH: 100
02-15 13:08:36.914  1855  1896 E HeatmapThread: ECT Thread time in milliseconds: 1771175316
02-15 13:08:36.918  1855  1896 E HeatmapThread: !@ CAM New BSOH: 100
02-15 13:08:37.621  2832  3585 E WifiStaIfaceAidlImpl: getCachedScanData failed with service-specific exception: android.os.ServiceSpecificException:  (code 4)
02-15 13:08:37.625  2832  3783 E SemWifiLinkQualityMonitor: Too old or invalid TMI: currentTime=1771175317625 lastDateWindow=1771118498000
02-15 13:08:37.914  1855  1896 E HeatmapThread: ECT Thread time in milliseconds: 1771175317
02-15 13:08:37.919  1855  1896 E HeatmapThread: !@ CAM New BSOH: 100
02-15 13:08:38.914  1855  1896 E HeatmapThread: ECT Thread time in milliseconds: 1771175318
02-15 13:08:38.916  1855  1896 E HeatmapThread: !@ CAM New BSOH: 100
02-15 13:08:39.914  1855  1896 E HeatmapThread: ECT Thread time in milliseconds: 1771175319
02-15 13:08:39.919  1855  1896 E HeatmapThread: !@ CAM New BSOH: 100
02-15 13:08:40.633  2832  3585 E WifiStaIfaceAidlImpl: getCachedScanData failed with service-specific exception: android.os.ServiceSpecificException:  (code 4)
02-15 13:08:40.636  2832  3783 E SemWifiLinkQualityMonitor: Too old or invalid TMI: currentTime=1771175320636 lastDateWindow=1771118498000
02-15 13:08:40.669  2832  3295 E AlarmManager: Attempt to decrement existing alarm count 0 by 1 for uid 1000
02-15 13:08:40.670  2832  3295 E AlarmManager: Attempt to decrement existing alarm count 0 by 1 for uid 1000
02-15 13:08:40.782  2832  2938 E BluetoothPowerStatsCollector: Cannot acquire BluetoothActivityEnergyInfo
02-15 13:08:40.782  2832  2938 E BluetoothPowerStatsCollector: java.util.concurrent.ExecutionException: java.lang.RuntimeException: error: 11
02-15 13:08:40.782  2832  2938 E BluetoothPowerStatsCollector: 	at java.util.concurrent.CompletableFuture.reportGet(CompletableFuture.java:372)
02-15 13:08:40.782  2832  2938 E BluetoothPowerStatsCollector: 	at java.util.concurrent.CompletableFuture.get(CompletableFuture.java:2072)
02-15 13:08:40.782  2832  2938 E BluetoothPowerStatsCollector: 	at com.android.server.power.stats.BluetoothPowerStatsCollector.collectStats(qb/105202279 360c6b680040fadf330c49f6c5b9ba5e98c78f573d7285cb06fa9bc9a2c110fd:202)
02-15 13:08:40.782  2832  2938 E BluetoothPowerStatsCollector: 	at com.android.server.power.stats.PowerStatsCollector$$ExternalSyntheticLambda0.run(qb/105202279 360c6b680040fadf330c49f6c5b9ba5e98c78f573d7285cb06fa9bc9a2c110fd:3)
02-15 13:08:40.782  2832  2938 E BluetoothPowerStatsCollector: 	at android.os.Handler.handleCallback(Handler.java:995)
02-15 13:08:40.782  2832  2938 E BluetoothPowerStatsCollector: 	at android.os.Handler.dispatchMessage(Handler.java:103)
02-15 13:08:40.782  2832  2938 E BluetoothPowerStatsCollector: 	at android.os.Looper.loopOnce(Looper.java:273)
02-15 13:08:40.782  2832  2938 E BluetoothPowerStatsCollector: 	at android.os.Looper.loop(Looper.java:363)
02-15 13:08:40.782  2832  2938 E BluetoothPowerStatsCollector: 	at android.os.HandlerThread.run(HandlerThread.java:85)
02-15 13:08:40.782  2832  2938 E BluetoothPowerStatsCollector: Caused by: java.lang.RuntimeException: error: 11
02-15 13:08:40.782  2832  2938 E BluetoothPowerStatsCollector: 	at com.android.server.power.stats.BluetoothPowerStatsCollector$1.onBluetoothActivityEnergyInfoError(qb/105202279 360c6b680040fadf330c49f6c5b9ba5e98c78f573d7285cb06fa9bc9a2c110fd:12)
02-15 13:08:40.782  2832  2938 E BluetoothPowerStatsCollector: 	at android.bluetooth.BluetoothAdapter$OnBluetoothActivityEnergyInfoProxy.lambda$onBluetoothActivityEnergyInfoAvailable$0(BluetoothAdapter.java:1226)
02-15 13:08:40.782  2832  2938 E BluetoothPowerStatsCollector: 	at android.bluetooth.BluetoothAdapter$OnBluetoothActivityEnergyInfoProxy$$ExternalSyntheticLambda1.run(D8$$SyntheticClass:0)
02-15 13:08:40.782  2832  2938 E BluetoothPowerStatsCollector: 	at android.bluetooth.BluetoothUtils.lambda$executeFromBinder$0(BluetoothUtils.java:343)
02-15 13:08:40.782  2832  2938 E BluetoothPowerStatsCollector: 	at android.bluetooth.BluetoothUtils$$ExternalSyntheticLambda1.run(D8$$SyntheticClass:0)
02-15 13:08:40.782  2832  2938 E BluetoothPowerStatsCollector: 	at com.android.server.SystemServerInitThreadPool$$ExternalSyntheticLambda0.execute(qb/105202279 360c6b680040fadf330c49f6c5b9ba5e98c78f573d7285cb06fa9bc9a2c110fd:1)
02-15 13:08:40.782  2832  2938 E BluetoothPowerStatsCollector: 	at android.bluetooth.BluetoothUtils.executeFromBinder(BluetoothUtils.java:343)
02-15 13:08:40.782  2832  2938 E BluetoothPowerStatsCollector: 	at android.bluetooth.BluetoothAdapter$OnBluetoothActivityEnergyInfoProxy.onBluetoothActivityEnergyInfoAvailable(BluetoothAdapter.java:1224)
02-15 13:08:40.782  2832  2938 E BluetoothPowerStatsCollector: 	at android.bluetooth.IBluetoothActivityEnergyInfoListener$Stub.onTransact(IBluetoothActivityEnergyInfoListener.java:98)
02-15 13:08:40.782  2832  2938 E BluetoothPowerStatsCollector: 	at android.os.Binder.execTransactInternal(Binder.java:1462)
02-15 13:08:40.782  2832  2938 E BluetoothPowerStatsCollector: 	at android.os.Binder.execTransact(Binder.java:1401)
02-15 13:08:40.792  2832  3585 E WifiStaIfaceAidlImpl: getCachedScanData failed with service-specific exception: android.os.ServiceSpecificException:  (code 4)
02-15 13:08:40.825  2832  2938 E BluetoothPowerStatsCollector: Cannot acquire BluetoothActivityEnergyInfo
02-15 13:08:40.825  2832  2938 E BluetoothPowerStatsCollector: java.util.concurrent.ExecutionException: java.lang.RuntimeException: error: 11
02-15 13:08:40.825  2832  2938 E BluetoothPowerStatsCollector: 	at java.util.concurrent.CompletableFuture.reportGet(CompletableFuture.java:372)
02-15 13:08:40.825  2832  2938 E BluetoothPowerStatsCollector: 	at java.util.concurrent.CompletableFuture.get(CompletableFuture.java:2072)
02-15 13:08:40.825  2832  2938 E BluetoothPowerStatsCollector: 	at com.android.server.power.stats.BluetoothPowerStatsCollector.collectStats(qb/105202279 360c6b680040fadf330c49f6c5b9ba5e98c78f573d7285cb06fa9bc9a2c110fd:202)
02-15 13:08:40.825  2832  2938 E BluetoothPowerStatsCollector: 	at com.android.server.power.stats.PowerStatsCollector$$ExternalSyntheticLambda0.run(qb/105202279 360c6b680040fadf330c49f6c5b9ba5e98c78f573d7285cb06fa9bc9a2c110fd:3)
02-15 13:08:40.825  2832  2938 E BluetoothPowerStatsCollector: 	at android.os.Handler.handleCallback(Handler.java:995)
02-15 13:08:40.825  2832  2938 E BluetoothPowerStatsCollector: 	at android.os.Handler.dispatchMessage(Handler.java:103)
02-15 13:08:40.825  2832  2938 E BluetoothPowerStatsCollector: 	at android.os.Looper.loopOnce(Looper.java:273)
02-15 13:08:40.825  2832  2938 E BluetoothPowerStatsCollector: 	at android.os.Looper.loop(Looper.java:363)
02-15 13:08:40.825  2832  2938 E BluetoothPowerStatsCollector: 	at android.os.HandlerThread.run(HandlerThread.java:85)
02-15 13:08:40.825  2832  2938 E BluetoothPowerStatsCollector: Caused by: java.lang.RuntimeException: error: 11
02-15 13:08:40.825  2832  2938 E BluetoothPowerStatsCollector: 	at com.android.server.power.stats.BluetoothPowerStatsCollector$1.onBluetoothActivityEnergyInfoError(qb/105202279 360c6b680040fadf330c49f6c5b9ba5e98c78f573d7285cb06fa9bc9a2c110fd:12)
02-15 13:08:40.825  2832  2938 E BluetoothPowerStatsCollector: 	at android.bluetooth.BluetoothAdapter$OnBluetoothActivityEnergyInfoProxy.lambda$onBluetoothActivityEnergyInfoAvailable$0(BluetoothAdapter.java:1226)
02-15 13:08:40.825  2832  2938 E BluetoothPowerStatsCollector: 	at android.bluetooth.BluetoothAdapter$OnBluetoothActivityEnergyInfoProxy$$ExternalSyntheticLambda1.run(D8$$SyntheticClass:0)
02-15 13:08:40.825  2832  2938 E BluetoothPowerStatsCollector: 	at android.bluetooth.BluetoothUtils.lambda$executeFromBinder$0(BluetoothUtils.java:343)
02-15 13:08:40.825  2832  2938 E BluetoothPowerStatsCollector: 	at android.bluetooth.BluetoothUtils$$ExternalSyntheticLambda1.run(D8$$SyntheticClass:0)
02-15 13:08:40.825  2832  2938 E BluetoothPowerStatsCollector: 	at com.android.server.SystemServerInitThreadPool$$ExternalSyntheticLambda0.execute(qb/105202279 360c6b680040fadf330c49f6c5b9ba5e98c78f573d7285cb06fa9bc9a2c110fd:1)
02-15 13:08:40.825  2832  2938 E BluetoothPowerStatsCollector: 	at android.bluetooth.BluetoothUtils.executeFromBinder(BluetoothUtils.java:343)
02-15 13:08:40.825  2832  2938 E BluetoothPowerStatsCollector: 	at android.bluetooth.BluetoothAdapter$OnBluetoothActivityEnergyInfoProxy.onBluetoothActivityEnergyInfoAvailable(BluetoothAdapter.java:1224)
02-15 13:08:40.825  2832  2938 E BluetoothPowerStatsCollector: 	at android.bluetooth.IBluetoothActivityEnergyInfoListener$Stub.onTransact(IBluetoothActivityEnergyInfoListener.java:98)
02-15 13:08:40.825  2832  2938 E BluetoothPowerStatsCollector: 	at android.os.Binder.execTransactInternal(Binder.java:1462)
02-15 13:08:40.825  2832  2938 E BluetoothPowerStatsCollector: 	at android.os.Binder.execTransact(Binder.java:1401)
02-15 13:08:40.914  1855  1896 E HeatmapThread: ECT Thread time in milliseconds: 1771175320
02-15 13:08:40.915  1855  1896 E HeatmapThread: !@ CAM New BSOH: 100
02-15 13:08:41.915  1855  1896 E HeatmapThread: ECT Thread time in milliseconds: 1771175321
02-15 13:08:41.918  1855  1896 E HeatmapThread: !@ CAM New BSOH: 100
02-15 13:08:42.914  1855  1896 E HeatmapThread: ECT Thread time in milliseconds: 1771175322
02-15 13:08:42.916  1855  1896 E HeatmapThread: !@ CAM New BSOH: 100
02-15 13:08:43.121  2832  2915 E Watchdog: !@Sync: 3419 heap(MB): 152 / 167 FD: 1455 [2026-02-15 13:08:43.121]
02-15 13:08:43.608  1842  2846 E ConversionHelperAidl: Function: parseAndSetVendorParameters Line: 94 Failed 
02-15 13:08:43.608  1842  2846 E ConversionHelperAidl: Function: parseAndSetVendorParameters Line: 94 Failed 
02-15 13:08:43.610  1842 23506 E ConversionHelperAidl: Function: parseAndSetVendorParameters Line: 94 Failed 
02-15 13:08:43.610  1842 23506 E ConversionHelperAidl: Function: parseAndSetVendorParameters Line: 94 Failed 
02-15 13:08:43.646  2832  3585 E WifiStaIfaceAidlImpl: getCachedScanData failed with service-specific exception: android.os.ServiceSpecificException:  (code 4)
02-15 13:08:43.651  2832  3783 E SemWifiLinkQualityMonitor: Too old or invalid TMI: currentTime=1771175323651 lastDateWindow=1771118498000
02-15 13:08:43.914  1855  1896 E HeatmapThread: ECT Thread time in milliseconds: 1771175323
02-15 13:08:43.916  1855  1896 E HeatmapThread: !@ CAM New BSOH: 100
02-15 13:08:44.914  1855  1896 E HeatmapThread: ECT Thread time in milliseconds: 1771175324
02-15 13:08:44.918  1855  1896 E HeatmapThread: !@ CAM New BSOH: 100
02-15 13:08:45.590  1874  1966 E HwcComposer: getLuts failed Status(-129, EX_TRANSACTION_FAILED): 'UNKNOWN_TRANSACTION: '
02-15 13:08:45.914  1855  1896 E HeatmapThread: ECT Thread time in milliseconds: 1771175325
02-15 13:08:45.919  1855  1896 E HeatmapThread: !@ CAM New BSOH: 100
02-15 13:08:46.660  2832  3585 E WifiStaIfaceAidlImpl: getCachedScanData failed with service-specific exception: android.os.ServiceSpecificException:  (code 4)
02-15 13:08:46.665  2832  3783 E SemWifiLinkQualityMonitor: Too old or invalid TMI: currentTime=1771175326665 lastDateWindow=1771118498000
02-15 13:08:46.914  1855  1896 E HeatmapThread: ECT Thread time in milliseconds: 1771175326
02-15 13:08:46.917  1855  1896 E HeatmapThread: !@ CAM New BSOH: 100
02-15 13:08:47.150  1814  1895 E BatteryDump: !@new_battery_dump : 4220,-209,100,100,80,316,303,327,316,0,330,327,0,Discharging,NO_CHARGING,None,Good,NONE,0,Normal,0,0,9300,0x40000000,0x10000,0x0,0,0,210,v0002,0000,0000,00000000,0,0,0,0,141,4232,7935,980,0,
02-15 13:08:47.914  1855  1896 E HeatmapThread: ECT Thread time in milliseconds: 1771175327
02-15 13:08:47.918  1855  1896 E HeatmapThread: !@ CAM New BSOH: 100
02-15 13:08:48.914  1855  1896 E HeatmapThread: ECT Thread time in milliseconds: 1771175328
02-15 13:08:48.918  1855  1896 E HeatmapThread: !@ CAM New BSOH: 100
02-15 13:08:49.021  1772  2380 E SDM     : ScalarConfig::GetAIScaleSettingsInfo: AI Scaler Config for display 68 is not present
02-15 13:08:49.676  2832  3585 E WifiStaIfaceAidlImpl: getCachedScanData failed with service-specific exception: android.os.ServiceSpecificException:  (code 4)
02-15 13:08:49.681  2832  3783 E SemWifiLinkQualityMonitor: Too old or invalid TMI: currentTime=1771175329681 lastDateWindow=1771118498000
02-15 13:08:49.914  1855  1896 E HeatmapThread: ECT Thread time in milliseconds: 1771175329
02-15 13:08:49.918  1855  1896 E HeatmapThread: !@ CAM New BSOH: 100
02-15 13:08:50.915  1855  1896 E HeatmapThread: ECT Thread time in milliseconds: 1771175330
02-15 13:08:50.919  1855  1896 E HeatmapThread: !@ CAM New BSOH: 100
02-15 13:08:51.914  1855  1896 E HeatmapThread: ECT Thread time in milliseconds: 1771175331
02-15 13:08:51.915  1855  1896 E HeatmapThread: !@ CAM New BSOH: 100
02-15 13:08:52.547  2832  3585 E WifiStaIfaceAidlImpl: getCachedScanData failed with service-specific exception: android.os.ServiceSpecificException:  (code 4)
02-15 13:08:52.571  2832  2938 E system_server: updateValue is called with a value 276694, which is lower than the previous value 276762
02-15 13:08:52.571  2832  2938 E system_server: updateValue is called with a value 91400, which is lower than the previous value 91436
02-15 13:08:52.571  2832  2938 E system_server: updateValue is called with a value 215647, which is lower than the previous value 215730
02-15 13:08:52.684  2832  3585 E WifiStaIfaceAidlImpl: getCachedScanData failed with service-specific exception: android.os.ServiceSpecificException:  (code 4)
02-15 13:08:52.691  2832  3783 E SemWifiLinkQualityMonitor: Too old or invalid TMI: currentTime=1771175332691 lastDateWindow=1771118498000
02-15 13:08:52.914  1855  1896 E HeatmapThread: ECT Thread time in milliseconds: 1771175332
02-15 13:08:52.917  1855  1896 E HeatmapThread: !@ CAM New BSOH: 100
02-15 13:08:53.652  1842 23506 E ConversionHelperAidl: Function: parseAndSetVendorParameters Line: 94 Failed 
02-15 13:08:53.653  1842 23506 E ConversionHelperAidl: Function: parseAndSetVendorParameters Line: 94 Failed 
02-15 13:08:53.655  1842 23506 E ConversionHelperAidl: Function: parseAndSetVendorParameters Line: 94 Failed 
02-15 13:08:53.655  1842 23506 E ConversionHelperAidl: Function: parseAndSetVendorParameters Line: 94 Failed 
02-15 13:08:53.914  1855  1896 E HeatmapThread: ECT Thread time in milliseconds: 1771175333
02-15 13:08:53.919  1855  1896 E HeatmapThread: !@ CAM New BSOH: 100
02-15 13:08:54.914  1855  1896 E HeatmapThread: ECT Thread time in milliseconds: 1771175334
02-15 13:08:54.918  1855  1896 E HeatmapThread: !@ CAM New BSOH: 100
02-15 13:08:55.700  2832  3585 E WifiStaIfaceAidlImpl: getCachedScanData failed with service-specific exception: android.os.ServiceSpecificException:  (code 4)
02-15 13:08:55.704  2832  3783 E SemWifiLinkQualityMonitor: Too old or invalid TMI: currentTime=1771175335704 lastDateWindow=1771118498000
02-15 13:08:55.914  1855  1896 E HeatmapThread: ECT Thread time in milliseconds: 1771175335
02-15 13:08:55.919  1855  1896 E HeatmapThread: !@ CAM New BSOH: 100
02-15 13:08:56.914  1855  1896 E HeatmapThread: ECT Thread time in milliseconds: 1771175336
02-15 13:08:56.918  1855  1896 E HeatmapThread: !@ CAM New BSOH: 100
02-15 13:08:57.914  1855  1896 E HeatmapThread: ECT Thread time in milliseconds: 1771175337
02-15 13:08:57.918  1855  1896 E HeatmapThread: !@ CAM New BSOH: 100
02-15 13:08:58.712  2832  3585 E WifiStaIfaceAidlImpl: getCachedScanData failed with service-specific exception: android.os.ServiceSpecificException:  (code 4)
02-15 13:08:58.717  2832  3783 E SemWifiLinkQualityMonitor: Too old or invalid TMI: currentTime=1771175338717 lastDateWindow=1771118498000
02-15 13:08:58.914  1855  1896 E HeatmapThread: ECT Thread time in milliseconds: 1771175338
02-15 13:08:58.918  1855  1896 E HeatmapThread: !@ CAM New BSOH: 100
02-15 13:08:59.914  1855  1896 E HeatmapThread: ECT Thread time in milliseconds: 1771175339
02-15 13:08:59.918  1855  1896 E HeatmapThread: !@ CAM New BSOH: 100
02-15 13:09:00.060  1772  2380 E SDM     : ScalarConfig::GetAIScaleSettingsInfo: AI Scaler Config for display 68 is not present
02-15 13:09:00.914  1855  1896 E HeatmapThread: ECT Thread time in milliseconds: 1771175340
02-15 13:09:00.917  1855  1896 E HeatmapThread: !@ CAM New BSOH: 100
02-15 13:09:01.723  2832  3585 E WifiStaIfaceAidlImpl: getCachedScanData failed with service-specific exception: android.os.ServiceSpecificException:  (code 4)
02-15 13:09:01.725  2832  3783 E SemWifiLinkQualityMonitor: Too old or invalid TMI: currentTime=1771175341725 lastDateWindow=1771118498000
02-15 13:09:01.914  1855  1896 E HeatmapThread: ECT Thread time in milliseconds: 1771175341
02-15 13:09:01.917  1855  1896 E HeatmapThread: !@ CAM New BSOH: 100
02-15 13:09:02.914  1855  1896 E HeatmapThread: ECT Thread time in milliseconds: 1771175342
02-15 13:09:02.919  1855  1896 E HeatmapThread: !@ CAM New BSOH: 100
02-15 13:09:03.689  1842 23506 E ConversionHelperAidl: Function: parseAndSetVendorParameters Line: 94 Failed 
02-15 13:09:03.689  1842 23506 E ConversionHelperAidl: Function: parseAndSetVendorParameters Line: 94 Failed 
02-15 13:09:03.690  1842  2846 E ConversionHelperAidl: Function: parseAndSetVendorParameters Line: 94 Failed 
02-15 13:09:03.690  1842  2846 E ConversionHelperAidl: Function: parseAndSetVendorParameters Line: 94 Failed 
02-15 13:09:03.914  1855  1896 E HeatmapThread: ECT Thread time in milliseconds: 1771175343
02-15 13:09:03.918  1855  1896 E HeatmapThread: !@ CAM New BSOH: 100
02-15 13:09:04.230   798   882 E perf_hint: Session ID too large, must fit 32-bit integer
02-15 13:09:04.732  2832  3585 E WifiStaIfaceAidlImpl: getCachedScanData failed with service-specific exception: android.os.ServiceSpecificException:  (code 4)
02-15 13:09:04.735  2832  3783 E SemWifiLinkQualityMonitor: Too old or invalid TMI: currentTime=1771175344735 lastDateWindow=1771118498000
02-15 13:09:04.914  1855  1896 E HeatmapThread: ECT Thread time in milliseconds: 1771175344
02-15 13:09:04.916  1855  1896 E HeatmapThread: !@ CAM New BSOH: 100
02-15 13:09:05.914  1855  1896 E HeatmapThread: ECT Thread time in milliseconds: 1771175345
02-15 13:09:05.918  1855  1896 E HeatmapThread: !@ CAM New BSOH: 100
02-15 13:09:06.914  1855  1896 E HeatmapThread: ECT Thread time in milliseconds: 1771175346
02-15 13:09:06.918  1855  1896 E HeatmapThread: !@ CAM New BSOH: 100
02-15 13:09:07.739  2832  3585 E WifiStaIfaceAidlImpl: getCachedScanData failed with service-specific exception: android.os.ServiceSpecificException:  (code 4)
02-15 13:09:07.744  2832  3783 E SemWifiLinkQualityMonitor: Too old or invalid TMI: currentTime=1771175347744 lastDateWindow=1771118498000
02-15 13:09:07.914  1855  1896 E HeatmapThread: ECT Thread time in milliseconds: 1771175347
02-15 13:09:07.917  1855  1896 E HeatmapThread: !@ CAM New BSOH: 100
02-15 13:09:08.914  1855  1896 E HeatmapThread: ECT Thread time in milliseconds: 1771175348
02-15 13:09:08.918  1855  1896 E HeatmapThread: !@ CAM New BSOH: 100
02-15 13:09:09.914  1855  1896 E HeatmapThread: ECT Thread time in milliseconds: 1771175349
02-15 13:09:09.915  1855  1896 E HeatmapThread: !@ CAM New BSOH: 100
02-15 13:09:10.750  2832  3585 E WifiStaIfaceAidlImpl: getCachedScanData failed with service-specific exception: android.os.ServiceSpecificException:  (code 4)
02-15 13:09:10.753  2832  3783 E SemWifiLinkQualityMonitor: Too old or invalid TMI: currentTime=1771175350753 lastDateWindow=1771118498000
02-15 13:09:10.914  1855  1896 E HeatmapThread: ECT Thread time in milliseconds: 1771175350
02-15 13:09:10.916  1855  1896 E HeatmapThread: !@ CAM New BSOH: 100
02-15 13:09:11.914  1855  1896 E HeatmapThread: ECT Thread time in milliseconds: 1771175351
02-15 13:09:11.917  1855  1896 E HeatmapThread: !@ CAM New BSOH: 100
02-15 13:09:12.914  1855  1896 E HeatmapThread: ECT Thread time in milliseconds: 1771175352
02-15 13:09:12.918  1855  1896 E HeatmapThread: !@ CAM New BSOH: 100
02-15 13:09:13.211  2832  2915 E Watchdog: !@Sync: 3420 heap(MB): 163 / 167 native(MB): 83 FD: 1455 WaitTime: 0 ms GCcnt: 2 FullGC: 0 [2026-02-15 13:09:13.128]
02-15 13:09:13.728  1842  2846 E ConversionHelperAidl: Function: parseAndSetVendorParameters Line: 94 Failed 
02-15 13:09:13.728  1842  2846 E ConversionHelperAidl: Function: parseAndSetVendorParameters Line: 94 Failed 
02-15 13:09:13.729  1842  2846 E ConversionHelperAidl: Function: parseAndSetVendorParameters Line: 94 Failed 
02-15 13:09:13.730  1842  2846 E ConversionHelperAidl: Function: parseAndSetVendorParameters Line: 94 Failed 
02-15 13:09:13.758  2832  3585 E WifiStaIfaceAidlImpl: getCachedScanData failed with service-specific exception: android.os.ServiceSpecificException:  (code 4)
02-15 13:09:13.763  2832  3783 E SemWifiLinkQualityMonitor: Too old or invalid TMI: currentTime=1771175353763 lastDateWindow=1771118498000
02-15 13:09:13.914  1855  1896 E HeatmapThread: ECT Thread time in milliseconds: 1771175353
02-15 13:09:13.916  1855  1896 E HeatmapThread: !@ CAM New BSOH: 100
02-15 13:09:14.914  1855  1896 E HeatmapThread: ECT Thread time in milliseconds: 1771175354
02-15 13:09:14.917  1855  1896 E HeatmapThread: !@ CAM New BSOH: 100
02-15 13:09:15.648  1874  1966 E HwcComposer: getLuts failed Status(-129, EX_TRANSACTION_FAILED): 'UNKNOWN_TRANSACTION: '
02-15 13:09:15.914  1855  1896 E HeatmapThread: ECT Thread time in milliseconds: 1771175355
02-15 13:09:15.918  1855  1896 E HeatmapThread: !@ CAM New BSOH: 100
02-15 13:09:16.769  2832  3585 E WifiStaIfaceAidlImpl: getCachedScanData failed with service-specific exception: android.os.ServiceSpecificException:  (code 4)
02-15 13:09:16.774  2832  3783 E SemWifiLinkQualityMonitor: Too old or invalid TMI: currentTime=1771175356774 lastDateWindow=1771118498000
02-15 13:09:16.914  1855  1896 E HeatmapThread: ECT Thread time in milliseconds: 1771175356
02-15 13:09:16.917  1855  1896 E HeatmapThread: !@ CAM New BSOH: 100
02-15 13:09:17.309  1814  1895 E BatteryDump: !@new_battery_dump : 4220,-203,100,100,80,315,302,326,315,0,330,326,0,Discharging,NO_CHARGING,None,Good,NONE,0,Normal,0,0,9300,0x40000000,0x10000,0x0,0,0,211,v0002,0000,0000,00000000,0,0,0,0,141,4232,7930,980,0,
02-15 13:09:17.914  1855  1896 E HeatmapThread: ECT Thread time in milliseconds: 1771175357
02-15 13:09:17.920  1855  1896 E HeatmapThread: !@ CAM New BSOH: 100
02-15 13:09:18.914  1855  1896 E HeatmapThread: ECT Thread time in milliseconds: 1771175358
02-15 13:09:18.919  1855  1896 E HeatmapThread: !@ CAM New BSOH: 100
02-15 13:09:19.782  2832  3585 E WifiStaIfaceAidlImpl: getCachedScanData failed with service-specific exception: android.os.ServiceSpecificException:  (code 4)
02-15 13:09:19.787  2832  3783 E SemWifiLinkQualityMonitor: Too old or invalid TMI: currentTime=1771175359787 lastDateWindow=1771118498000
02-15 13:09:19.914  1855  1896 E HeatmapThread: ECT Thread time in milliseconds: 1771175359
02-15 13:09:19.918  1855  1896 E HeatmapThread: !@ CAM New BSOH: 100
02-15 13:09:20.914  1855  1896 E HeatmapThread: ECT Thread time in milliseconds: 1771175360
02-15 13:09:20.918  1855  1896 E HeatmapThread: !@ CAM New BSOH: 100
02-15 13:09:21.914  1855  1896 E HeatmapThread: ECT Thread time in milliseconds: 1771175361
02-15 13:09:21.919  1855  1896 E HeatmapThread: !@ CAM New BSOH: 100
02-15 13:09:22.793  2832  3585 E WifiStaIfaceAidlImpl: getCachedScanData failed with service-specific exception: android.os.ServiceSpecificException:  (code 4)
02-15 13:09:22.797  2832  3783 E SemWifiLinkQualityMonitor: Too old or invalid TMI: currentTime=1771175362797 lastDateWindow=1771118498000
02-15 13:09:22.914  1855  1896 E HeatmapThread: ECT Thread time in milliseconds: 1771175362
02-15 13:09:22.919  1855  1896 E HeatmapThread: !@ CAM New BSOH: 100
02-15 13:09:23.774  1842 10432 E ConversionHelperAidl: Function: parseAndSetVendorParameters Line: 94 Failed 
02-15 13:09:23.774  1842 10432 E ConversionHelperAidl: Function: parseAndSetVendorParameters Line: 94 Failed 
02-15 13:09:23.776  1842 10432 E ConversionHelperAidl: Function: parseAndSetVendorParameters Line: 94 Failed 
02-15 13:09:23.777  1842 10432 E ConversionHelperAidl: Function: parseAndSetVendorParameters Line: 94 Failed 
02-15 13:09:23.914  1855  1896 E HeatmapThread: ECT Thread time in milliseconds: 1771175363
02-15 13:09:23.918  1855  1896 E HeatmapThread: !@ CAM New BSOH: 100
02-15 13:09:24.552  2832  5680 E SemWifiService: getCurrentNetworkScore - invalid score data
02-15 13:09:24.552  2832  5680 E WifiProfileShare.Caster: failed to generate qos array, need to check network score data
02-15 13:09:24.744   798  1421 E unknown:ReconnectingWebSocket: Error occurred, shutting down websocket connection: Websocket exception
02-15 13:09:24.744   798  1421 E unknown:ReconnectingWebSocket: java.io.EOFException
02-15 13:09:24.744   798  1421 E unknown:ReconnectingWebSocket: 	at okio.U.H0(r8-map-id-729244c2c702b12ab82c9b924bd7600a43848511c8bdcfc0f245ffcf2662a0e5:10)
02-15 13:09:24.744   798  1421 E unknown:ReconnectingWebSocket: 	at okio.U.readByte(r8-map-id-729244c2c702b12ab82c9b924bd7600a43848511c8bdcfc0f245ffcf2662a0e5:3)
02-15 13:09:24.744   798  1421 E unknown:ReconnectingWebSocket: 	at okhttp3.internal.ws.WebSocketReader.readHeader(r8-map-id-729244c2c702b12ab82c9b924bd7600a43848511c8bdcfc0f245ffcf2662a0e5:26)
02-15 13:09:24.744   798  1421 E unknown:ReconnectingWebSocket: 	at okhttp3.internal.ws.WebSocketReader.processNextFrame(r8-map-id-729244c2c702b12ab82c9b924bd7600a43848511c8bdcfc0f245ffcf2662a0e5:1)
02-15 13:09:24.744   798  1421 E unknown:ReconnectingWebSocket: 	at okhttp3.internal.ws.RealWebSocket.loopReader(r8-map-id-729244c2c702b12ab82c9b924bd7600a43848511c8bdcfc0f245ffcf2662a0e5:11)
02-15 13:09:24.744   798  1421 E unknown:ReconnectingWebSocket: 	at okhttp3.internal.ws.RealWebSocket$connect$1.onResponse(r8-map-id-729244c2c702b12ab82c9b924bd7600a43848511c8bdcfc0f245ffcf2662a0e5:122)
02-15 13:09:24.744   798  1421 E unknown:ReconnectingWebSocket: 	at okhttp3.internal.connection.RealCall$AsyncCall.run(r8-map-id-729244c2c702b12ab82c9b924bd7600a43848511c8bdcfc0f245ffcf2662a0e5:52)
02-15 13:09:24.744   798  1421 E unknown:ReconnectingWebSocket: 	at java.util.concurrent.ThreadPoolExecutor.runWorker(ThreadPoolExecutor.java:1156)
02-15 13:09:24.744   798  1421 E unknown:ReconnectingWebSocket: 	at java.util.concurrent.ThreadPoolExecutor$Worker.run(ThreadPoolExecutor.java:651)
02-15 13:09:24.744   798  1421 E unknown:ReconnectingWebSocket: 	at java.lang.Thread.run(Thread.java:1119)
02-15 13:09:24.746   798  8891 E unknown:ReconnectingWebSocket: Error occurred, shutting down websocket connection: Websocket exception
02-15 13:09:24.746   798  8891 E unknown:ReconnectingWebSocket: java.io.EOFException
02-15 13:09:24.746   798  8891 E unknown:ReconnectingWebSocket: 	at okio.U.H0(r8-map-id-729244c2c702b12ab82c9b924bd7600a43848511c8bdcfc0f245ffcf2662a0e5:10)
02-15 13:09:24.746   798  8891 E unknown:ReconnectingWebSocket: 	at okio.U.readByte(r8-map-id-729244c2c702b12ab82c9b924bd7600a43848511c8bdcfc0f245ffcf2662a0e5:3)
02-15 13:09:24.746   798  8891 E unknown:ReconnectingWebSocket: 	at okhttp3.internal.ws.WebSocketReader.readHeader(r8-map-id-729244c2c702b12ab82c9b924bd7600a43848511c8bdcfc0f245ffcf2662a0e5:26)
02-15 13:09:24.746   798  8891 E unknown:ReconnectingWebSocket: 	at okhttp3.internal.ws.WebSocketReader.processNextFrame(r8-map-id-729244c2c702b12ab82c9b924bd7600a43848511c8bdcfc0f245ffcf2662a0e5:1)
02-15 13:09:24.746   798  8891 E unknown:ReconnectingWebSocket: 	at okhttp3.internal.ws.RealWebSocket.loopReader(r8-map-id-729244c2c702b12ab82c9b924bd7600a43848511c8bdcfc0f245ffcf2662a0e5:11)
02-15 13:09:24.746   798  8891 E unknown:ReconnectingWebSocket: 	at okhttp3.internal.ws.RealWebSocket$connect$1.onResponse(r8-map-id-729244c2c702b12ab82c9b924bd7600a43848511c8bdcfc0f245ffcf2662a0e5:122)
02-15 13:09:24.746   798  8891 E unknown:ReconnectingWebSocket: 	at okhttp3.internal.connection.RealCall$AsyncCall.run(r8-map-id-729244c2c702b12ab82c9b924bd7600a43848511c8bdcfc0f245ffcf2662a0e5:52)
02-15 13:09:24.746   798  8891 E unknown:ReconnectingWebSocket: 	at java.util.concurrent.ThreadPoolExecutor.runWorker(ThreadPoolExecutor.java:1156)
02-15 13:09:24.746   798  8891 E unknown:ReconnectingWebSocket: 	at java.util.concurrent.ThreadPoolExecutor$Worker.run(ThreadPoolExecutor.java:651)
02-15 13:09:24.746   798  8891 E unknown:ReconnectingWebSocket: 	at java.lang.Thread.run(Thread.java:1119)
02-15 13:09:24.750   798  8894 E unknown:ReconnectingWebSocket: Error occurred, shutting down websocket connection: Websocket exception
02-15 13:09:24.750   798  8894 E unknown:ReconnectingWebSocket: java.io.EOFException
02-15 13:09:24.750   798  8894 E unknown:ReconnectingWebSocket: 	at okio.U.H0(r8-map-id-729244c2c702b12ab82c9b924bd7600a43848511c8bdcfc0f245ffcf2662a0e5:10)
02-15 13:09:24.750   798  8894 E unknown:ReconnectingWebSocket: 	at okio.U.readByte(r8-map-id-729244c2c702b12ab82c9b924bd7600a43848511c8bdcfc0f245ffcf2662a0e5:3)
02-15 13:09:24.750   798  8894 E unknown:ReconnectingWebSocket: 	at okhttp3.internal.ws.WebSocketReader.readHeader(r8-map-id-729244c2c702b12ab82c9b924bd7600a43848511c8bdcfc0f245ffcf2662a0e5:26)
02-15 13:09:24.750   798  8894 E unknown:ReconnectingWebSocket: 	at okhttp3.internal.ws.WebSocketReader.processNextFrame(r8-map-id-729244c2c702b12ab82c9b924bd7600a43848511c8bdcfc0f245ffcf2662a0e5:1)
02-15 13:09:24.750   798  8894 E unknown:ReconnectingWebSocket: 	at okhttp3.internal.ws.RealWebSocket.loopReader(r8-map-id-729244c2c702b12ab82c9b924bd7600a43848511c8bdcfc0f245ffcf2662a0e5:11)
02-15 13:09:24.750   798  8894 E unknown:ReconnectingWebSocket: 	at okhttp3.internal.ws.RealWebSocket$connect$1.onResponse(r8-map-id-729244c2c702b12ab82c9b924bd7600a43848511c8bdcfc0f245ffcf2662a0e5:122)
02-15 13:09:24.750   798  8894 E unknown:ReconnectingWebSocket: 	at okhttp3.internal.connection.RealCall$AsyncCall.run(r8-map-id-729244c2c702b12ab82c9b924bd7600a43848511c8bdcfc0f245ffcf2662a0e5:52)
02-15 13:09:24.750   798  8894 E unknown:ReconnectingWebSocket: 	at java.util.concurrent.ThreadPoolExecutor.runWorker(ThreadPoolExecutor.java:1156)
02-15 13:09:24.750   798  8894 E unknown:ReconnectingWebSocket: 	at java.util.concurrent.ThreadPoolExecutor$Worker.run(ThreadPoolExecutor.java:651)
02-15 13:09:24.750   798  8894 E unknown:ReconnectingWebSocket: 	at java.lang.Thread.run(Thread.java:1119)
02-15 13:09:24.914  1855  1896 E HeatmapThread: ECT Thread time in milliseconds: 1771175364
02-15 13:09:24.918  1855  1896 E HeatmapThread: !@ CAM New BSOH: 100
02-15 13:09:25.260   798  8905 W ReactNativeJS: Cannot connect to Expo CLI.
02-15 13:09:25.260   798  8905 W ReactNativeJS: 
02-15 13:09:25.260   798  8905 W ReactNativeJS: Try the following to fix the issue:
02-15 13:09:25.260   798  8905 W ReactNativeJS: - Ensure that Expo dev server is running and available on the same network
02-15 13:09:25.260   798  8905 W ReactNativeJS: - Ensure that your device/emulator is connected to your machine and has USB debugging enabled - run 'adb devices' to see a list of connected devices
02-15 13:09:25.260   798  8905 W ReactNativeJS: - If you're on a physical device connected to the same machine, run 'adb reverse tcp:8081 tcp:8081' to forward requests from your device
02-15 13:09:25.260   798  8905 W ReactNativeJS: 
02-15 13:09:25.260   798  8905 W ReactNativeJS: URL: 10.0.0.108:8081
02-15 13:09:25.260   798  8905 W ReactNativeJS: 
02-15 13:09:25.260   798  8905 W ReactNativeJS: Error: undefined
02-15 13:09:25.804  2832  3585 E WifiStaIfaceAidlImpl: getCachedScanData failed with service-specific exception: android.os.ServiceSpecificException:  (code 4)
02-15 13:09:25.808  2832  3783 E SemWifiLinkQualityMonitor: Too old or invalid TMI: currentTime=1771175365808 lastDateWindow=1771118498000
02-15 13:09:25.914  1855  1896 E HeatmapThread: ECT Thread time in milliseconds: 1771175365
02-15 13:09:25.919  1855  1896 E HeatmapThread: !@ CAM New BSOH: 100
02-15 13:09:26.914  1855  1896 E HeatmapThread: ECT Thread time in milliseconds: 1771175366
02-15 13:09:26.918  1855  1896 E HeatmapThread: !@ CAM New BSOH: 100
02-15 13:09:27.914  1855  1896 E HeatmapThread: ECT Thread time in milliseconds: 1771175367
02-15 13:09:27.919  1855  1896 E HeatmapThread: !@ CAM New BSOH: 100
02-15 13:09:28.813  2832  3585 E WifiStaIfaceAidlImpl: getCachedScanData failed with service-specific exception: android.os.ServiceSpecificException:  (code 4)
02-15 13:09:28.817  2832  3783 E SemWifiLinkQualityMonitor: Too old or invalid TMI: currentTime=1771175368817 lastDateWindow=1771118498000
02-15 13:09:28.914  1855  1896 E HeatmapThread: ECT Thread time in milliseconds: 1771175368
02-15 13:09:28.918  1855  1896 E HeatmapThread: !@ CAM New BSOH: 100
02-15 13:09:29.914  1855  1896 E HeatmapThread: ECT Thread time in milliseconds: 1771175369
02-15 13:09:29.918  1855  1896 E HeatmapThread: !@ CAM New BSOH: 100
02-15 13:09:30.914  1855  1896 E HeatmapThread: ECT Thread time in milliseconds: 1771175370
02-15 13:09:30.918  1855  1896 E HeatmapThread: !@ CAM New BSOH: 100
02-15 13:09:31.266  1772  2380 E SDM     : ScalarConfig::GetAIScaleSettingsInfo: AI Scaler Config for display 68 is not present
02-15 13:09:31.386  4508  4508 E ThemeUtils: View class com.honeyspace.ui.common.iconview.IconViewImpl is an AppCompat widget that can only be used with a Theme.AppCompat theme (or descendant).
02-15 13:09:31.387  4508  4508 E HoneySpace.BadgeIconDecoratorCreator: NameNotFoundException /#UserHandle{0}
02-15 13:09:31.387  4508  4508 E ThemeUtils: View class com.honeyspace.ui.common.iconview.IconViewImpl is an AppCompat widget that can only be used with a Theme.AppCompat theme (or descendant).
02-15 13:09:31.387  4508  4508 E HoneySpace.BadgeIconDecoratorCreator: NameNotFoundException /#UserHandle{0}
02-15 13:09:31.388  4508  4508 E ThemeUtils: View class com.honeyspace.ui.common.iconview.IconViewImpl is an AppCompat widget that can only be used with a Theme.AppCompat theme (or descendant).
02-15 13:09:31.388  4508  4508 E HoneySpace.BadgeIconDecoratorCreator: NameNotFoundException /#UserHandle{0}
02-15 13:09:31.388  4508  4508 E ThemeUtils: View class com.honeyspace.ui.common.iconview.IconViewImpl is an AppCompat widget that can only be used with a Theme.AppCompat theme (or descendant).
02-15 13:09:31.388  4508  4508 E HoneySpace.BadgeIconDecoratorCreator: NameNotFoundException /#UserHandle{0}
02-15 13:09:31.390  1874  4869 E NativeCustomFrequencyManager: [NativeCFMS] BpCustomFrequencyManager::acquire()
02-15 13:09:31.398  1874  1874 E SurfaceFlinger: alpha changed 1.000 -> 0.000 - Surface(name=TransientLaunchOverlayToken{19cb06c token=android.os.BinderProxy@b48651f})/@0x63d64af_transition-leash#32486
02-15 13:09:31.398  1874  1874 E SurfaceFlinger: alpha changed 1.000 -> 0.000 - Surface(name=Task=3906)/@0xb2b60bc_transition-leash#32487
02-15 13:09:31.414  1874  1874 E SurfaceFlinger: alpha changed 0.000 -> 1.000 - Surface(name=Task=3906)/@0xb2b60bc_transition-leash#32487
02-15 13:09:31.414  1874  1874 E SurfaceFlinger: alpha changed 0.000 -> 1.000 - Surface(name=TransientLaunchOverlayToken{19cb06c token=android.os.BinderProxy@b48651f})/@0x63d64af_transition-leash#32486
02-15 13:09:31.821  2832  3585 E WifiStaIfaceAidlImpl: getCachedScanData failed with service-specific exception: android.os.ServiceSpecificException:  (code 4)
02-15 13:09:31.823  2832  3783 E SemWifiLinkQualityMonitor: Too old or invalid TMI: currentTime=1771175371823 lastDateWindow=1771118498000
02-15 13:09:31.867  2832  3598 E TransitionChain: Can't collect into a chain with no transition
02-15 13:09:31.891  2832  3598 E WindowManager: win=Window{8ad3967 u0 host.exp.exponent/host.exp.exponent.experience.ExperienceActivity} destroySurfaces: appStopped=true cleanupOnResume=false win.mWindowRemovalAllowed=false win.mRemoveOnExit=false win.mViewVisibility=4 caller=com.android.server.wm.ActivityRecord.destroySurfaces:25 com.android.server.wm.ActivityRecord.activityStopped:192 com.android.server.wm.ActivityClientController.activityStopped:97 android.app.IActivityClientController$Stub.onTransact:740 com.android.server.wm.ActivityClientController.onTransact:1 android.os.Binder.execTransactInternal:1462 android.os.Binder.execTransact:1401 
02-15 13:09:31.901 29948 30144 E SamsungAccount: [FamilyGroupUtil] getCountryCodeListWithRegionMcc - no country code with region mcc
02-15 13:09:31.906  1874  1874 E SurfaceFlinger: alpha changed 1.000 -> 0.000 - Surface(name=7b9cbc8 InputMethod)/@0x836fb86 - animation-leash of insets_animation#32491
02-15 13:09:31.914  1855  1896 E HeatmapThread: ECT Thread time in milliseconds: 1771175371
02-15 13:09:31.915  1855  1896 E HeatmapThread: !@ CAM New BSOH: 100
02-15 13:09:32.166  2832  7095 E TaskPersister: File error accessing recents directory (directory doesn't exist?).
02-15 13:09:32.172   798  8892 E unknown:ReactHost: Unhandled SoftException
02-15 13:09:32.172   798  8892 E unknown:ReactHost: com.facebook.react.bridge.ReactNoCrashSoftException: raiseSoftException(getOrCreateDestroyTask()): Destroy Activity
02-15 13:09:32.172   798  8892 E unknown:ReactHost: 	at com.facebook.react.runtime.ReactHostImpl.raiseSoftException(r8-map-id-729244c2c702b12ab82c9b924bd7600a43848511c8bdcfc0f245ffcf2662a0e5:50)
02-15 13:09:32.172   798  8892 E unknown:ReactHost: 	at com.facebook.react.runtime.ReactHostImpl.getOrCreateDestroyTask(r8-map-id-729244c2c702b12ab82c9b924bd7600a43848511c8bdcfc0f245ffcf2662a0e5:10)
02-15 13:09:32.172   798  8892 E unknown:ReactHost: 	at com.facebook.react.runtime.ReactHostImpl.destroy$lambda$11(r8-map-id-729244c2c702b12ab82c9b924bd7600a43848511c8bdcfc0f245ffcf2662a0e5:26)
02-15 13:09:32.172   798  8892 E unknown:ReactHost: 	at com.facebook.react.runtime.ReactHostImpl.v(r8-map-id-729244c2c702b12ab82c9b924bd7600a43848511c8bdcfc0f245ffcf2662a0e5:1)
02-15 13:09:32.172   798  8892 E unknown:ReactHost: 	at com.facebook.react.runtime.K.call(r8-map-id-729244c2c702b12ab82c9b924bd7600a43848511c8bdcfc0f245ffcf2662a0e5:7)
02-15 13:09:32.172   798  8892 E unknown:ReactHost: 	at com.facebook.react.runtime.internal.bolts.Task$Companion.call$lambda$2(r8-map-id-729244c2c702b12ab82c9b924bd7600a43848511c8bdcfc0f245ffcf2662a0e5:6)
02-15 13:09:32.172   798  8892 E unknown:ReactHost: 	at com.facebook.react.runtime.internal.bolts.Task$Companion.b(r8-map-id-729244c2c702b12ab82c9b924bd7600a43848511c8bdcfc0f245ffcf2662a0e5:1)
02-15 13:09:32.172   798  8892 E unknown:ReactHost: 	at com.facebook.react.runtime.internal.bolts.g.run(r8-map-id-729244c2c702b12ab82c9b924bd7600a43848511c8bdcfc0f245ffcf2662a0e5:5)
02-15 13:09:32.172   798  8892 E unknown:ReactHost: 	at java.util.concurrent.ThreadPoolExecutor.runWorker(ThreadPoolExecutor.java:1156)
02-15 13:09:32.172   798  8892 E unknown:ReactHost: 	at java.util.concurrent.ThreadPoolExecutor$Worker.run(ThreadPoolExecutor.java:651)
02-15 13:09:32.172   798  8892 E unknown:ReactHost: 	at java.lang.Thread.run(Thread.java:1119)
02-15 13:09:32.182   798   798 E unknown:ReactNative: Tried to remove non-existent frame callback
02-15 13:09:32.187   798  8892 E unknown:SurfaceMountingManager: Stopping surface [21]
02-15 13:09:32.187   798   798 I ReactNative: [GESTURE HANDLER] Tearing down gesture handler registered for root view com.facebook.react.runtime.ReactSurfaceView{b331b77 V.E...... .......D 0,0-1080,2340 #15}
02-15 13:09:32.188   798   798 E unknown:SurfaceMountingManager: Surface [21] was stopped on SurfaceMountingManager.
02-15 13:09:32.210   798  8892 E unknown:ReactNative: Tried to remove non-existent frame callback
02-15 13:09:32.484  2832  7095 E TaskPersister: File error accessing recents directory (directory doesn't exist?).
02-15 13:09:32.566  1757  1894 E HYPER-HAL: [HandlerUClamp.cpp]set_uclamp_min(): sched_setattr failed for thread 882, err = -1
02-15 13:09:32.566  1757  1894 E HYPER-HAL: [HandlerUClamp.cpp]set_uclamp_min(): sched_setattr failed for thread 883, err = -1
02-15 13:09:32.566  1757  1894 E HYPER-HAL: [HandlerUClamp.cpp]set_uclamp_min(): sched_setattr failed for thread 798, err = -1
02-15 13:09:32.566  1757  1894 E HYPER-HAL: [HandlerUClamp.cpp]set_uclamp_min(): sched_setattr failed for thread 864, err = -1
02-15 13:09:32.566  1757  1894 E HYPER-HAL: [HandlerUClamp.cpp]set_uclamp_min(): sched_setattr failed for thread 882, err = -1
02-15 13:09:32.566  1757  1894 E HYPER-HAL: [HandlerUClamp.cpp]set_uclamp_min(): sched_setattr failed for thread 883, err = -1
02-15 13:09:32.566  1757  1894 E HYPER-HAL: [HandlerUClamp.cpp]set_uclamp_min(): sched_setattr failed for thread 798, err = -1
02-15 13:09:32.566  1757  1894 E HYPER-HAL: [HandlerUClamp.cpp]set_uclamp_min(): sched_setattr failed for thread 864, err = -1
02-15 13:09:32.566  1757  1894 E HYPER-HAL: [HandlerUClamp.cpp]set_uclamp_min(): sched_setattr failed for thread 882, err = -1
02-15 13:09:32.566  1757  1894 E HYPER-HAL: [HandlerUClamp.cpp]set_uclamp_min(): sched_setattr failed for thread 883, err = -1
02-15 13:09:32.566  1757  1894 E HYPER-HAL: [HandlerUClamp.cpp]set_uclamp_min(): sched_setattr failed for thread 798, err = -1
02-15 13:09:32.566  1757  1894 E HYPER-HAL: [HandlerUClamp.cpp]set_uclamp_min(): sched_setattr failed for thread 864, err = -1
02-15 13:09:32.566  1757  1894 E HYPER-HAL: [HandlerUClamp.cpp]set_uclamp_min(): sched_setattr failed for thread 882, err = -1
02-15 13:09:32.566  1757  1894 E HYPER-HAL: [HandlerUClamp.cpp]set_uclamp_min(): sched_setattr failed for thread 883, err = -1
02-15 13:09:32.566  1757  1894 E HYPER-HAL: [HandlerUClamp.cpp]set_uclamp_min(): sched_setattr failed for thread 798, err = -1
02-15 13:09:32.566  1757  1894 E HYPER-HAL: [HandlerUClamp.cpp]set_uclamp_min(): sched_setattr failed for thread 864, err = -1
02-15 13:09:32.568  1701  1794 E minksocket: MinkIPC ERROR: ( 1701:1794 ) MinkIPC_preProcess:272 Client down, but cannot find corresponding minksession
02-15 13:09:32.568  1701  1804 E minksocket: MinkIPC ERROR: ( 1701:1804 ) MinkIPC_preProcess:272 Client down, but cannot find corresponding minksession
02-15 13:09:32.574  1772  2380 E SDM     : ScalarConfig::GetAIScaleSettingsInfo: AI Scaler Config for display 68 is not present
02-15 13:09:32.679  5009  5009 E pageboostd: Received HALT command code 2
02-15 13:09:32.698  1874  1874 E SurfaceFlinger: alpha changed 1.000 -> 0.000 - com.sec.android.app.launcher/com.sec.android.app.launcher.activities.LauncherActivity$_31046#32494
02-15 13:09:32.698  1874  1874 E SurfaceFlinger: alpha changed 0.000 -> 0.000 - com.sec.android.app.launcher/com.sec.android.app.launcher.activities.LauncherActivity$_31046#32494
02-15 13:09:32.714  1874  1874 E SurfaceFlinger: alpha changed 1.000 -> 0.000 - Surface(name=Task=1)/@0x5f0b862_transition-leash#32499
02-15 13:09:32.714  1874  1874 E SurfaceFlinger: alpha changed 0.000 -> 0.000 - Surface(name=Task=1)/@0x5f0b862_transition-leash#32499
02-15 13:09:32.714  1874  1874 E SurfaceFlinger: alpha changed 0.000 -> 0.000 - Surface(name=Task=1)/@0x5f0b862_transition-leash#32499
02-15 13:09:32.731  1874  1874 E SurfaceFlinger: alpha changed 0.000 -> 0.003 - Surface(name=Task=1)/@0x5f0b862_transition-leash#32499
02-15 13:09:32.739 29948 30144 E SamsungAccount: [FamilyGroupUtil] getCountryCodeListWithRegionMcc - no country code with region mcc
02-15 13:09:32.747  1874  1874 E SurfaceFlinger: alpha changed 1.000 -> 0.000 - Surface(name=7b9cbc8 InputMethod)/@0x836fb86 - animation-leash of insets_animation#32501
02-15 13:09:32.748  3938  4157 E perf_hint: Session ID too large, must fit 32-bit integer
02-15 13:09:32.750  3938  4156 E perf_hint: Session ID too large, must fit 32-bit integer
02-15 13:09:32.892  1874  4869 E NativeCustomFrequencyManager: [NativeCFMS] BpCustomFrequencyManager::acquire()
02-15 13:09:32.914  1855  1896 E HeatmapThread: ECT Thread time in milliseconds: 1771175372
02-15 13:09:32.916  1855  1896 E HeatmapThread: !@ CAM New BSOH: 100
02-15 13:09:32.973  1874  1874 E SurfaceFlinger: alpha changed 0.003 -> 0.000 - Surface(name=Task=3906)/@0x486aab0_transition-leash#32500
02-15 13:09:32.982  2832  2886 E WindowManager: win=Window{39715e8 u0 com.sec.android.app.launcher/com.android.quickstep.RecentsActivity} destroySurfaces: appStopped=true cleanupOnResume=false win.mWindowRemovalAllowed=false win.mRemoveOnExit=false win.mViewVisibility=8 caller=com.android.server.wm.ActivityRecord.destroySurfaces:25 com.android.server.wm.ActivityRecord.activityStopped:192 com.android.server.wm.ActivityClientController.activityStopped:97 android.app.IActivityClientController$Stub.onTransact:740 com.android.server.wm.ActivityClientController.onTransact:1 android.os.Binder.execTransactInternal:1462 android.os.Binder.execTransact:1401 
02-15 13:09:33.811  1842 23506 E ConversionHelperAidl: Function: parseAndSetVendorParameters Line: 94 Failed 
02-15 13:09:33.811  1842 23506 E ConversionHelperAidl: Function: parseAndSetVendorParameters Line: 94 Failed 
02-15 13:09:33.812  1842 23506 E ConversionHelperAidl: Function: parseAndSetVendorParameters Line: 94 Failed 
02-15 13:09:33.812  1842 23506 E ConversionHelperAidl: Function: parseAndSetVendorParameters Line: 94 Failed 
02-15 13:09:33.914  1855  1896 E HeatmapThread: ECT Thread time in milliseconds: 1771175373
02-15 13:09:33.916  1855  1896 E HeatmapThread: !@Entered the read from path function
02-15 13:09:33.916  1855  1896 E HeatmapThread: !@Read Extended_heatmap from efs is: 18738 0 0 0 0 0 0 0 0 0 0 0 0 0 0 0 0 0 1222 0 0 0 0 0 0 0 0 0 0 0 0 0 0 0 0 0 1417 0 0 0 0 0 0 0 0 0 0 0 0 0 0 0 0 0 1454 0 0 0 0 0 0 0 0 0 0 0 0 0 0 0 0 0 1409 0 0 0 0 0 0 0 0 0 0 0 0 0 0 0 0 0 1445 0 0 0 0 0 0 0 0 0 0 0 0 0 0 0 0 0 1431 0 0 0 0 0 0 0 0 0 0 0 0 0 0 0 0 0 1336 0 0 0 0 0 0 0 0 0 0 0 0 0 0 0 0 0 1452 0 0 0 0 0 0 0 0 0 0 0 0 0 0 0 0 0 1462 0 0 0 0 0 0 0 0 0 0 0 0 0 0 0 0 0 1286 0 0 0 0 0 0 0 0 0 0 0 0 0 0 0 0 0 5718 0 0 0 0 0 0 0 0 0 0 0 0 0 0 0 0 0 6528 0 0 0 0 0 0 0 0 0 0 0 0 0 0 0 0 0 12757 0 0 0 0 0 0 0 0 0 0 0 0 0 0 0 0 0 12666 0 0 0 0 0 0 0 0 0 0 0 0 0 0 0 0 0 12937 0 0 0 0 0 0 0 0 0 0 0 0 0 0 0 0 0 12912 0 0 0 0 0 0 0 0 0 0 0 0 0 0 0 0 0 9872 0 0 0 0 0 0 0 0 0 0 0 0 0 0 0 0 0 3784 0 0 0 0 0 0 0 0 0 0 0 0 0 0 0 0 0 3092 0 0 0 0 0 0 0 0 0 0 0 0 0 0 0 0 0 2707 0 0 0 0 0 0 0 0 0 0 0 0 0 0 0 0 0 2480 0 0 0 0 0 0 0 0 0 0 0 0 0 0 0 0 0 293 0 0 0 0 0 0 0 0 0 0 0 0 0 0 0 0 0 368 0 0 0 0 0 0 0 0 0 0 0 0 0 0 0 0 0 297 0 0 0 0 0 0 0 0 0 0 0 0 0 0 0 0 0 240 0 0 0
02-15 13:09:33.917  1855  1896 E HeatmapThread: !@Write Extended Heatmap to efs is: 18738 0 0 0 0 0 0 0 0 0 0 0 0 0 0 0 0 0 1222 0 0 0 0 0 0 0 0 0 0 0 0 0 0 0 0 0 1417 0 0 0 0 0 0 0 0 0 0 0 0 0 0 0 0 0 1454 0 0 0 0 0 0 0 0 0 0 0 0 0 0 0 0 0 1409 0 0 0 0 0 0 0 0 0 0 0 0 0 0 0 0 0 1445 0 0 0 0 0 0 0 0 0 0 0 0 0 0 0 0 0 1431 0 0 0 0 0 0 0 0 0 0 0 0 0 0 0 0 0 1336 0 0 0 0 0 0 0 0 0 0 0 0 0 0 0 0 0 1452 0 0 0 0 0 0 0 0 0 0 0 0 0 0 0 0 0 1462 0 0 0 0 0 0 0 0 0 0 0 0 0 0 0 0 0 1286 0 0 0 0 0 0 0 0 0 0 0 0 0 0 0 0 0 5718 0 0 0 0 0 0 0 0 0 0 0 0 0 0 0 0 0 6528 0 0 0 0 0 0 0 0 0 0 0 0 0 0 0 0 0 12758 0 0 0 0 0 0 0 0 0 0 0 0 0 0 0 0 0 12666 0 0 0 0 0 0 0 0 0 0 0 0 0 0 0 0 0 12937 0 0 0 0 0 0 0 0 0 0 0 0 0 0 0 0 0 12912 0 0 0 0 0 0 0 0 0 0 0 0 0 0 0 0 0 9872 0 0 0 0 0 0 0 0 0 0 0 0 0 0 0 0 0 3784 0 0 0 0 0 0 0 0 0 0 0 0 0 0 0 0 0 3092 0 0 0 0 0 0 0 0 0 0 0 0 0 0 0 0 0 2707 0 0 0 0 0 0 0 0 0 0 0 0 0 0 0 0 0 2480 0 0 0 0 0 0 0 0 0 0 0 0 0 0 0 0 0 293 0 0 0 0 0 0 0 0 0 0 0 0 0 0 0 0 0 368 0 0 0 0 0 0 0 0 0 0 0 0 0 0 0 0 0 297 0 0 0 0 0 0 0 0 0 0 0 0 0 0 0 0 0 240 0 0 0 
02-15 13:09:33.917  1855  1896 E HeatmapThread: !@ CAM New BSOH: 100
02-15 13:09:34.853  2832  3585 E WifiStaIfaceAidlImpl: getCachedScanData failed with service-specific exception: android.os.ServiceSpecificException:  (code 4)
02-15 13:09:34.857  2832  3783 E SemWifiLinkQualityMonitor: Too old or invalid TMI: currentTime=1771175374857 lastDateWindow=1771118498000
02-15 13:09:34.914  1855  1896 E HeatmapThread: ECT Thread time in milliseconds: 1771175374
02-15 13:09:34.917  1855  1896 E HeatmapThread: !@ CAM New BSOH: 100
02-15 13:09:35.569  2832  7095 E TaskPersister: File error accessing recents directory (directory doesn't exist?).
02-15 13:09:35.914  1855  1896 E HeatmapThread: ECT Thread time in milliseconds: 1771175375
02-15 13:09:35.918  1855  1896 E HeatmapThread: !@ CAM New BSOH: 100
02-15 13:09:36.155  1874  4869 E NativeCustomFrequencyManager: [NativeCFMS] BpCustomFrequencyManager::acquire()
02-15 13:09:36.156  1772  2380 E SDM     : ScalarConfig::GetAIScaleSettingsInfo: AI Scaler Config for display 68 is not present
02-15 13:09:36.914  1855  1896 E HeatmapThread: ECT Thread time in milliseconds: 1771175376
02-15 13:09:36.917  1855  1896 E HeatmapThread: !@ CAM New BSOH: 100
02-15 13:09:37.432  5009 11332 E pageboostd: alp start : app hostexpexponent
02-15 13:09:37.447  1772  2380 E SDM     : ScalarConfig::GetAIScaleSettingsInfo: AI Scaler Config for display 68 is not present
02-15 13:09:37.452  5009 11332 E pageboostd: hostexpexponent, amt 40654824 scnt 4 fcnt 0
02-15 13:09:37.452  5009 11332 E pageboostd: hostexpexponent, amt 3440640 scnt 2 fcnt 9
02-15 13:09:37.452  5009 11332 E pageboostd: alp end : app hostexpexponent data_amount 44095464
02-15 13:09:37.464 11334 11334 E st.exp.exponent: Not starting debugger since process cannot load the jdwp agent.
02-15 13:09:37.489  5009  5009 E pageboostd: Received HALT command code 2
02-15 13:09:37.490  3938  4157 E perf_hint: Session ID too large, must fit 32-bit integer
02-15 13:09:37.500 11334 11364 E ashmem  : Pinning is deprecated since Android Q. Please use trim or other methods.
02-15 13:09:37.504  1874  1874 E SurfaceFlinger: alpha changed 1.000 -> 0.000 - Surface(name=Task=4126)/@0x7650381_transition-leash#32508
02-15 13:09:37.527 11334 11389 E st.exp.exponent: No package ID 6a found for resource ID 0x6a0b0013.
02-15 13:09:37.529  1874  1874 E SurfaceFlinger: alpha changed 0.000 -> 0.681 - Surface(name=Task=4126)/@0x7650381_transition-leash#32508
02-15 13:09:37.545 11334 11393 E Adreno-AppProfiles: QSPM AIDL service doesn't exist
02-15 13:09:37.564 11334 11460 E perf_hint: Session ID too large, must fit 32-bit integer
02-15 13:09:37.602 11334 11334 E st.exp.exponent: Unable to open libpenguin.so: dlopen failed: library "libpenguin.so" not found.
02-15 13:09:37.622  5009  5009 E pageboostd: Received HALT command code 2
02-15 13:09:37.648 29948 30144 E SamsungAccount: [FamilyGroupUtil] getCountryCodeListWithRegionMcc - no country code with region mcc
02-15 13:09:37.654  1874  1874 E SurfaceFlinger: alpha changed 1.000 -> 0.000 - Surface(name=7b9cbc8 InputMethod)/@0x836fb86 - animation-leash of insets_animation#32518
02-15 13:09:37.657  1874  4869 E NativeCustomFrequencyManager: [NativeCFMS] BpCustomFrequencyManager::acquire()
02-15 13:09:37.669  2832  3585 E WifiStaIfaceAidlImpl: getCachedScanData failed with service-specific exception: android.os.ServiceSpecificException:  (code 4)
02-15 13:09:37.861  2832  3585 E WifiStaIfaceAidlImpl: getCachedScanData failed with service-specific exception: android.os.ServiceSpecificException:  (code 4)
02-15 13:09:37.864  2832  3783 E SemWifiLinkQualityMonitor: Too old or invalid TMI: currentTime=1771175377864 lastDateWindow=1771118498000
02-15 13:09:37.914  1855  1896 E HeatmapThread: ECT Thread time in milliseconds: 1771175377
02-15 13:09:37.915  1855  1896 E HeatmapThread: !@ CAM New BSOH: 100
02-15 13:09:38.181  2832  7314 E WindowManager: win=Window{506e08 u0 com.sec.android.app.launcher/com.sec.android.app.launcher.activities.LauncherActivity} destroySurfaces: appStopped=true cleanupOnResume=false win.mWindowRemovalAllowed=false win.mRemoveOnExit=false win.mViewVisibility=8 caller=com.android.server.wm.ActivityRecord.destroySurfaces:25 com.android.server.wm.ActivityRecord.activityStopped:192 com.android.server.wm.ActivityClientController.activityStopped:97 android.app.IActivityClientController$Stub.onTransact:740 com.android.server.wm.ActivityClientController.onTransact:1 android.os.Binder.execTransactInternal:1462 android.os.Binder.execTransact:1401 
02-15 13:09:38.181  2832  7314 E WindowManager: win=Window{959b7bb u0 com.sec.android.app.launcher/com.sec.android.app.launcher.activities.LauncherActivity} destroySurfaces: appStopped=true cleanupOnResume=false win.mWindowRemovalAllowed=false win.mRemoveOnExit=false win.mViewVisibility=8 caller=com.android.server.wm.ActivityRecord.destroySurfaces:25 com.android.server.wm.ActivityRecord.activityStopped:192 com.android.server.wm.ActivityClientController.activityStopped:97 android.app.IActivityClientController$Stub.onTransact:740 com.android.server.wm.ActivityClientController.onTransact:1 android.os.Binder.execTransactInternal:1462 android.os.Binder.execTransact:1401 
02-15 13:09:38.914  1855  1896 E HeatmapThread: ECT Thread time in milliseconds: 1771175378
02-15 13:09:38.916  1855  1896 E HeatmapThread: !@ CAM New BSOH: 100
02-15 13:09:39.914  1855  1896 E HeatmapThread: ECT Thread time in milliseconds: 1771175379
02-15 13:09:39.916  1855  1896 E HeatmapThread: !@ CAM New BSOH: 100
02-15 13:09:40.489  2832  7095 E TaskPersister: File error accessing recents directory (directory doesn't exist?).
02-15 13:09:40.637  2832  3895 E Pageboost: ioinfo read failed
02-15 13:09:40.873  2832  3585 E WifiStaIfaceAidlImpl: getCachedScanData failed with service-specific exception: android.os.ServiceSpecificException:  (code 4)
02-15 13:09:40.876  2832  3783 E SemWifiLinkQualityMonitor: Too old or invalid TMI: currentTime=1771175380876 lastDateWindow=1771118498000
02-15 13:09:40.914  1855  1896 E HeatmapThread: ECT Thread time in milliseconds: 1771175380
02-15 13:09:40.917  1855  1896 E HeatmapThread: !@ CAM New BSOH: 100
02-15 13:09:41.914  1855  1896 E HeatmapThread: ECT Thread time in milliseconds: 1771175381
02-15 13:09:41.916  1855  1896 E HeatmapThread: !@ CAM New BSOH: 100
02-15 13:09:42.914  1855  1896 E HeatmapThread: ECT Thread time in milliseconds: 1771175382
02-15 13:09:42.918  1855  1896 E HeatmapThread: !@ CAM New BSOH: 100
02-15 13:09:43.219  2832  2915 E Watchdog: !@Sync: 3421 heap(MB): 156 / 167 FD: 1492 [2026-02-15 13:09:43.219]
02-15 13:09:43.851  1842 10432 E ConversionHelperAidl: Function: parseAndSetVendorParameters Line: 94 Failed 
02-15 13:09:43.851  1842 10432 E ConversionHelperAidl: Function: parseAndSetVendorParameters Line: 94 Failed 
02-15 13:09:43.853  1842 10432 E ConversionHelperAidl: Function: parseAndSetVendorParameters Line: 94 Failed 
02-15 13:09:43.853  1842 10432 E ConversionHelperAidl: Function: parseAndSetVendorParameters Line: 94 Failed 
02-15 13:09:43.905  2832  3585 E WifiStaIfaceAidlImpl: getCachedScanData failed with service-specific exception: android.os.ServiceSpecificException:  (code 4)
02-15 13:09:43.909  2832  3783 E SemWifiLinkQualityMonitor: Too old or invalid TMI: currentTime=1771175383909 lastDateWindow=1771118498000
02-15 13:09:43.914  1855  1896 E HeatmapThread: ECT Thread time in milliseconds: 1771175383
02-15 13:09:43.916  1855  1896 E HeatmapThread: !@ CAM New BSOH: 100
02-15 13:09:44.914  1855  1896 E HeatmapThread: ECT Thread time in milliseconds: 1771175384
02-15 13:09:44.917  1855  1896 E HeatmapThread: !@ CAM New BSOH: 100
02-15 13:09:45.719  1874  4439 E HwcComposer: getLuts failed Status(-129, EX_TRANSACTION_FAILED): 'UNKNOWN_TRANSACTION: '
02-15 13:09:45.914  1855  1896 E HeatmapThread: ECT Thread time in milliseconds: 1771175385
02-15 13:09:45.918  1855  1896 E HeatmapThread: !@ CAM New BSOH: 100
02-15 13:09:46.914  1855  1896 E HeatmapThread: ECT Thread time in milliseconds: 1771175386
02-15 13:09:46.917  1855  1896 E HeatmapThread: !@ CAM New BSOH: 100
02-15 13:09:46.960  2832  3585 E WifiStaIfaceAidlImpl: getCachedScanData failed with service-specific exception: android.os.ServiceSpecificException:  (code 4)
02-15 13:09:46.964  2832  3783 E SemWifiLinkQualityMonitor: Too old or invalid TMI: currentTime=1771175386964 lastDateWindow=1771118498000
02-15 13:09:47.469  1814  1895 E BatteryDump: !@new_battery_dump : 4216,-119,100,100,80,316,302,330,316,0,329,330,0,Discharging,NO_CHARGING,None,Good,NONE,0,Normal,0,0,9300,0x40000000,0x10000,0x0,0,0,254,v0002,0000,0000,00000000,0,0,0,0,141,4231,7925,980,0,
02-15 13:09:47.914  1855  1896 E HeatmapThread: ECT Thread time in milliseconds: 1771175387
02-15 13:09:47.918  1855  1896 E HeatmapThread: !@ CAM New BSOH: 100
02-15 13:09:48.914  1855  1896 E HeatmapThread: ECT Thread time in milliseconds: 1771175388
02-15 13:09:48.924  1855  1896 E HeatmapThread: !@ CAM New BSOH: 100
02-15 13:09:49.914  1855  1896 E HeatmapThread: ECT Thread time in milliseconds: 1771175389
02-15 13:09:49.917  1855  1896 E HeatmapThread: !@ CAM New BSOH: 100
02-15 13:09:49.973  2832  3585 E WifiStaIfaceAidlImpl: getCachedScanData failed with service-specific exception: android.os.ServiceSpecificException:  (code 4)
02-15 13:09:49.978  2832  3783 E SemWifiLinkQualityMonitor: Too old or invalid TMI: currentTime=1771175389978 lastDateWindow=1771118498000
02-15 13:09:50.914  1855  1896 E HeatmapThread: ECT Thread time in milliseconds: 1771175390
02-15 13:09:50.918  1855  1896 E HeatmapThread: !@ CAM New BSOH: 100
02-15 13:09:51.914  1855  1896 E HeatmapThread: ECT Thread time in milliseconds: 1771175391
02-15 13:09:51.919  1855  1896 E HeatmapThread: !@ CAM New BSOH: 100
02-15 13:09:52.914  1855  1896 E HeatmapThread: ECT Thread time in milliseconds: 1771175392
02-15 13:09:52.917  1855  1896 E HeatmapThread: !@ CAM New BSOH: 100
02-15 13:09:52.985  2832  3585 E WifiStaIfaceAidlImpl: getCachedScanData failed with service-specific exception: android.os.ServiceSpecificException:  (code 4)
02-15 13:09:52.989  2832  3783 E SemWifiLinkQualityMonitor: Too old or invalid TMI: currentTime=1771175392989 lastDateWindow=1771118498000
02-15 13:09:53.897  1842  2846 E ConversionHelperAidl: Function: parseAndSetVendorParameters Line: 94 Failed 
02-15 13:09:53.898  1842  2846 E ConversionHelperAidl: Function: parseAndSetVendorParameters Line: 94 Failed 
02-15 13:09:53.900  1842 23506 E ConversionHelperAidl: Function: parseAndSetVendorParameters Line: 94 Failed 
02-15 13:09:53.900  1842 23506 E ConversionHelperAidl: Function: parseAndSetVendorParameters Line: 94 Failed 
02-15 13:09:53.914  1855  1896 E HeatmapThread: ECT Thread time in milliseconds: 1771175393
02-15 13:09:53.917  1855  1896 E HeatmapThread: !@ CAM New BSOH: 100
02-15 13:09:54.914  1855  1896 E HeatmapThread: ECT Thread time in milliseconds: 1771175394
02-15 13:09:54.917  1855  1896 E HeatmapThread: !@ CAM New BSOH: 100
02-15 13:09:55.914  1855  1896 E HeatmapThread: ECT Thread time in milliseconds: 1771175395
02-15 13:09:55.918  1855  1896 E HeatmapThread: !@ CAM New BSOH: 100
02-15 13:09:55.995  2832  3585 E WifiStaIfaceAidlImpl: getCachedScanData failed with service-specific exception: android.os.ServiceSpecificException:  (code 4)
02-15 13:09:56.000  2832  3783 E SemWifiLinkQualityMonitor: Too old or invalid TMI: currentTime=1771175396000 lastDateWindow=1771118498000
02-15 13:09:56.914  1855  1896 E HeatmapThread: ECT Thread time in milliseconds: 1771175396
02-15 13:09:56.918  1855  1896 E HeatmapThread: !@ CAM New BSOH: 100
02-15 13:09:57.467  1772  2380 E SDM     : ScalarConfig::GetAIScaleSettingsInfo: AI Scaler Config for display 68 is not present
02-15 13:09:57.914  1855  1896 E HeatmapThread: ECT Thread time in milliseconds: 1771175397
02-15 13:09:57.918  1855  1896 E HeatmapThread: !@ CAM New BSOH: 100
02-15 13:09:58.166  1772  2380 E SDM     : ScalarConfig::GetAIScaleSettingsInfo: AI Scaler Config for display 68 is not present
02-15 13:09:58.914  1855  1896 E HeatmapThread: ECT Thread time in milliseconds: 1771175398
02-15 13:09:58.916  1855  1896 E HeatmapThread: !@ CAM New BSOH: 100
02-15 13:09:59.007  2832  3585 E WifiStaIfaceAidlImpl: getCachedScanData failed with service-specific exception: android.os.ServiceSpecificException:  (code 4)
02-15 13:09:59.011  2832  3783 E SemWifiLinkQualityMonitor: Too old or invalid TMI: currentTime=1771175399011 lastDateWindow=1771118498000
02-15 13:09:59.914  1855  1896 E HeatmapThread: ECT Thread time in milliseconds: 1771175399
02-15 13:09:59.922  1855  1896 E HeatmapThread: !@ CAM New BSOH: 100
02-15 13:10:00.026  1772  2380 E SDM     : ScalarConfig::GetAIScaleSettingsInfo: AI Scaler Config for display 68 is not present
02-15 13:10:00.914  1855  1896 E HeatmapThread: ECT Thread time in milliseconds: 1771175400
02-15 13:10:00.917  1855  1896 E HeatmapThread: !@ CAM New BSOH: 100
02-15 13:10:01.914  1855  1896 E HeatmapThread: ECT Thread time in milliseconds: 1771175401
02-15 13:10:01.923  1855  1896 E HeatmapThread: !@ CAM New BSOH: 100
02-15 13:10:02.017  2832  3585 E WifiStaIfaceAidlImpl: getCachedScanData failed with service-specific exception: android.os.ServiceSpecificException:  (code 4)
02-15 13:10:02.021  2832  3783 E SemWifiLinkQualityMonitor: Too old or invalid TMI: currentTime=1771175402021 lastDateWindow=1771118498000
02-15 13:10:02.914  1855  1896 E HeatmapThread: ECT Thread time in milliseconds: 1771175402
02-15 13:10:02.917  1855  1896 E HeatmapThread: !@ CAM New BSOH: 100
02-15 13:10:03.914  1855  1896 E HeatmapThread: ECT Thread time in milliseconds: 1771175403
02-15 13:10:03.918  1855  1896 E HeatmapThread: !@ CAM New BSOH: 100
02-15 13:10:03.936  1842 10432 E ConversionHelperAidl: Function: parseAndSetVendorParameters Line: 94 Failed 
02-15 13:10:03.936  1842 10432 E ConversionHelperAidl: Function: parseAndSetVendorParameters Line: 94 Failed 
02-15 13:10:03.938  1842 10432 E ConversionHelperAidl: Function: parseAndSetVendorParameters Line: 94 Failed 
02-15 13:10:03.938  1842 10432 E ConversionHelperAidl: Function: parseAndSetVendorParameters Line: 94 Failed 
02-15 13:10:04.914  1855  1896 E HeatmapThread: ECT Thread time in milliseconds: 1771175404
02-15 13:10:04.917  1855  1896 E HeatmapThread: !@ CAM New BSOH: 100
02-15 13:10:05.032  2832  3585 E WifiStaIfaceAidlImpl: getCachedScanData failed with service-specific exception: android.os.ServiceSpecificException:  (code 4)
02-15 13:10:05.037  2832  3783 E SemWifiLinkQualityMonitor: Too old or invalid TMI: currentTime=1771175405037 lastDateWindow=1771118498000
02-15 13:10:05.914  1855  1896 E HeatmapThread: ECT Thread time in milliseconds: 1771175405
02-15 13:10:05.918  1855  1896 E HeatmapThread: !@ CAM New BSOH: 100
02-15 13:10:06.914  1855  1896 E HeatmapThread: ECT Thread time in milliseconds: 1771175406
02-15 13:10:06.918  1855  1896 E HeatmapThread: !@ CAM New BSOH: 100
02-15 13:10:07.435  1776 11789 E ANDR-PERF-LM: Core: detectAndRunIdle() 182: Not able to open /sys/class/power_supply/battery/status, Error: Permission denied
02-15 13:10:07.439  1874  4570 E HwcComposer: getLuts failed Status(-129, EX_TRANSACTION_FAILED): 'UNKNOWN_TRANSACTION: '
02-15 13:10:07.458 17301 17301 E ThemeUtils: View class com.airbnb.lottie.LottieAnimationView is an AppCompat widget that can only be used with a Theme.AppCompat theme (or descendant).
02-15 13:10:07.458  1772  2380 E SDM     : ScalarConfig::GetAIScaleSettingsInfo: AI Scaler Config for display 68 is not present
02-15 13:10:07.459  2472  2861 E SmcInvoke_MinkDescriptor: mem obj with id :20 not found in list
02-15 13:10:07.461 17301 17317 E perf_hint: Session ID too large, must fit 32-bit integer
02-15 13:10:07.464 17301 17301 E ThemeUtils: View class com.airbnb.lottie.LottieAnimationView is an AppCompat widget that can only be used with a Theme.AppCompat theme (or descendant).
02-15 13:10:07.467  3938  3938 E AbsSettings: refreshInner: refreshedSettingsDBItem key enabled_complication_widgets_id_list val = 
02-15 13:10:07.542  2472  2861 E SmcInvoke_MinkDescriptor: mem obj with id :20 not found in list
02-15 13:10:07.550  2472  2861 E SmcInvoke_MinkDescriptor: mem obj with id :20 not found in list
02-15 13:10:07.560  2472  2859 E SmcInvoke_MinkDescriptor: mem obj with id :20 not found in list
02-15 13:10:07.569  2472  2859 E SmcInvoke_MinkDescriptor: mem obj with id :20 not found in list
02-15 13:10:07.581  2472  2861 E SmcInvoke_MinkDescriptor: mem obj with id :20 not found in list
02-15 13:10:07.674  2472  2861 E SmcInvoke_MinkDescriptor: mem obj with id :20 not found in list
02-15 13:10:07.690  2472  2859 E SmcInvoke_MinkDescriptor: mem obj with id :20 not found in list
02-15 13:10:07.811  1874  1874 E SurfaceFlinger: alpha changed 1.000 -> 0.000 - Surface(name=WallpaperWindowToken{ee252c7 showWhenLocked=false})/@0xedde1fd_transition-leash#32525
02-15 13:10:07.814  1701  1794 E minksocket: MinkIPC ERROR: ( 1701:1794 ) MinkIPC_preProcess:272 Client down, but cannot find corresponding minksession
02-15 13:10:07.814  1701  1804 E minksocket: MinkIPC ERROR: ( 1701:1804 ) MinkIPC_preProcess:272 Client down, but cannot find corresponding minksession
02-15 13:10:07.828  4925  6188 E ScanManager: [GSIM LOG]: gsimLogHandler, msg: MESSAGE_SCAN_STOP, appName: com.google.android.gms, scannerId: 3, reportDelayMillis=0
02-15 13:10:07.839  2832  7314 E WindowManager: win=Window{d8b9f2c u0 host.exp.exponent/host.exp.exponent.experience.HomeActivity} destroySurfaces: appStopped=true cleanupOnResume=false win.mWindowRemovalAllowed=false win.mRemoveOnExit=false win.mViewVisibility=8 caller=com.android.server.wm.ActivityRecord.destroySurfaces:25 com.android.server.wm.ActivityRecord.activityStopped:192 com.android.server.wm.ActivityClientController.activityStopped:97 android.app.IActivityClientController$Stub.onTransact:740 com.android.server.wm.ActivityClientController.onTransact:1 android.os.Binder.execTransactInternal:1462 android.os.Binder.execTransact:1401 
02-15 13:10:07.914  1855  1896 E HeatmapThread: ECT Thread time in milliseconds: 1771175407
02-15 13:10:07.915  1855  1896 E HeatmapThread: !@ CAM New BSOH: 100
02-15 13:10:07.991  1776 11826 E ANDR-PERF-LM: Core: detectAndRunIdle() 182: Not able to open /sys/class/power_supply/battery/status, Error: Permission denied
02-15 13:10:08.001  3938  3938 E AbsSettings: refreshInner: refreshedSettingsDBItem key CLOCK_VERSION val = 300000
02-15 13:10:08.001  3938  3938 E AbsSettings: refreshInner: refreshedSettingsDBItem key PALETTE_VERSION val = 90000
02-15 13:10:08.002  3938  3938 E AbsSettings: refreshInner: refreshedSettingsDBItem key enabled_complication_widgets_id_list val = 
02-15 13:10:08.004  3938  3938 E AbsSettings: refreshInner: refreshedSettingsDBItem key enabled_complication_widgets_id_list val = 
02-15 13:10:08.009  3938  3938 E NowBarCardStackView: getTopCard topCard is null view size = 0
02-15 13:10:08.009  3938  3938 E NowBarCardViewModel: updateExpandedClickPanelVisibility screen on = false expanded false isTopCardSettingViewOpened = false
02-15 13:10:08.013  3938  3938 E ClockPackSettingsUtils: isRoamingState: android.provider.Settings$SettingNotFoundException: easy_mode_switch
02-15 13:10:08.015  3938  3938 E AbsSettings: refreshInner: refreshedSettingsDBItem key lock_theme_clock_trial_package val = null
02-15 13:10:08.015  3938  3938 E AbsSettings: refreshInner: refreshedSettingsDBItem key lock_theme_clock_package val = 
02-15 13:10:08.017  2832  2832 E PocketModeEvent: ACTION_SCREEN_OFF
02-15 13:10:08.018  3938  3938 E ClockPackSettingsUtils: isRoamingState: android.provider.Settings$SettingNotFoundException: easy_mode_switch
02-15 13:10:08.018  2832  3561 E PocketModeEvent: currentState : 1
02-15 13:10:08.018  3938  3938 E AbsSettings: refreshInner: refreshedSettingsDBItem key lock_theme_clock_trial_package val = null
02-15 13:10:08.018  3938  3938 E AbsSettings: refreshInner: refreshedSettingsDBItem key lock_theme_clock_package val = 
02-15 13:10:08.019  3938  3938 E AbsSettings: refreshInner: refreshedSettingsDBItem key lock_theme_clock_trial_package val = null
02-15 13:10:08.019  3938  3938 E AbsSettings: refreshInner: refreshedSettingsDBItem key lock_theme_clock_package val = 
02-15 13:10:08.019  2832  3561 E PocketModeEvent: MSG_TYPE_STOP_SENSING
02-15 13:10:08.021  2832  3598 E WindowManager: win=Window{c0196c6 u0 com.sec.android.app.launcher/com.samsung.app.honeyspace.edge.edgepanel.app.CocktailBarService} destroySurfaces: appStopped=true cleanupOnResume=false win.mWindowRemovalAllowed=false win.mRemoveOnExit=false win.mViewVisibility=8 caller=com.android.server.wm.WindowManagerService.tryStartExitingAnimation:134 com.android.server.wm.WindowManagerService.relayoutWindow:1138 com.android.server.wm.Session.relayout:27 android.view.IWindowSession$Stub.onTransact:829 com.android.server.wm.Session.onTransact:1 android.os.Binder.execTransactInternal:1457 android.os.Binder.execTransact:1401 
02-15 13:10:08.025  4925  6188 E ScanManager: [GSIM LOG]: gsimLogHandler, msg: MESSAGE_SCAN_STOP, appName: android, scannerId: 2, reportDelayMillis=0
02-15 13:10:08.035 15878 11283 E LoadedApk: Exception : java.lang.NullPointerException: Attempt to invoke virtual method 'boolean android.os.Looper.isPerfLogEnable()' on a null object reference
02-15 13:10:08.036  4925  5223 E bluetooth: system/gd/hci/le_scanning_manager.cc:929 scan_filter_parameter_setup: Remove passive filterScan. filter_index=4, uuid=0000fd59-0000-1000-8000-00805f9b34fb
02-15 13:10:08.037  4925  6188 E ScanManager: [GSIM LOG]: gsimLogHandler, msg: MESSAGE_SCAN_STOP, appName: com.samsung.android.beaconmanager, scannerId: 1, reportDelayMillis=0
02-15 13:10:08.043  3938  3938 E NowBarCardStackView: getTopCard topCard is null view size = 0
02-15 13:10:08.044  3938  3938 E NowBarCardStackView: getTopCard topCard is null view size = 0
02-15 13:10:08.044  3938  3938 E NowBarCardStackView: getTopCard topCard is null view size = 0
02-15 13:10:08.044  3938  3938 E NowBarCardStackView: getTopCard topCard is null view size = 0
02-15 13:10:08.044  3938  3938 E NowBarCardViewModel: updateExpandedClickPanelVisibility screen on = false expanded false isTopCardSettingViewOpened = false
02-15 13:10:08.044  3938  3938 E NowBarCardStackView: getTopCard topCard is null view size = 0
02-15 13:10:08.044  3938  3938 E NowBarCardViewModel: updateExpandedClickPanelVisibility screen on = false expanded false isTopCardSettingViewOpened = false
02-15 13:10:08.045  2832  3585 E WifiStaIfaceAidlImpl: getCachedScanData failed with service-specific exception: android.os.ServiceSpecificException:  (code 4)
02-15 13:10:08.045  4925  6188 E ScanManager: [GSIM LOG]: gsimLogHandler, msg: MESSAGE_SCAN_STOP, appName: com.samsung.android.mcfserver, scannerId: 4, reportDelayMillis=0
02-15 13:10:08.048  2832  3783 E SemWifiLinkQualityMonitor: Too old or invalid TMI: currentTime=1771175408048 lastDateWindow=1771118498000
02-15 13:10:08.050 15878  7427 E LoadedApk: Exception : java.lang.NullPointerException: Attempt to invoke virtual method 'boolean android.os.Looper.isPerfLogEnable()' on a null object reference
02-15 13:10:08.051 15878  7427 E LoadedApk: Exception : java.lang.NullPointerException: Attempt to invoke virtual method 'boolean android.os.Looper.isPerfLogEnable()' on a null object reference
02-15 13:10:08.054  2832  3585 E WifiStaIfaceAidlImpl: getCachedScanData failed with service-specific exception: android.os.ServiceSpecificException:  (code 4)
02-15 13:10:08.196  1743 11839 E SmcInvoke_MinkDescriptor: mem obj with id :11 not found in list
02-15 13:10:08.524  2832  5668 E SemWifiApSmartBleScanner: mGuidScanFilterBluetoothLeScanFilter [mDeviceName=null, mDeviceAddress=null, mUuid=null, mUuidMask=null, mServiceSolicitationUuid=null, mServiceSolicitationUuidMask=null, mServiceDataUuid=null, mServiceData=null, mServiceDataMask=null, mManufacturerId=117, mManufacturerData=[1, 18, -76, -9, 0, 67, 0, 0, 0, 0, 4, 0, 0, 0, 0, 0, 0, 0, 0, 0, 0, 0, 0, 0], mManufacturerDataMask=[0, -1, -1, -1, -1, -1, 0, 0, 0, 0, 0, 0, 0, 0, 0, 0, 0, 0, 0, 0, 0, 0, 0, 0], mAdvertisingDataType=-1, mAdvertisingData=null, mAdvertisingDataMask=null, mTransportBlockFilter=null]
02-15 13:10:08.538  4925  4943 E BluetoothUtils: Permission denial: Location is off.
02-15 13:10:08.555  4925  6188 E ScanManager: [GSIM LOG]: gsimLogHandler, msg: MESSAGE_SCAN_START, appName: android, scannerId: 1, reportDelayMillis=0
02-15 13:10:08.914  1855  1896 E HeatmapThread: ECT Thread time in milliseconds: 1771175408
02-15 13:10:08.917  1855  1896 E HeatmapThread: !@ CAM New BSOH: 100
02-15 13:10:09.914  1855  1896 E HeatmapThread: ECT Thread time in milliseconds: 1771175409
02-15 13:10:09.917  1855  1896 E HeatmapThread: !@ CAM New BSOH: 100
02-15 13:10:11.426  1165  1553 E spcomlib: [spcom_ioctl] IOCTL failed: ret[-1], error [-4]
02-15 13:10:11.427  1171  1544 E spcomlib: [spcom_ioctl] IOCTL failed: ret[-1], error [-4]
02-15 13:10:11.427  1171  1544 E spcomlib: [spcom_check_link_up_state] SPCom check for link up interrupted - ioctl ret[-4], cmd ret[0], wait[1]
02-15 13:10:11.427  1165  1553 E spcomlib: [spcom_check_link_up_state] SPCom check for link up interrupted - ioctl ret[-4], cmd ret[0], wait[1]
02-15 13:10:11.427  1191  1398 E spcomlib: [spcom_ioctl] IOCTL failed: ret[-1], error [-4]
02-15 13:10:11.427  1191  1398 E spcomlib: [spcom_check_link_up_state] SPCom check for link up interrupted - ioctl ret[-4], cmd ret[0], wait[1]
02-15 13:10:11.428  1905  1935 E spcomlib: [spcom_ioctl] IOCTL failed: ret[-1], error [-4]
02-15 13:10:11.428  1905  1935 E spcomlib: [spcom_check_link_up_state] SPCom check for link up interrupted - ioctl ret[-4], cmd ret[0], wait[1]
02-15 13:10:11.430  2381  2575 E wlc     : event loop wait error
02-15 13:10:11.460  1814  1895 E BatteryDump: !@new_battery_dump : 4225,-119,100,100,80,315,302,324,315,0,331,325,0,Discharging,NO_CHARGING,None,Good,NONE,0,Normal,0,0,9300,0x40000000,0x10000,0x0,0,0,254,v0002,0000,0000,00000000,0,0,0,0,141,4231,7923,980,0,
02-15 13:10:11.699  1165  1553 E spcomlib: [spcom_ioctl] IOCTL failed: ret[-1], error [-4]
02-15 13:10:11.699  1165  1553 E spcomlib: [spcom_check_link_up_state] SPCom check for link up interrupted - ioctl ret[-4], cmd ret[0], wait[1]
02-15 13:10:11.699  1171  1544 E spcomlib: [spcom_ioctl] IOCTL failed: ret[-1], error [-4]
02-15 13:10:11.699  1171  1544 E spcomlib: [spcom_check_link_up_state] SPCom check for link up interrupted - ioctl ret[-4], cmd ret[0], wait[1]
02-15 13:10:11.700  1191  1398 E spcomlib: [spcom_ioctl] IOCTL failed: ret[-1], error [-4]
02-15 13:10:11.700  1191  1398 E spcomlib: [spcom_check_link_up_state] SPCom check for link up interrupted - ioctl ret[-4], cmd ret[0], wait[1]
02-15 13:10:11.702  1905  1935 E spcomlib: [spcom_ioctl] IOCTL failed: ret[-1], error [-4]
02-15 13:10:11.702  1905  1935 E spcomlib: [spcom_check_link_up_state] SPCom check for link up interrupted - ioctl ret[-4], cmd ret[0], wait[1]
02-15 13:10:11.705  2381  2575 E wlc     : event loop wait error
02-15 13:10:11.731  1814  1895 E BatteryDump: !@new_battery_dump : 4210,-119,100,100,80,315,302,325,315,0,327,325,0,Discharging,NO_CHARGING,None,Good,NONE,0,Normal,0,0,9300,0x40000000,0x10000,0x0,0,0,254,v0002,0000,0000,00000000,0,0,0,0,141,4231,7923,980,0,
02-15 13:10:12.098  1855  1896 E HeatmapThread: ECT Thread time in milliseconds: 1771175412
02-15 13:10:12.103  1855  1896 E HeatmapThread: !@ CAM New BSOH: 100
02-15 13:10:12.459  3938  4177 E FromGoneTransitionInteractor: Ignoring startTransition: This interactor asked to transition from GONE -> LOCKSCREEN, but we last transitioned to DOZING, not GONE. This should never happen - check currentTransitionInfoInternal or use filterRelevantKeyguardState before starting transitions.
02-15 13:10:12.476  3938 18518 E engmode_client_list: Cannot find client
02-15 13:10:12.476  3938 18518 E engmode_client_aidl: Client error
02-15 13:10:12.478  1566  1566 E engmode_world: Unknown token(00/00/00)
02-15 13:10:12.478  1193  1193 E engmode_aidl_service: error to server(0xd0060012)
02-15 13:10:12.486  1566  1566 E engmode_world: Unknown token(00/00/00)
02-15 13:10:12.486  1193  1193 E engmode_aidl_service: error to server(0xd0060012)
02-15 13:10:12.497  3938  3938 E SystemUITextView: set Background Drawable!!
02-15 13:10:13.098  1855  1896 E HeatmapThread: ECT Thread time in milliseconds: 1771175413
02-15 13:10:13.102  1855  1896 E HeatmapThread: !@ CAM New BSOH: 100
02-15 13:10:14.098  1855  1896 E HeatmapThread: ECT Thread time in milliseconds: 1771175414
02-15 13:10:14.102  1855  1896 E HeatmapThread: !@ CAM New BSOH: 100
02-15 13:10:14.413  2832  2915 E Watchdog: !@Sync: 3422 heap(MB): 138 / 167 FD: 1458 [2026-02-15 13:10:14.412]
02-15 13:10:15.933  1191  1398 E spcomlib: [spcom_ioctl] IOCTL failed: ret[-1], error [-4]
02-15 13:10:15.933  1165  1553 E spcomlib: [spcom_ioctl] IOCTL failed: ret[-1], error [-4]
02-15 13:10:15.933  1165  1553 E spcomlib: [spcom_check_link_up_state] SPCom check for link up interrupted - ioctl ret[-4], cmd ret[0], wait[1]
02-15 13:10:15.933  1191  1398 E spcomlib: [spcom_check_link_up_state] SPCom check for link up interrupted - ioctl ret[-4], cmd ret[0], wait[1]
02-15 13:10:15.933  1171  1544 E spcomlib: [spcom_ioctl] IOCTL failed: ret[-1], error [-4]
02-15 13:10:15.933  1171  1544 E spcomlib: [spcom_check_link_up_state] SPCom check for link up interrupted - ioctl ret[-4], cmd ret[0], wait[1]
02-15 13:10:15.937  1905  1935 E spcomlib: [spcom_ioctl] IOCTL failed: ret[-1], error [-4]
02-15 13:10:15.937  1905  1935 E spcomlib: [spcom_check_link_up_state] SPCom check for link up interrupted - ioctl ret[-4], cmd ret[0], wait[1]
02-15 13:10:15.939  2381  2575 E wlc     : event loop wait error
02-15 13:10:15.966  1814  1895 E BatteryDump: !@new_battery_dump : 4226,-119,100,100,80,315,302,325,315,0,327,325,0,Discharging,NO_CHARGING,None,Good,NONE,0,Normal,0,0,9300,0x40000000,0x10000,0x0,0,0,254,v0002,0000,0000,00000000,0,0,0,0,141,4231,7922,980,0,
02-15 13:10:17.469  1191  1398 E spcomlib: [spcom_ioctl] IOCTL failed: ret[-1], error [-4]
02-15 13:10:17.469  1165  1553 E spcomlib: [spcom_ioctl] IOCTL failed: ret[-1], error [-4]
02-15 13:10:17.469  1171  1544 E spcomlib: [spcom_ioctl] IOCTL failed: ret[-1], error [-4]
02-15 13:10:17.469  1171  1544 E spcomlib: [spcom_check_link_up_state] SPCom check for link up interrupted - ioctl ret[-4], cmd ret[0], wait[1]
02-15 13:10:17.469  1165  1553 E spcomlib: [spcom_check_link_up_state] SPCom check for link up interrupted - ioctl ret[-4], cmd ret[0], wait[1]
02-15 13:10:17.469  1191  1398 E spcomlib: [spcom_check_link_up_state] SPCom check for link up interrupted - ioctl ret[-4], cmd ret[0], wait[1]
02-15 13:10:17.472  1905  1935 E spcomlib: [spcom_ioctl] IOCTL failed: ret[-1], error [-4]
02-15 13:10:17.472  1905  1935 E spcomlib: [spcom_check_link_up_state] SPCom check for link up interrupted - ioctl ret[-4], cmd ret[0], wait[1]
02-15 13:10:17.475  2381  2575 E wlc     : event loop wait error
02-15 13:10:17.503  1814  1895 E BatteryDump: !@new_battery_dump : 4225,-119,100,100,80,315,301,324,315,0,327,325,0,Discharging,NO_CHARGING,None,Good,NONE,0,Normal,0,0,9300,0x40000000,0x10000,0x0,0,0,254,v0002,0000,0000,00000000,0,0,0,0,141,4231,7922,980,0,
02-15 13:10:17.599  1855  1896 E HeatmapThread: ECT Thread time in milliseconds: 1771175417
02-15 13:10:17.602  1855  1896 E HeatmapThread: !@ CAM New BSOH: 100
02-15 13:10:17.664  1842 10432 E ConversionHelperAidl: Function: parseAndSetVendorParameters Line: 94 Failed 
02-15 13:10:17.665  1842 10432 E ConversionHelperAidl: Function: parseAndSetVendorParameters Line: 94 Failed 
02-15 13:10:17.667  1842 10432 E ConversionHelperAidl: Function: parseAndSetVendorParameters Line: 94 Failed 
02-15 13:10:17.667  1842 10432 E ConversionHelperAidl: Function: parseAndSetVendorParameters Line: 94 Failed 
02-15 13:10:18.902  1165  1553 E spcomlib: [spcom_ioctl] IOCTL failed: ret[-1], error [-4]
02-15 13:10:18.902  1165  1553 E spcomlib: [spcom_check_link_up_state] SPCom check for link up interrupted - ioctl ret[-4], cmd ret[0], wait[1]
02-15 13:10:18.903  1191  1398 E spcomlib: [spcom_ioctl] IOCTL failed: ret[-1], error [-4]
02-15 13:10:18.903  1191  1398 E spcomlib: [spcom_check_link_up_state] SPCom check for link up interrupted - ioctl ret[-4], cmd ret[0], wait[1]
02-15 13:10:18.903  1171  1544 E spcomlib: [spcom_ioctl] IOCTL failed: ret[-1], error [-4]
02-15 13:10:18.903  1171  1544 E spcomlib: [spcom_check_link_up_state] SPCom check for link up interrupted - ioctl ret[-4], cmd ret[0], wait[1]
02-15 13:10:18.906  1905  1935 E spcomlib: [spcom_ioctl] IOCTL failed: ret[-1], error [-4]
02-15 13:10:18.906  1905  1935 E spcomlib: [spcom_check_link_up_state] SPCom check for link up interrupted - ioctl ret[-4], cmd ret[0], wait[1]
02-15 13:10:18.909  2381  2575 E wlc     : event loop wait error
02-15 13:10:18.935  1814  1895 E BatteryDump: !@new_battery_dump : 4226,-119,100,100,80,315,302,324,315,0,327,325,0,Discharging,NO_CHARGING,None,Good,NONE,0,Normal,0,0,9300,0x40000000,0x10000,0x0,0,0,254,v0002,0000,0000,00000000,0,0,0,0,141,4231,7922,980,0,
02-15 13:10:20.336  1191  1398 E spcomlib: [spcom_ioctl] IOCTL failed: ret[-1], error [-4]
02-15 13:10:20.336  1191  1398 E spcomlib: [spcom_check_link_up_state] SPCom check for link up interrupted - ioctl ret[-4], cmd ret[0], wait[1]
02-15 13:10:20.336  1171  1544 E spcomlib: [spcom_ioctl] IOCTL failed: ret[-1], error [-4]
02-15 13:10:20.336  1171  1544 E spcomlib: [spcom_check_link_up_state] SPCom check for link up interrupted - ioctl ret[-4], cmd ret[0], wait[1]
02-15 13:10:20.336  1165  1553 E spcomlib: [spcom_ioctl] IOCTL failed: ret[-1], error [-4]
02-15 13:10:20.336  1165  1553 E spcomlib: [spcom_check_link_up_state] SPCom check for link up interrupted - ioctl ret[-4], cmd ret[0], wait[1]
02-15 13:10:20.341  1905  1935 E spcomlib: [spcom_ioctl] IOCTL failed: ret[-1], error [-4]
02-15 13:10:20.341  1905  1935 E spcomlib: [spcom_check_link_up_state] SPCom check for link up interrupted - ioctl ret[-4], cmd ret[0], wait[1]
02-15 13:10:20.343  2381  2575 E wlc     : event loop wait error
02-15 13:10:20.368  1814  1895 E BatteryDump: !@new_battery_dump : 4225,-119,100,100,80,315,301,324,315,0,328,325,0,Discharging,NO_CHARGING,None,Good,NONE,0,Normal,0,0,9300,0x40000000,0x10000,0x0,0,0,254,v0002,0000,0000,00000000,0,0,0,0,141,4231,7922,980,0,
02-15 13:10:21.261  1191  1398 E spcomlib: [spcom_ioctl] IOCTL failed: ret[-1], error [-4]
02-15 13:10:21.261  1165  1553 E spcomlib: [spcom_ioctl] IOCTL failed: ret[-1], error [-4]
02-15 13:10:21.261  1165  1553 E spcomlib: [spcom_check_link_up_state] SPCom check for link up interrupted - ioctl ret[-4], cmd ret[0], wait[1]
02-15 13:10:21.261  1191  1398 E spcomlib: [spcom_check_link_up_state] SPCom check for link up interrupted - ioctl ret[-4], cmd ret[0], wait[1]
02-15 13:10:21.261  1171  1544 E spcomlib: [spcom_ioctl] IOCTL failed: ret[-1], error [-4]
02-15 13:10:21.261  1171  1544 E spcomlib: [spcom_check_link_up_state] SPCom check for link up interrupted - ioctl ret[-4], cmd ret[0], wait[1]
02-15 13:10:21.264  1855  1896 E HeatmapThread: ECT Thread time in milliseconds: 1771175421
02-15 13:10:21.264  1905  1935 E spcomlib: [spcom_ioctl] IOCTL failed: ret[-1], error [-4]
02-15 13:10:21.264  1905  1935 E spcomlib: [spcom_check_link_up_state] SPCom check for link up interrupted - ioctl ret[-4], cmd ret[0], wait[1]
02-15 13:10:21.265  1855  1896 E HeatmapThread: !@ CAM New BSOH: 100
02-15 13:10:21.267  2381  2575 E wlc     : event loop wait error
02-15 13:10:21.293  1814  1895 E BatteryDump: !@new_battery_dump : 4226,-119,100,100,80,315,301,324,315,0,328,325,0,Discharging,NO_CHARGING,None,Good,NONE,0,Normal,0,0,9300,0x40000000,0x10000,0x0,0,0,254,v0002,0000,0000,00000000,0,0,0,0,141,4231,7922,980,0,
02-15 13:10:22.691  1165  1553 E spcomlib: [spcom_ioctl] IOCTL failed: ret[-1], error [-4]
02-15 13:10:22.692  1171  1544 E spcomlib: [spcom_ioctl] IOCTL failed: ret[-1], error [-4]
02-15 13:10:22.692  1165  1553 E spcomlib: [spcom_check_link_up_state] SPCom check for link up interrupted - ioctl ret[-4], cmd ret[0], wait[1]
02-15 13:10:22.692  1171  1544 E spcomlib: [spcom_check_link_up_state] SPCom check for link up interrupted - ioctl ret[-4], cmd ret[0], wait[1]
02-15 13:10:22.693  1191  1398 E spcomlib: [spcom_ioctl] IOCTL failed: ret[-1], error [-4]
02-15 13:10:22.693  1191  1398 E spcomlib: [spcom_check_link_up_state] SPCom check for link up interrupted - ioctl ret[-4], cmd ret[0], wait[1]
02-15 13:10:22.694  1905  1935 E spcomlib: [spcom_ioctl] IOCTL failed: ret[-1], error [-4]
02-15 13:10:22.694  1905  1935 E spcomlib: [spcom_check_link_up_state] SPCom check for link up interrupted - ioctl ret[-4], cmd ret[0], wait[1]
02-15 13:10:22.696  2381  2575 E wlc     : event loop wait error
02-15 13:10:22.726  1814  1895 E BatteryDump: !@new_battery_dump : 4222,-119,100,100,80,315,301,323,315,0,328,325,0,Discharging,NO_CHARGING,None,Good,NONE,0,Normal,0,0,9300,0x40000000,0x10000,0x0,0,0,254,v0002,0000,0000,00000000,0,0,0,0,141,4231,7922,980,0,
02-15 13:10:24.124  1165  1553 E spcomlib: [spcom_ioctl] IOCTL failed: ret[-1], error [-4]
02-15 13:10:24.124  1171  1544 E spcomlib: [spcom_ioctl] IOCTL failed: ret[-1], error [-4]
02-15 13:10:24.124  1171  1544 E spcomlib: [spcom_check_link_up_state] SPCom check for link up interrupted - ioctl ret[-4], cmd ret[0], wait[1]
02-15 13:10:24.124  1165  1553 E spcomlib: [spcom_check_link_up_state] SPCom check for link up interrupted - ioctl ret[-4], cmd ret[0], wait[1]
02-15 13:10:24.124  1191  1398 E spcomlib: [spcom_ioctl] IOCTL failed: ret[-1], error [-4]
02-15 13:10:24.125  1191  1398 E spcomlib: [spcom_check_link_up_state] SPCom check for link up interrupted - ioctl ret[-4], cmd ret[0], wait[1]
02-15 13:10:24.126  1905  1935 E spcomlib: [spcom_ioctl] IOCTL failed: ret[-1], error [-4]
02-15 13:10:24.126  1905  1935 E spcomlib: [spcom_check_link_up_state] SPCom check for link up interrupted - ioctl ret[-4], cmd ret[0], wait[1]
02-15 13:10:24.128  2381  2575 E wlc     : event loop wait error
02-15 13:10:24.157  1814  1895 E BatteryDump: !@new_battery_dump : 4226,-119,100,100,80,314,301,323,314,0,328,325,0,Discharging,NO_CHARGING,None,Good,NONE,0,Normal,0,0,9300,0x40000000,0x10000,0x0,0,0,254,v0002,0000,0000,00000000,0,0,0,0,141,4231,7922,980,0,
02-15 13:10:25.557  1165  1553 E spcomlib: [spcom_ioctl] IOCTL failed: ret[-1], error [-4]
02-15 13:10:25.557  1165  1553 E spcomlib: [spcom_check_link_up_state] SPCom check for link up interrupted - ioctl ret[-4], cmd ret[0], wait[1]
02-15 13:10:25.557  1171  1544 E spcomlib: [spcom_ioctl] IOCTL failed: ret[-1], error [-4]
02-15 13:10:25.557  1171  1544 E spcomlib: [spcom_check_link_up_state] SPCom check for link up interrupted - ioctl ret[-4], cmd ret[0], wait[1]
02-15 13:10:25.557  1191  1398 E spcomlib: [spcom_ioctl] IOCTL failed: ret[-1], error [-4]
02-15 13:10:25.557  1191  1398 E spcomlib: [spcom_check_link_up_state] SPCom check for link up interrupted - ioctl ret[-4], cmd ret[0], wait[1]
02-15 13:10:25.559  1905  1935 E spcomlib: [spcom_ioctl] IOCTL failed: ret[-1], error [-4]
02-15 13:10:25.559  1905  1935 E spcomlib: [spcom_check_link_up_state] SPCom check for link up interrupted - ioctl ret[-4], cmd ret[0], wait[1]
02-15 13:10:25.561  2381  2575 E wlc     : event loop wait error
02-15 13:10:25.591  1814  1895 E BatteryDump: !@new_battery_dump : 4227,-119,100,100,80,314,301,323,314,0,328,325,0,Discharging,NO_CHARGING,None,Good,NONE,0,Normal,0,0,9300,0x40000000,0x10000,0x0,0,0,254,v0002,0000,0000,00000000,0,0,0,0,141,4231,7922,980,0,
02-15 13:10:25.606  1855  1896 E HeatmapThread: ECT Thread time in milliseconds: 1771175425
02-15 13:10:25.608  1855  1896 E HeatmapThread: !@ CAM New BSOH: 100
02-15 13:10:25.727  1165  1553 E spcomlib: [spcom_ioctl] IOCTL failed: ret[-1], error [-4]
02-15 13:10:25.727  1165  1553 E spcomlib: [spcom_check_link_up_state] SPCom check for link up interrupted - ioctl ret[-4], cmd ret[0], wait[1]
02-15 13:10:25.727  1171  1544 E spcomlib: [spcom_ioctl] IOCTL failed: ret[-1], error [-4]
02-15 13:10:25.727  1171  1544 E spcomlib: [spcom_check_link_up_state] SPCom check for link up interrupted - ioctl ret[-4], cmd ret[0], wait[1]
02-15 13:10:25.727  1191  1398 E spcomlib: [spcom_ioctl] IOCTL failed: ret[-1], error [-4]
02-15 13:10:25.727  1191  1398 E spcomlib: [spcom_check_link_up_state] SPCom check for link up interrupted - ioctl ret[-4], cmd ret[0], wait[1]
02-15 13:10:25.729  1905  1935 E spcomlib: [spcom_ioctl] IOCTL failed: ret[-1], error [-4]
02-15 13:10:25.729  1905  1935 E spcomlib: [spcom_check_link_up_state] SPCom check for link up interrupted - ioctl ret[-4], cmd ret[0], wait[1]
02-15 13:10:25.731  2381  2575 E wlc     : event loop wait error
02-15 13:10:26.074  1165  1553 E spcomlib: [spcom_ioctl] IOCTL failed: ret[-1], error [-4]
02-15 13:10:26.074  1165  1553 E spcomlib: [spcom_check_link_up_state] SPCom check for link up interrupted - ioctl ret[-4], cmd ret[0], wait[1]
02-15 13:10:26.074  1171  1544 E spcomlib: [spcom_ioctl] IOCTL failed: ret[-1], error [-4]
02-15 13:10:26.074  1171  1544 E spcomlib: [spcom_check_link_up_state] SPCom check for link up interrupted - ioctl ret[-4], cmd ret[0], wait[1]
02-15 13:10:26.074  1191  1398 E spcomlib: [spcom_ioctl] IOCTL failed: ret[-1], error [-4]
02-15 13:10:26.074  1191  1398 E spcomlib: [spcom_check_link_up_state] SPCom check for link up interrupted - ioctl ret[-4], cmd ret[0], wait[1]
02-15 13:10:26.077  1905  1935 E spcomlib: [spcom_ioctl] IOCTL failed: ret[-1], error [-4]
02-15 13:10:26.077  1905  1935 E spcomlib: [spcom_check_link_up_state] SPCom check for link up interrupted - ioctl ret[-4], cmd ret[0], wait[1]
02-15 13:10:26.081  2381  2575 E wlc     : event loop wait error
02-15 13:10:26.112  1814  1895 E BatteryDump: !@new_battery_dump : 4222,-119,100,100,80,314,301,322,314,0,328,325,0,Discharging,NO_CHARGING,None,Good,NONE,0,Normal,0,0,9300,0x40000000,0x10000,0x0,0,0,254,v0002,0000,0000,00000000,0,0,0,0,141,4231,7922,980,0,
02-15 13:10:26.606  1855  1896 E HeatmapThread: ECT Thread time in milliseconds: 1771175426
02-15 13:10:26.610  1855  1896 E HeatmapThread: !@ CAM New BSOH: 100
02-15 13:10:26.866  3894  4537 E SatelliteAppTracker: packageName: com.google.android.apps.bard, value: null
02-15 13:10:26.866  3894  4537 E SatelliteAppTracker: packageName: com.google.android.apps.bard, value: null
02-15 13:10:26.882  3315  3574 E Finsky  : [159] [Counters] attempted to use a non-positive increment for: 4753
02-15 13:10:26.886  3894  6433 E SmsApplication: com.google.android.apps.messaging lost android:read_cell_broadcasts:  (fixing)
02-15 13:10:26.886  3894  3894 E SmsApplication: com.google.android.apps.messaging lost android:read_cell_broadcasts:  (fixing)
02-15 13:10:26.891  2832  4214 E RoleControllerServiceImpl: Default/fallback role holder package doesn't qualify for the role, package: com.google.android.gms.supervision, role: android.app.role.SYSTEM_SUPERVISION, user: 0
02-15 13:10:26.893  3315  3567 E Finsky  : [155] [Counters] attempted to use a non-positive increment for: 4751
02-15 13:10:26.894  2832  4214 E DocumentManagerRoleBehavior: There should be exactly one documenter; found 0: matches=[]
02-15 13:10:26.896  2832  4214 E RoleControllerServiceImpl: Default/fallback role holder package doesn't qualify for the role, package: com.google.android.gms, role: android.app.role.SYSTEM_DEPENDENCY_INSTALLER, user: 0
02-15 13:10:26.898  2832  4214 E AppOpService: Blocked setUidMode call for runtime permission app op: uid = 1000, code = CAMERA, mode = foreground, callingUid = 1000, oldMode = allow
02-15 13:10:26.898  2832  4214 E AppOpService: java.lang.RuntimeException
02-15 13:10:26.898  2832  4214 E AppOpService: 	at com.android.server.permission.access.appop.AppOpService.setUidMode(qb/105202279 360c6b680040fadf330c49f6c5b9ba5e98c78f573d7285cb06fa9bc9a2c110fd:159)
02-15 13:10:26.898  2832  4214 E AppOpService: 	at com.android.server.appop.AppOpsCheckingServiceTracingDecorator.setUidMode(qb/105202279 360c6b680040fadf330c49f6c5b9ba5e98c78f573d7285cb06fa9bc9a2c110fd:11)
02-15 13:10:26.898  2832  4214 E AppOpService: 	at com.android.server.appop.AppOpsService.setUidMode(qb/105202279 360c6b680040fadf330c49f6c5b9ba5e98c78f573d7285cb06fa9bc9a2c110fd:56)
02-15 13:10:26.898  2832  4214 E AppOpService: 	at com.android.server.appop.AppOpsService.setUidMode(qb/105202279 360c6b680040fadf330c49f6c5b9ba5e98c78f573d7285cb06fa9bc9a2c110fd:1)
02-15 13:10:26.898  2832  4214 E AppOpService: 	at android.app.AppOpsManager.setUidMode(AppOpsManager.java:8654)
02-15 13:10:26.898  2832  4214 E AppOpService: 	at com.android.role.controller.model.Permissions.setAppOpModeAsUser(Permissions.java:908)
02-15 13:10:26.898  2832  4214 E AppOpService: 	at com.android.role.controller.model.Permissions.setAppOpUidModeAsUser(Permissions.java:885)
02-15 13:10:26.898  2832  4214 E AppOpService: 	at com.android.role.controller.model.Permissions.grantPermissionAndAppOpAsUser(Permissions.java:373)
02-15 13:10:26.898  2832  4214 E AppOpService: 	at com.android.role.controller.model.Permissions.grantSingleAsUser(Permissions.java:247)
02-15 13:10:26.898  2832  4214 E AppOpService: 	at com.android.role.controller.model.Permissions.grantAsUser(Permissions.java:205)
02-15 13:10:26.898  2832  4214 E AppOpService: 	at com.android.role.controller.model.Role.grantAsUser(Role.java:867)
02-15 13:10:26.898  2832  4214 E AppOpService: 	at com.android.role.controller.service.RoleControllerServiceImpl.addRoleHolderInternal(RoleControllerServiceImpl.java:380)
02-15 13:10:26.898  2832  4214 E AppOpService: 	at com.android.role.controller.service.RoleControllerServiceImpl.onGrantDefaultRoles(RoleControllerServiceImpl.java:163)
02-15 13:10:26.898  2832  4214 E AppOpService: 	at com.android.role.LocalRoleController.lambda$grantDefaultRoles$1(LocalRoleController.java:56)
02-15 13:10:26.898  2832  4214 E AppOpService: 	at com.android.role.LocalRoleController.$r8$lambda$ye-flP7Mf14AbTzwSmiTgndT6Cg(LocalRoleController.java:0)
02-15 13:10:26.898  2832  4214 E AppOpService: 	at com.android.role.LocalRoleController$$ExternalSyntheticLambda1.run(R8$$SyntheticClass:0)
02-15 13:10:26.898  2832  4214 E AppOpService: 	at android.os.Handler.handleCallback(Handler.java:995)
02-15 13:10:26.898  2832  4214 E AppOpService: 	at android.os.Handler.dispatchMessage(Handler.java:103)
02-15 13:10:26.898  2832  4214 E AppOpService: 	at android.os.Looper.loopOnce(Looper.java:273)
02-15 13:10:26.898  2832  4214 E AppOpService: 	at android.os.Looper.loop(Looper.java:363)
02-15 13:10:26.898  2832  4214 E AppOpService: 	at android.os.HandlerThread.run(HandlerThread.java:85)
02-15 13:10:26.899  2832  4214 E AppOpService: Blocked setUidMode call for runtime permission app op: uid = 10254, code = FINE_LOCATION, mode = foreground, callingUid = 1000, oldMode = allow
02-15 13:10:26.899  2832  4214 E AppOpService: java.lang.RuntimeException
02-15 13:10:26.899  2832  4214 E AppOpService: 	at com.android.server.permission.access.appop.AppOpService.setUidMode(qb/105202279 360c6b680040fadf330c49f6c5b9ba5e98c78f573d7285cb06fa9bc9a2c110fd:159)
02-15 13:10:26.899  2832  4214 E AppOpService: 	at com.android.server.appop.AppOpsCheckingServiceTracingDecorator.setUidMode(qb/105202279 360c6b680040fadf330c49f6c5b9ba5e98c78f573d7285cb06fa9bc9a2c110fd:11)
02-15 13:10:26.899  2832  4214 E AppOpService: 	at com.android.server.appop.AppOpsService.setUidMode(qb/105202279 360c6b680040fadf330c49f6c5b9ba5e98c78f573d7285cb06fa9bc9a2c110fd:56)
02-15 13:10:26.899  2832  4214 E AppOpService: 	at com.android.server.appop.AppOpsService.setUidMode(qb/105202279 360c6b680040fadf330c49f6c5b9ba5e98c78f573d7285cb06fa9bc9a2c110fd:1)
02-15 13:10:26.899  2832  4214 E AppOpService: 	at android.app.AppOpsManager.setUidMode(AppOpsManager.java:8654)
02-15 13:10:26.899  2832  4214 E AppOpService: 	at com.android.role.controller.model.Permissions.setAppOpModeAsUser(Permissions.java:908)
02-15 13:10:26.899  2832  4214 E AppOpService: 	at com.android.role.controller.model.Permissions.setAppOpUidModeAsUser(Permissions.java:885)
02-15 13:10:26.899  2832  4214 E AppOpService: 	at com.android.role.controller.model.Permissions.grantPermissionAndAppOpAsUser(Permissions.java:373)
02-15 13:10:26.899  2832  4214 E AppOpService: 	at com.android.role.controller.model.Permissions.grantSingleAsUser(Permissions.java:247)
02-15 13:10:26.899  2832  4214 E AppOpService: 	at com.android.role.controller.model.Permissions.grantAsUser(Permissions.java:205)
02-15 13:10:26.899  2832  4214 E AppOpService: 	at com.android.role.controller.model.Role.grantAsUser(Role.java:867)
02-15 13:10:26.899  2832  4214 E AppOpService: 	at com.android.role.controller.service.RoleControllerServiceImpl.addRoleHolderInternal(RoleControllerServiceImpl.java:380)
02-15 13:10:26.899  2832  4214 E AppOpService: 	at com.android.role.controller.service.RoleControllerServiceImpl.onGrantDefaultRoles(RoleControllerServiceImpl.java:163)
02-15 13:10:26.899  2832  4214 E AppOpService: 	at com.android.role.LocalRoleController.lambda$grantDefaultRoles$1(LocalRoleController.java:56)
02-15 13:10:26.899  2832  4214 E AppOpService: 	at com.android.role.LocalRoleController.$r8$lambda$ye-flP7Mf14AbTzwSmiTgndT6Cg(LocalRoleController.java:0)
02-15 13:10:26.899  2832  4214 E AppOpService: 	at com.android.role.LocalRoleController$$ExternalSyntheticLambda1.run(R8$$SyntheticClass:0)
02-15 13:10:26.899  2832  4214 E AppOpService: 	at android.os.Handler.handleCallback(Handler.java:995)
02-15 13:10:26.899  2832  4214 E AppOpService: 	at android.os.Handler.dispatchMessage(Handler.java:103)
02-15 13:10:26.899  2832  4214 E AppOpService: 	at android.os.Looper.loopOnce(Looper.java:273)
02-15 13:10:26.899  2832  4214 E AppOpService: 	at android.os.Looper.loop(Looper.java:363)
02-15 13:10:26.899  2832  4214 E AppOpService: 	at android.os.HandlerThread.run(HandlerThread.java:85)
02-15 13:10:26.899  2832  4214 E AppOpService: Blocked setUidMode call for runtime permission app op: uid = 10254, code = COARSE_LOCATION, mode = foreground, callingUid = 1000, oldMode = allow
02-15 13:10:26.899  2832  4214 E AppOpService: java.lang.RuntimeException
02-15 13:10:26.899  2832  4214 E AppOpService: 	at com.android.server.permission.access.appop.AppOpService.setUidMode(qb/105202279 360c6b680040fadf330c49f6c5b9ba5e98c78f573d7285cb06fa9bc9a2c110fd:159)
02-15 13:10:26.899  2832  4214 E AppOpService: 	at com.android.server.appop.AppOpsCheckingServiceTracingDecorator.setUidMode(qb/105202279 360c6b680040fadf330c49f6c5b9ba5e98c78f573d7285cb06fa9bc9a2c110fd:11)
02-15 13:10:26.899  2832  4214 E AppOpService: 	at com.android.server.appop.AppOpsService.setUidMode(qb/105202279 360c6b680040fadf330c49f6c5b9ba5e98c78f573d7285cb06fa9bc9a2c110fd:56)
02-15 13:10:26.899  2832  4214 E AppOpService: 	at com.android.server.appop.AppOpsService.setUidMode(qb/105202279 360c6b680040fadf330c49f6c5b9ba5e98c78f573d7285cb06fa9bc9a2c110fd:1)
02-15 13:10:26.899  2832  4214 E AppOpService: 	at android.app.AppOpsManager.setUidMode(AppOpsManager.java:8654)
02-15 13:10:26.899  2832  4214 E AppOpService: 	at com.android.role.controller.model.Permissions.setAppOpModeAsUser(Permissions.java:908)
02-15 13:10:26.899  2832  4214 E AppOpService: 	at com.android.role.controller.model.Permissions.setAppOpUidModeAsUser(Permissions.java:885)
02-15 13:10:26.899  2832  4214 E AppOpService: 	at com.android.role.controller.model.Permissions.grantPermissionAndAppOpAsUser(Permissions.java:373)
02-15 13:10:26.899  2832  4214 E AppOpService: 	at com.android.role.controller.model.Permissions.grantSingleAsUser(Permissions.java:247)
02-15 13:10:26.899  2832  4214 E AppOpService: 	at com.android.role.controller.model.Permissions.grantAsUser(Permissions.java:205)
02-15 13:10:26.899  2832  4214 E AppOpService: 	at com.android.role.controller.model.Role.grantAsUser(Role.java:867)
02-15 13:10:26.899  2832  4214 E AppOpService: 	at com.android.role.controller.service.RoleControllerServiceImpl.addRoleHolderInternal(RoleControllerServiceImpl.java:380)
02-15 13:10:26.899  2832  4214 E AppOpService: 	at com.android.role.controller.service.RoleControllerServiceImpl.onGrantDefaultRoles(RoleControllerServiceImpl.java:163)
02-15 13:10:26.899  2832  4214 E AppOpService: 	at com.android.role.LocalRoleController.lambda$grantDefaultRoles$1(LocalRoleController.java:56)
02-15 13:10:26.899  2832  4214 E AppOpService: 	at com.android.role.LocalRoleController.$r8$lambda$ye-flP7Mf14AbTzwSmiTgndT6Cg(LocalRoleController.java:0)
02-15 13:10:26.899  2832  4214 E AppOpService: 	at com.android.role.LocalRoleController$$ExternalSyntheticLambda1.run(R8$$SyntheticClass:0)
02-15 13:10:26.899  2832  4214 E AppOpService: 	at android.os.Handler.handleCallback(Handler.java:995)
02-15 13:10:26.899  2832  4214 E AppOpService: 	at android.os.Handler.dispatchMessage(Handler.java:103)
02-15 13:10:26.899  2832  4214 E AppOpService: 	at android.os.Looper.loopOnce(Looper.java:273)
02-15 13:10:26.899  2832  4214 E AppOpService: 	at android.os.Looper.loop(Looper.java:363)
02-15 13:10:26.899  2832  4214 E AppOpService: 	at android.os.HandlerThread.run(HandlerThread.java:85)
02-15 13:10:26.903  2832  4214 E AppOpService: Blocked setUidMode call for runtime permission app op: uid = 10258, code = COARSE_LOCATION, mode = foreground, callingUid = 1000, oldMode = allow
02-15 13:10:26.903  2832  4214 E AppOpService: java.lang.RuntimeException
02-15 13:10:26.903  2832  4214 E AppOpService: 	at com.android.server.permission.access.appop.AppOpService.setUidMode(qb/105202279 360c6b680040fadf330c49f6c5b9ba5e98c78f573d7285cb06fa9bc9a2c110fd:159)
02-15 13:10:26.903  2832  4214 E AppOpService: 	at com.android.server.appop.AppOpsCheckingServiceTracingDecorator.setUidMode(qb/105202279 360c6b680040fadf330c49f6c5b9ba5e98c78f573d7285cb06fa9bc9a2c110fd:11)
02-15 13:10:26.903  2832  4214 E AppOpService: 	at com.android.server.appop.AppOpsService.setUidMode(qb/105202279 360c6b680040fadf330c49f6c5b9ba5e98c78f573d7285cb06fa9bc9a2c110fd:56)
02-15 13:10:26.903  2832  4214 E AppOpService: 	at com.android.server.appop.AppOpsService.setUidMode(qb/105202279 360c6b680040fadf330c49f6c5b9ba5e98c78f573d7285cb06fa9bc9a2c110fd:1)
02-15 13:10:26.903  2832  4214 E AppOpService: 	at android.app.AppOpsManager.setUidMode(AppOpsManager.java:8654)
02-15 13:10:26.903  2832  4214 E AppOpService: 	at com.android.role.controller.model.Permissions.setAppOpModeAsUser(Permissions.java:908)
02-15 13:10:26.903  2832  4214 E AppOpService: 	at com.android.role.controller.model.Permissions.setAppOpUidModeAsUser(Permissions.java:885)
02-15 13:10:26.903  2832  4214 E AppOpService: 	at com.android.role.controller.model.Permissions.grantPermissionAndAppOpAsUser(Permissions.java:373)
02-15 13:10:26.903  2832  4214 E AppOpService: 	at com.android.role.controller.model.Permissions.grantSingleAsUser(Permissions.java:247)
02-15 13:10:26.903  2832  4214 E AppOpService: 	at com.android.role.controller.model.Permissions.grantAsUser(Permissions.java:205)
02-15 13:10:26.903  2832  4214 E AppOpService: 	at com.android.role.controller.model.Role.grantAsUser(Role.java:867)
02-15 13:10:26.903  2832  4214 E AppOpService: 	at com.android.role.controller.service.RoleControllerServiceImpl.addRoleHolderInternal(RoleControllerServiceImpl.java:380)
02-15 13:10:26.903  2832  4214 E AppOpService: 	at com.android.role.controller.service.RoleControllerServiceImpl.onGrantDefaultRoles(RoleControllerServiceImpl.java:163)
02-15 13:10:26.903  2832  4214 E AppOpService: 	at com.android.role.LocalRoleController.lambda$grantDefaultRoles$1(LocalRoleController.java:56)
02-15 13:10:26.903  2832  4214 E AppOpService: 	at com.android.role.LocalRoleController.$r8$lambda$ye-flP7Mf14AbTzwSmiTgndT6Cg(LocalRoleController.java:0)
02-15 13:10:26.903  2832  4214 E AppOpService: 	at com.android.role.LocalRoleController$$ExternalSyntheticLambda1.run(R8$$SyntheticClass:0)
02-15 13:10:26.903  2832  4214 E AppOpService: 	at android.os.Handler.handleCallback(Handler.java:995)
02-15 13:10:26.903  2832  4214 E AppOpService: 	at android.os.Handler.dispatchMessage(Handler.java:103)
02-15 13:10:26.903  2832  4214 E AppOpService: 	at android.os.Looper.loopOnce(Looper.java:273)
02-15 13:10:26.903  2832  4214 E AppOpService: 	at android.os.Looper.loop(Looper.java:363)
02-15 13:10:26.903  2832  4214 E AppOpService: 	at android.os.HandlerThread.run(HandlerThread.java:85)
02-15 13:10:26.906  2832  4214 E ApduServiceInfo: Not adding <aid-group> with empty or invalid AIDs
02-15 13:10:26.913  2832  4214 E AppOpService: Blocked setUidMode call for runtime permission app op: uid = 10274, code = FINE_LOCATION, mode = foreground, callingUid = 1000, oldMode = allow
02-15 13:10:26.913  2832  4214 E AppOpService: java.lang.RuntimeException
02-15 13:10:26.913  2832  4214 E AppOpService: 	at com.android.server.permission.access.appop.AppOpService.setUidMode(qb/105202279 360c6b680040fadf330c49f6c5b9ba5e98c78f573d7285cb06fa9bc9a2c110fd:159)
02-15 13:10:26.913  2832  4214 E AppOpService: 	at com.android.server.appop.AppOpsCheckingServiceTracingDecorator.setUidMode(qb/105202279 360c6b680040fadf330c49f6c5b9ba5e98c78f573d7285cb06fa9bc9a2c110fd:11)
02-15 13:10:26.913  2832  4214 E AppOpService: 	at com.android.server.appop.AppOpsService.setUidMode(qb/105202279 360c6b680040fadf330c49f6c5b9ba5e98c78f573d7285cb06fa9bc9a2c110fd:56)
02-15 13:10:26.913  2832  4214 E AppOpService: 	at com.android.server.appop.AppOpsService.setUidMode(qb/105202279 360c6b680040fadf330c49f6c5b9ba5e98c78f573d7285cb06fa9bc9a2c110fd:1)
02-15 13:10:26.913  2832  4214 E AppOpService: 	at android.app.AppOpsManager.setUidMode(AppOpsManager.java:8654)
02-15 13:10:26.913  2832  4214 E AppOpService: 	at com.android.role.controller.model.Permissions.setAppOpModeAsUser(Permissions.java:908)
02-15 13:10:26.913  2832  4214 E AppOpService: 	at com.android.role.controller.model.Permissions.setAppOpUidModeAsUser(Permissions.java:885)
02-15 13:10:26.913  2832  4214 E AppOpService: 	at com.android.role.controller.model.Permissions.grantPermissionAndAppOpAsUser(Permissions.java:373)
02-15 13:10:26.913  2832  4214 E AppOpService: 	at com.android.role.controller.model.Permissions.grantSingleAsUser(Permissions.java:247)
02-15 13:10:26.913  2832  4214 E AppOpService: 	at com.android.role.controller.model.Permissions.grantAsUser(Permissions.java:205)
02-15 13:10:26.913  2832  4214 E AppOpService: 	at com.android.role.controller.behavior.BrowserRoleBehavior.grantAsUser(BrowserRoleBehavior.java:142)
02-15 13:10:26.913  2832  4214 E AppOpService: 	at com.android.role.controller.model.Role.grantAsUser(Role.java:893)
02-15 13:10:26.913  2832  4214 E AppOpService: 	at com.android.role.controller.service.RoleControllerServiceImpl.addRoleHolderInternal(RoleControllerServiceImpl.java:380)
02-15 13:10:26.913  2832  4214 E AppOpService: 	at com.android.role.controller.service.RoleControllerServiceImpl.onGrantDefaultRoles(RoleControllerServiceImpl.java:163)
02-15 13:10:26.913  2832  4214 E AppOpService: 	at com.android.role.LocalRoleController.lambda$grantDefaultRoles$1(LocalRoleController.java:56)
02-15 13:10:26.913  2832  4214 E AppOpService: 	at com.android.role.LocalRoleController.$r8$lambda$ye-flP7Mf14AbTzwSmiTgndT6Cg(LocalRoleController.java:0)
02-15 13:10:26.913  2832  4214 E AppOpService: 	at com.android.role.LocalRoleController$$ExternalSyntheticLambda1.run(R8$$SyntheticClass:0)
02-15 13:10:26.913  2832  4214 E AppOpService: 	at android.os.Handler.handleCallback(Handler.java:995)
02-15 13:10:26.913  2832  4214 E AppOpService: 	at android.os.Handler.dispatchMessage(Handler.java:103)
02-15 13:10:26.913  2832  4214 E AppOpService: 	at android.os.Looper.loopOnce(Looper.java:273)
02-15 13:10:26.913  2832  4214 E AppOpService: 	at android.os.Looper.loop(Looper.java:363)
02-15 13:10:26.913  2832  4214 E AppOpService: 	at android.os.HandlerThread.run(HandlerThread.java:85)
02-15 13:10:26.913  2832  4214 E AppOpService: Blocked setUidMode call for runtime permission app op: uid = 10274, code = COARSE_LOCATION, mode = foreground, callingUid = 1000, oldMode = allow
02-15 13:10:26.913  2832  4214 E AppOpService: java.lang.RuntimeException
02-15 13:10:26.913  2832  4214 E AppOpService: 	at com.android.server.permission.access.appop.AppOpService.setUidMode(qb/105202279 360c6b680040fadf330c49f6c5b9ba5e98c78f573d7285cb06fa9bc9a2c110fd:159)
02-15 13:10:26.913  2832  4214 E AppOpService: 	at com.android.server.appop.AppOpsCheckingServiceTracingDecorator.setUidMode(qb/105202279 360c6b680040fadf330c49f6c5b9ba5e98c78f573d7285cb06fa9bc9a2c110fd:11)
02-15 13:10:26.913  2832  4214 E AppOpService: 	at com.android.server.appop.AppOpsService.setUidMode(qb/105202279 360c6b680040fadf330c49f6c5b9ba5e98c78f573d7285cb06fa9bc9a2c110fd:56)
02-15 13:10:26.913  2832  4214 E AppOpService: 	at com.android.server.appop.AppOpsService.setUidMode(qb/105202279 360c6b680040fadf330c49f6c5b9ba5e98c78f573d7285cb06fa9bc9a2c110fd:1)
02-15 13:10:26.913  2832  4214 E AppOpService: 	at android.app.AppOpsManager.setUidMode(AppOpsManager.java:8654)
02-15 13:10:26.913  2832  4214 E AppOpService: 	at com.android.role.controller.model.Permissions.setAppOpModeAsUser(Permissions.java:908)
02-15 13:10:26.913  2832  4214 E AppOpService: 	at com.android.role.controller.model.Permissions.setAppOpUidModeAsUser(Permissions.java:885)
02-15 13:10:26.913  2832  4214 E AppOpService: 	at com.android.role.controller.model.Permissions.grantPermissionAndAppOpAsUser(Permissions.java:373)
02-15 13:10:26.913  2832  4214 E AppOpService: 	at com.android.role.controller.model.Permissions.grantSingleAsUser(Permissions.java:247)
02-15 13:10:26.913  2832  4214 E AppOpService: 	at com.android.role.controller.model.Permissions.grantAsUser(Permissions.java:205)
02-15 13:10:26.913  2832  4214 E AppOpService: 	at com.android.role.controller.behavior.BrowserRoleBehavior.grantAsUser(BrowserRoleBehavior.java:142)
02-15 13:10:26.913  2832  4214 E AppOpService: 	at com.android.role.controller.model.Role.grantAsUser(Role.java:893)
02-15 13:10:26.913  2832  4214 E AppOpService: 	at com.android.role.controller.service.RoleControllerServiceImpl.addRoleHolderInternal(RoleControllerServiceImpl.java:380)
02-15 13:10:26.913  2832  4214 E AppOpService: 	at com.android.role.controller.service.RoleControllerServiceImpl.onGrantDefaultRoles(RoleControllerServiceImpl.java:163)
02-15 13:10:26.913  2832  4214 E AppOpService: 	at com.android.role.LocalRoleController.lambda$grantDefaultRoles$1(LocalRoleController.java:56)
02-15 13:10:26.913  2832  4214 E AppOpService: 	at com.android.role.LocalRoleController.$r8$lambda$ye-flP7Mf14AbTzwSmiTgndT6Cg(LocalRoleController.java:0)
02-15 13:10:26.913  2832  4214 E AppOpService: 	at com.android.role.LocalRoleController$$ExternalSyntheticLambda1.run(R8$$SyntheticClass:0)
02-15 13:10:26.913  2832  4214 E AppOpService: 	at android.os.Handler.handleCallback(Handler.java:995)
02-15 13:10:26.913  2832  4214 E AppOpService: 	at android.os.Handler.dispatchMessage(Handler.java:103)
02-15 13:10:26.913  2832  4214 E AppOpService: 	at android.os.Looper.loopOnce(Looper.java:273)
02-15 13:10:26.913  2832  4214 E AppOpService: 	at android.os.Looper.loop(Looper.java:363)
02-15 13:10:26.913  2832  4214 E AppOpService: 	at android.os.HandlerThread.run(HandlerThread.java:85)
02-15 13:10:26.935 11953 11953 E m.samsung.euicc: Not starting debugger since process cannot load the jdwp agent.
02-15 13:10:26.960 11953 11953 E ashmem  : Pinning is deprecated since Android Q. Please use trim or other methods.
02-15 13:10:26.979 11953 11985 E SLPASVC : deleteSentNotificationsFromEuicc                                                                    [at com.samsung.euicc.util.NotificationUtils.deleteSentNotificationsFromEuicc(NotificationUtils.java:140)]
02-15 13:10:26.981 11953 11985 E SLPASVC : ListToRemove table is null                                                                          [at com.samsung.euicc.util.NotificationUtils.deleteSentNotificationsFromEuicc(NotificationUtils.java:148)]
02-15 13:10:27.010 11953 11953 E LPAPSH  : handler exist                                                                                       [at com.samsung.euicc.push.SMDSService.createHandler(SMDSService.java:318)]
02-15 13:10:27.010 11953 12009 E LPAPSH  : token already updated                                                                               [at com.samsung.euicc.push.SMDSService.handleSmdsRegisterEidToken(SMDSService.java:259)]
02-15 13:10:27.020 11953 11985 E SLPASVC : Notification List is null!!                                                                         [at com.samsung.euicc.util.NotificationUtils.addNotificationsToSendDB(NotificationUtils.java:207)]
02-15 13:10:27.020 11953 11985 E SLPASVC : not blocking request: ListProfileRequest                                                            [at com.samsung.euicc.lpaService.gsma.phase2.state.Idle.handleMessage(Idle.java:103)]
02-15 13:10:27.094 11953 11991 E SLPASVC : not blocking request: ListProfileRequest                                                            [at com.samsung.euicc.lpaService.gsma.phase2.state.Idle.handleMessage(Idle.java:103)]
02-15 13:10:27.606  1855  1896 E HeatmapThread: ECT Thread time in milliseconds: 1771175427
02-15 13:10:27.611  1855  1896 E HeatmapThread: !@ CAM New BSOH: 100
02-15 13:10:29.041  1165  1553 E spcomlib: [spcom_ioctl] IOCTL failed: ret[-1], error [-4]
02-15 13:10:29.041  1165  1553 E spcomlib: [spcom_check_link_up_state] SPCom check for link up interrupted - ioctl ret[-4], cmd ret[0], wait[1]
02-15 13:10:29.041  1171  1544 E spcomlib: [spcom_ioctl] IOCTL failed: ret[-1], error [-4]
02-15 13:10:29.041  1171  1544 E spcomlib: [spcom_check_link_up_state] SPCom check for link up interrupted - ioctl ret[-4], cmd ret[0], wait[1]
02-15 13:10:29.041  1191  1398 E spcomlib: [spcom_ioctl] IOCTL failed: ret[-1], error [-4]
02-15 13:10:29.041  1191  1398 E spcomlib: [spcom_check_link_up_state] SPCom check for link up interrupted - ioctl ret[-4], cmd ret[0], wait[1]
02-15 13:10:29.043  1905  1935 E spcomlib: [spcom_ioctl] IOCTL failed: ret[-1], error [-4]
02-15 13:10:29.043  1905  1935 E spcomlib: [spcom_check_link_up_state] SPCom check for link up interrupted - ioctl ret[-4], cmd ret[0], wait[1]
02-15 13:10:29.044  2381  2575 E wlc     : event loop wait error
02-15 13:10:29.073  1814  1895 E BatteryDump: !@new_battery_dump : 4226,-119,100,100,80,314,301,322,314,0,328,325,0,Discharging,NO_CHARGING,None,Good,NONE,0,Normal,0,0,9300,0x40000000,0x10000,0x0,0,0,254,v0002,0000,0000,00000000,0,0,0,0,141,4231,7922,980,0,
02-15 13:10:30.472  1165  1553 E spcomlib: [spcom_ioctl] IOCTL failed: ret[-1], error [-4]
02-15 13:10:30.472  1165  1553 E spcomlib: [spcom_check_link_up_state] SPCom check for link up interrupted - ioctl ret[-4], cmd ret[0], wait[1]
02-15 13:10:30.473  1171  1544 E spcomlib: [spcom_ioctl] IOCTL failed: ret[-1], error [-4]
02-15 13:10:30.473  1171  1544 E spcomlib: [spcom_check_link_up_state] SPCom check for link up interrupted - ioctl ret[-4], cmd ret[0], wait[1]
02-15 13:10:30.473  1191  1398 E spcomlib: [spcom_ioctl] IOCTL failed: ret[-1], error [-4]
02-15 13:10:30.473  1191  1398 E spcomlib: [spcom_check_link_up_state] SPCom check for link up interrupted - ioctl ret[-4], cmd ret[0], wait[1]
02-15 13:10:30.475  1905  1935 E spcomlib: [spcom_ioctl] IOCTL failed: ret[-1], error [-4]
02-15 13:10:30.475  1905  1935 E spcomlib: [spcom_check_link_up_state] SPCom check for link up interrupted - ioctl ret[-4], cmd ret[0], wait[1]
02-15 13:10:30.476  2381  2575 E wlc     : event loop wait error
02-15 13:10:30.509  1814  1895 E BatteryDump: !@new_battery_dump : 4225,-119,100,100,80,314,301,323,314,0,328,325,0,Discharging,NO_CHARGING,None,Good,NONE,0,Normal,0,0,9300,0x40000000,0x10000,0x0,0,0,254,v0002,0000,0000,00000000,0,0,0,0,141,4231,7922,980,0,
02-15 13:10:30.532  1855  1896 E HeatmapThread: ECT Thread time in milliseconds: 1771175430
02-15 13:10:30.534  1855  1896 E HeatmapThread: !@ CAM New BSOH: 100
02-15 13:10:31.907  1171  1544 E spcomlib: [spcom_ioctl] IOCTL failed: ret[-1], error [-4]
02-15 13:10:31.907  1171  1544 E spcomlib: [spcom_check_link_up_state] SPCom check for link up interrupted - ioctl ret[-4], cmd ret[0], wait[1]
02-15 13:10:31.908  1191  1398 E spcomlib: [spcom_ioctl] IOCTL failed: ret[-1], error [-4]
02-15 13:10:31.908  1191  1398 E spcomlib: [spcom_check_link_up_state] SPCom check for link up interrupted - ioctl ret[-4], cmd ret[0], wait[1]
02-15 13:10:31.907  1165  1553 E spcomlib: [spcom_ioctl] IOCTL failed: ret[-1], error [-4]
02-15 13:10:31.908  1165  1553 E spcomlib: [spcom_check_link_up_state] SPCom check for link up interrupted - ioctl ret[-4], cmd ret[0], wait[1]
02-15 13:10:31.910  1905  1935 E spcomlib: [spcom_ioctl] IOCTL failed: ret[-1], error [-4]
02-15 13:10:31.910  1905  1935 E spcomlib: [spcom_check_link_up_state] SPCom check for link up interrupted - ioctl ret[-4], cmd ret[0], wait[1]
02-15 13:10:31.914  2381  2575 E wlc     : event loop wait error
02-15 13:10:31.942  1814  1895 E BatteryDump: !@new_battery_dump : 4226,-119,100,100,80,314,301,322,314,0,328,325,0,Discharging,NO_CHARGING,None,Good,NONE,0,Normal,0,0,9300,0x40000000,0x10000,0x0,0,0,254,v0002,0000,0000,00000000,0,0,0,0,141,4231,7922,980,0,
02-15 13:10:32.076  1165  1553 E spcomlib: [spcom_ioctl] IOCTL failed: ret[-1], error [-4]
02-15 13:10:32.076  1165  1553 E spcomlib: [spcom_check_link_up_state] SPCom check for link up interrupted - ioctl ret[-4], cmd ret[0], wait[1]
02-15 13:10:32.076  1171  1544 E spcomlib: [spcom_ioctl] IOCTL failed: ret[-1], error [-4]
02-15 13:10:32.076  1171  1544 E spcomlib: [spcom_check_link_up_state] SPCom check for link up interrupted - ioctl ret[-4], cmd ret[0], wait[1]
02-15 13:10:32.076  1191  1398 E spcomlib: [spcom_ioctl] IOCTL failed: ret[-1], error [-4]
02-15 13:10:32.076  1191  1398 E spcomlib: [spcom_check_link_up_state] SPCom check for link up interrupted - ioctl ret[-4], cmd ret[0], wait[1]
02-15 13:10:32.079  1905  1935 E spcomlib: [spcom_ioctl] IOCTL failed: ret[-1], error [-4]
02-15 13:10:32.079  1905  1935 E spcomlib: [spcom_check_link_up_state] SPCom check for link up interrupted - ioctl ret[-4], cmd ret[0], wait[1]
02-15 13:10:32.081  2381  2575 E wlc     : event loop wait error
02-15 13:10:32.114  1814  1895 E BatteryDump: !@new_battery_dump : 4226,-119,100,100,80,314,301,322,314,0,328,325,0,Discharging,NO_CHARGING,None,Good,NONE,0,Normal,0,0,9300,0x40000000,0x10000,0x0,0,0,254,v0002,0000,0000,00000000,0,0,0,0,141,4231,7922,980,0,
02-15 13:10:32.450  1165  1553 E spcomlib: [spcom_ioctl] IOCTL failed: ret[-1], error [-4]
02-15 13:10:32.451  1165  1553 E spcomlib: [spcom_check_link_up_state] SPCom check for link up interrupted - ioctl ret[-4], cmd ret[0], wait[1]
02-15 13:10:32.451  1191  1398 E spcomlib: [spcom_ioctl] IOCTL failed: ret[-1], error [-4]
02-15 13:10:32.451  1191  1398 E spcomlib: [spcom_check_link_up_state] SPCom check for link up interrupted - ioctl ret[-4], cmd ret[0], wait[1]
02-15 13:10:32.452  1171  1544 E spcomlib: [spcom_ioctl] IOCTL failed: ret[-1], error [-4]
02-15 13:10:32.453  1171  1544 E spcomlib: [spcom_check_link_up_state] SPCom check for link up interrupted - ioctl ret[-4], cmd ret[0], wait[1]
02-15 13:10:32.456  1905  1935 E spcomlib: [spcom_ioctl] IOCTL failed: ret[-1], error [-4]
02-15 13:10:32.456  1905  1935 E spcomlib: [spcom_check_link_up_state] SPCom check for link up interrupted - ioctl ret[-4], cmd ret[0], wait[1]
02-15 13:10:32.460  2381  2575 E wlc     : event loop wait error
02-15 13:10:32.490  1814  1895 E BatteryDump: !@new_battery_dump : 4214,-119,100,100,80,314,301,322,314,0,328,325,0,Discharging,NO_CHARGING,None,Good,NONE,0,Normal,0,0,9300,0x40000000,0x10000,0x0,0,0,254,v0002,0000,0000,00000000,0,0,0,0,141,4231,7921,980,0,
02-15 13:10:32.671  1855  1896 E HeatmapThread: ECT Thread time in milliseconds: 1771175432
02-15 13:10:32.675  1855  1896 E HeatmapThread: !@ CAM New BSOH: 100
02-15 13:10:33.854  1165  1553 E spcomlib: [spcom_ioctl] IOCTL failed: ret[-1], error [-4]
02-15 13:10:33.854  1165  1553 E spcomlib: [spcom_check_link_up_state] SPCom check for link up interrupted - ioctl ret[-4], cmd ret[0], wait[1]
02-15 13:10:33.854  1171  1544 E spcomlib: [spcom_ioctl] IOCTL failed: ret[-1], error [-4]
02-15 13:10:33.854  1171  1544 E spcomlib: [spcom_check_link_up_state] SPCom check for link up interrupted - ioctl ret[-4], cmd ret[0], wait[1]
02-15 13:10:33.854  1191  1398 E spcomlib: [spcom_ioctl] IOCTL failed: ret[-1], error [-4]
02-15 13:10:33.854  1191  1398 E spcomlib: [spcom_check_link_up_state] SPCom check for link up interrupted - ioctl ret[-4], cmd ret[0], wait[1]
02-15 13:10:33.856  1905  1935 E spcomlib: [spcom_ioctl] IOCTL failed: ret[-1], error [-4]
02-15 13:10:33.858  2381  2575 E wlc     : event loop wait error
02-15 13:10:33.858  1905  1935 E spcomlib: [spcom_check_link_up_state] SPCom check for link up interrupted - ioctl ret[-4], cmd ret[0], wait[1]
02-15 13:10:33.886  1814  1895 E BatteryDump: !@new_battery_dump : 4226,-119,100,100,80,314,300,322,314,0,328,325,0,Discharging,NO_CHARGING,None,Good,NONE,0,Normal,0,0,9300,0x40000000,0x10000,0x0,0,0,254,v0002,0000,0000,00000000,0,0,0,0,141,4231,7921,980,0,
02-15 13:10:33.887  1816  1816 E thermal_core: need_to_update: 16265
02-15 13:10:35.289  1165  1553 E spcomlib: [spcom_ioctl] IOCTL failed: ret[-1], error [-4]
02-15 13:10:35.289  1165  1553 E spcomlib: [spcom_check_link_up_state] SPCom check for link up interrupted - ioctl ret[-4], cmd ret[0], wait[1]
02-15 13:10:35.290  1171  1544 E spcomlib: [spcom_ioctl] IOCTL failed: ret[-1], error [-4]
02-15 13:10:35.290  1171  1544 E spcomlib: [spcom_check_link_up_state] SPCom check for link up interrupted - ioctl ret[-4], cmd ret[0], wait[1]
02-15 13:10:35.290  1191  1398 E spcomlib: [spcom_ioctl] IOCTL failed: ret[-1], error [-4]
02-15 13:10:35.290  1191  1398 E spcomlib: [spcom_check_link_up_state] SPCom check for link up interrupted - ioctl ret[-4], cmd ret[0], wait[1]
02-15 13:10:35.293  1905  1935 E spcomlib: [spcom_ioctl] IOCTL failed: ret[-1], error [-4]
02-15 13:10:35.293  1905  1935 E spcomlib: [spcom_check_link_up_state] SPCom check for link up interrupted - ioctl ret[-4], cmd ret[0], wait[1]
02-15 13:10:35.296  2381  2575 E wlc     : event loop wait error
02-15 13:10:35.323  1814  1895 E BatteryDump: !@new_battery_dump : 4222,-119,100,100,80,314,300,322,314,0,327,323,0,Discharging,NO_CHARGING,None,Good,NONE,0,Normal,0,0,9300,0x40000000,0x10000,0x0,0,0,254,v0002,0000,0000,00000000,0,0,0,0,141,4231,7921,980,0,
02-15 13:10:36.720  1165  1553 E spcomlib: [spcom_ioctl] IOCTL failed: ret[-1], error [-4]
02-15 13:10:36.720  1165  1553 E spcomlib: [spcom_check_link_up_state] SPCom check for link up interrupted - ioctl ret[-4], cmd ret[0], wait[1]
02-15 13:10:36.720  1171  1544 E spcomlib: [spcom_ioctl] IOCTL failed: ret[-1], error [-4]
02-15 13:10:36.720  1171  1544 E spcomlib: [spcom_check_link_up_state] SPCom check for link up interrupted - ioctl ret[-4], cmd ret[0], wait[1]
02-15 13:10:36.720  1191  1398 E spcomlib: [spcom_ioctl] IOCTL failed: ret[-1], error [-4]
02-15 13:10:36.720  1191  1398 E spcomlib: [spcom_check_link_up_state] SPCom check for link up interrupted - ioctl ret[-4], cmd ret[0], wait[1]
02-15 13:10:36.722  1905  1935 E spcomlib: [spcom_ioctl] IOCTL failed: ret[-1], error [-4]
02-15 13:10:36.722  1905  1935 E spcomlib: [spcom_check_link_up_state] SPCom check for link up interrupted - ioctl ret[-4], cmd ret[0], wait[1]
02-15 13:10:36.724  2381  2575 E wlc     : event loop wait error
02-15 13:10:36.748  1855  1896 E HeatmapThread: ECT Thread time in milliseconds: 1771175436
02-15 13:10:36.749  1855  1896 E HeatmapThread: !@Entered the read from path function
02-15 13:10:36.749  1855  1896 E HeatmapThread: !@Read Extended_heatmap from efs is: 18738 0 0 0 0 0 0 0 0 0 0 0 0 0 0 0 0 0 1222 0 0 0 0 0 0 0 0 0 0 0 0 0 0 0 0 0 1417 0 0 0 0 0 0 0 0 0 0 0 0 0 0 0 0 0 1454 0 0 0 0 0 0 0 0 0 0 0 0 0 0 0 0 0 1409 0 0 0 0 0 0 0 0 0 0 0 0 0 0 0 0 0 1445 0 0 0 0 0 0 0 0 0 0 0 0 0 0 0 0 0 1431 0 0 0 0 0 0 0 0 0 0 0 0 0 0 0 0 0 1336 0 0 0 0 0 0 0 0 0 0 0 0 0 0 0 0 0 1452 0 0 0 0 0 0 0 0 0 0 0 0 0 0 0 0 0 1462 0 0 0 0 0 0 0 0 0 0 0 0 0 0 0 0 0 1286 0 0 0 0 0 0 0 0 0 0 0 0 0 0 0 0 0 5718 0 0 0 0 0 0 0 0 0 0 0 0 0 0 0 0 0 6528 0 0 0 0 0 0 0 0 0 0 0 0 0 0 0 0 0 12758 0 0 0 0 0 0 0 0 0 0 0 0 0 0 0 0 0 12666 0 0 0 0 0 0 0 0 0 0 0 0 0 0 0 0 0 12937 0 0 0 0 0 0 0 0 0 0 0 0 0 0 0 0 0 12912 0 0 0 0 0 0 0 0 0 0 0 0 0 0 0 0 0 9872 0 0 0 0 0 0 0 0 0 0 0 0 0 0 0 0 0 3784 0 0 0 0 0 0 0 0 0 0 0 0 0 0 0 0 0 3092 0 0 0 0 0 0 0 0 0 0 0 0 0 0 0 0 0 2707 0 0 0 0 0 0 0 0 0 0 0 0 0 0 0 0 0 2480 0 0 0 0 0 0 0 0 0 0 0 0 0 0 0 0 0 293 0 0 0 0 0 0 0 0 0 0 0 0 0 0 0 0 0 368 0 0 0 0 0 0 0 0 0 0 0 0 0 0 0 0 0 297 0 0 0 0 0 0 0 0 0 0 0 0 0 0 0 0 0 240 0 0 0
02-15 13:10:36.750  1855  1896 E HeatmapThread: !@Write Extended Heatmap to efs is: 18738 0 0 0 0 0 0 0 0 0 0 0 0 0 0 0 0 0 1222 0 0 0 0 0 0 0 0 0 0 0 0 0 0 0 0 0 1417 0 0 0 0 0 0 0 0 0 0 0 0 0 0 0 0 0 1454 0 0 0 0 0 0 0 0 0 0 0 0 0 0 0 0 0 1409 0 0 0 0 0 0 0 0 0 0 0 0 0 0 0 0 0 1445 0 0 0 0 0 0 0 0 0 0 0 0 0 0 0 0 0 1431 0 0 0 0 0 0 0 0 0 0 0 0 0 0 0 0 0 1336 0 0 0 0 0 0 0 0 0 0 0 0 0 0 0 0 0 1452 0 0 0 0 0 0 0 0 0 0 0 0 0 0 0 0 0 1462 0 0 0 0 0 0 0 0 0 0 0 0 0 0 0 0 0 1286 0 0 0 0 0 0 0 0 0 0 0 0 0 0 0 0 0 5718 0 0 0 0 0 0 0 0 0 0 0 0 0 0 0 0 0 6528 0 0 0 0 0 0 0 0 0 0 0 0 0 0 0 0 0 12759 0 0 0 0 0 0 0 0 0 0 0 0 0 0 0 0 0 12666 0 0 0 0 0 0 0 0 0 0 0 0 0 0 0 0 0 12937 0 0 0 0 0 0 0 0 0 0 0 0 0 0 0 0 0 12912 0 0 0 0 0 0 0 0 0 0 0 0 0 0 0 0 0 9872 0 0 0 0 0 0 0 0 0 0 0 0 0 0 0 0 0 3784 0 0 0 0 0 0 0 0 0 0 0 0 0 0 0 0 0 3092 0 0 0 0 0 0 0 0 0 0 0 0 0 0 0 0 0 2707 0 0 0 0 0 0 0 0 0 0 0 0 0 0 0 0 0 2480 0 0 0 0 0 0 0 0 0 0 0 0 0 0 0 0 0 293 0 0 0 0 0 0 0 0 0 0 0 0 0 0 0 0 0 368 0 0 0 0 0 0 0 0 0 0 0 0 0 0 0 0 0 297 0 0 0 0 0 0 0 0 0 0 0 0 0 0 0 0 0 240 0 0 0 
02-15 13:10:36.750  1855  1896 E HeatmapThread: !@ CAM New BSOH: 100
02-15 13:10:36.753  1814  1895 E BatteryDump: !@new_battery_dump : 4225,-119,100,100,80,314,300,322,314,0,327,323,0,Discharging,NO_CHARGING,None,Good,NONE,0,Normal,0,0,9300,0x40000000,0x10000,0x0,0,0,254,v0002,0000,0000,00000000,0,0,0,0,141,4231,7921,980,0,
02-15 13:10:38.155  1165  1553 E spcomlib: [spcom_ioctl] IOCTL failed: ret[-1], error [-4]
02-15 13:10:38.155  1165  1553 E spcomlib: [spcom_check_link_up_state] SPCom check for link up interrupted - ioctl ret[-4], cmd ret[0], wait[1]
02-15 13:10:38.155  1191  1398 E spcomlib: [spcom_ioctl] IOCTL failed: ret[-1], error [-4]
02-15 13:10:38.155  1171  1544 E spcomlib: [spcom_ioctl] IOCTL failed: ret[-1], error [-4]
02-15 13:10:38.155  1171  1544 E spcomlib: [spcom_check_link_up_state] SPCom check for link up interrupted - ioctl ret[-4], cmd ret[0], wait[1]
02-15 13:10:38.155  1191  1398 E spcomlib: [spcom_check_link_up_state] SPCom check for link up interrupted - ioctl ret[-4], cmd ret[0], wait[1]
02-15 13:10:38.157  1905  1935 E spcomlib: [spcom_ioctl] IOCTL failed: ret[-1], error [-4]
02-15 13:10:38.157  1905  1935 E spcomlib: [spcom_check_link_up_state] SPCom check for link up interrupted - ioctl ret[-4], cmd ret[0], wait[1]
02-15 13:10:38.159  2381  2575 E wlc     : event loop wait error
02-15 13:10:38.186  1814  1895 E BatteryDump: !@new_battery_dump : 4227,-119,100,100,80,314,300,322,314,0,327,323,0,Discharging,NO_CHARGING,None,Good,NONE,0,Normal,0,0,9300,0x40000000,0x10000,0x0,0,0,254,v0002,0000,0000,00000000,0,0,0,0,141,4231,7921,980,0,
02-15 13:10:38.325  1165  1553 E spcomlib: [spcom_ioctl] IOCTL failed: ret[-1], error [-4]
02-15 13:10:38.325  1165  1553 E spcomlib: [spcom_check_link_up_state] SPCom check for link up interrupted - ioctl ret[-4], cmd ret[0], wait[1]
02-15 13:10:38.325  1171  1544 E spcomlib: [spcom_ioctl] IOCTL failed: ret[-1], error [-4]
02-15 13:10:38.325  1171  1544 E spcomlib: [spcom_check_link_up_state] SPCom check for link up interrupted - ioctl ret[-4], cmd ret[0], wait[1]
02-15 13:10:38.325  1191  1398 E spcomlib: [spcom_ioctl] IOCTL failed: ret[-1], error [-4]
02-15 13:10:38.325  1191  1398 E spcomlib: [spcom_check_link_up_state] SPCom check for link up interrupted - ioctl ret[-4], cmd ret[0], wait[1]
02-15 13:10:38.327  1905  1935 E spcomlib: [spcom_ioctl] IOCTL failed: ret[-1], error [-4]
02-15 13:10:38.327  1905  1935 E spcomlib: [spcom_check_link_up_state] SPCom check for link up interrupted - ioctl ret[-4], cmd ret[0], wait[1]
02-15 13:10:38.330  2381  2575 E wlc     : event loop wait error
02-15 13:10:38.582  1165  1553 E spcomlib: [spcom_ioctl] IOCTL failed: ret[-1], error [-4]
02-15 13:10:38.582  1165  1553 E spcomlib: [spcom_check_link_up_state] SPCom check for link up interrupted - ioctl ret[-4], cmd ret[0], wait[1]
02-15 13:10:38.582  1171  1544 E spcomlib: [spcom_ioctl] IOCTL failed: ret[-1], error [-4]
02-15 13:10:38.582  1171  1544 E spcomlib: [spcom_check_link_up_state] SPCom check for link up interrupted - ioctl ret[-4], cmd ret[0], wait[1]
02-15 13:10:38.582  1191  1398 E spcomlib: [spcom_ioctl] IOCTL failed: ret[-1], error [-4]
02-15 13:10:38.582  1191  1398 E spcomlib: [spcom_check_link_up_state] SPCom check for link up interrupted - ioctl ret[-4], cmd ret[0], wait[1]
02-15 13:10:38.585  1905  1935 E spcomlib: [spcom_ioctl] IOCTL failed: ret[-1], error [-4]
02-15 13:10:38.585  1905  1935 E spcomlib: [spcom_check_link_up_state] SPCom check for link up interrupted - ioctl ret[-4], cmd ret[0], wait[1]
02-15 13:10:38.588  2381  2575 E wlc     : event loop wait error
02-15 13:10:38.897  1855  1896 E HeatmapThread: ECT Thread time in milliseconds: 1771175438
02-15 13:10:38.902  1855  1896 E HeatmapThread: !@ CAM New BSOH: 100
02-15 13:10:40.307  1165  1553 E spcomlib: [spcom_ioctl] IOCTL failed: ret[-1], error [-4]
02-15 13:10:40.307  1165  1553 E spcomlib: [spcom_check_link_up_state] SPCom check for link up interrupted - ioctl ret[-4], cmd ret[0], wait[1]
02-15 13:10:40.307  1171  1544 E spcomlib: [spcom_ioctl] IOCTL failed: ret[-1], error [-4]
02-15 13:10:40.307  1171  1544 E spcomlib: [spcom_check_link_up_state] SPCom check for link up interrupted - ioctl ret[-4], cmd ret[0], wait[1]
02-15 13:10:40.307  1191  1398 E spcomlib: [spcom_ioctl] IOCTL failed: ret[-1], error [-4]
02-15 13:10:40.307  1191  1398 E spcomlib: [spcom_check_link_up_state] SPCom check for link up interrupted - ioctl ret[-4], cmd ret[0], wait[1]
02-15 13:10:40.310  1905  1935 E spcomlib: [spcom_ioctl] IOCTL failed: ret[-1], error [-4]
02-15 13:10:40.310  1905  1935 E spcomlib: [spcom_check_link_up_state] SPCom check for link up interrupted - ioctl ret[-4], cmd ret[0], wait[1]
02-15 13:10:40.318  2381  2575 E wlc     : event loop wait error
02-15 13:10:40.347  1814  1895 E BatteryDump: !@new_battery_dump : 4227,-119,100,100,80,314,300,321,314,0,327,323,0,Discharging,NO_CHARGING,None,Good,NONE,0,Normal,0,0,9300,0x40000000,0x10000,0x0,0,0,254,v0002,0000,0000,00000000,0,0,0,0,141,4231,7921,980,0,
02-15 13:10:41.750  1171  1544 E spcomlib: [spcom_ioctl] IOCTL failed: ret[-1], error [-4]
02-15 13:10:41.750  1171  1544 E spcomlib: [spcom_check_link_up_state] SPCom check for link up interrupted - ioctl ret[-4], cmd ret[0], wait[1]
02-15 13:10:41.752  1165  1553 E spcomlib: [spcom_ioctl] IOCTL failed: ret[-1], error [-4]
02-15 13:10:41.752  1191  1398 E spcomlib: [spcom_ioctl] IOCTL failed: ret[-1], error [-4]
02-15 13:10:41.753  1191  1398 E spcomlib: [spcom_check_link_up_state] SPCom check for link up interrupted - ioctl ret[-4], cmd ret[0], wait[1]
02-15 13:10:41.753  1905  1935 E spcomlib: [spcom_ioctl] IOCTL failed: ret[-1], error [-4]
02-15 13:10:41.753  1905  1935 E spcomlib: [spcom_check_link_up_state] SPCom check for link up interrupted - ioctl ret[-4], cmd ret[0], wait[1]
02-15 13:10:41.754  1165  1553 E spcomlib: [spcom_check_link_up_state] SPCom check for link up interrupted - ioctl ret[-4], cmd ret[0], wait[1]
02-15 13:10:41.759  2381  2575 E wlc     : event loop wait error
02-15 13:10:41.782  1814  1895 E BatteryDump: !@new_battery_dump : 4227,-119,100,100,80,314,300,321,314,0,327,323,0,Discharging,NO_CHARGING,None,Good,NONE,0,Normal,0,0,9300,0x40000000,0x10000,0x0,0,0,254,v0002,0000,0000,00000000,0,0,0,0,141,4231,7921,980,0,
02-15 13:10:43.173  1165  1553 E spcomlib: [spcom_ioctl] IOCTL failed: ret[-1], error [-4]
02-15 13:10:43.173  1165  1553 E spcomlib: [spcom_check_link_up_state] SPCom check for link up interrupted - ioctl ret[-4], cmd ret[0], wait[1]
02-15 13:10:43.173  1171  1544 E spcomlib: [spcom_ioctl] IOCTL failed: ret[-1], error [-4]
02-15 13:10:43.173  1171  1544 E spcomlib: [spcom_check_link_up_state] SPCom check for link up interrupted - ioctl ret[-4], cmd ret[0], wait[1]
02-15 13:10:43.173  1191  1398 E spcomlib: [spcom_ioctl] IOCTL failed: ret[-1], error [-4]
02-15 13:10:43.173  1191  1398 E spcomlib: [spcom_check_link_up_state] SPCom check for link up interrupted - ioctl ret[-4], cmd ret[0], wait[1]
02-15 13:10:43.176  1905  1935 E spcomlib: [spcom_ioctl] IOCTL failed: ret[-1], error [-4]
02-15 13:10:43.176  1905  1935 E spcomlib: [spcom_check_link_up_state] SPCom check for link up interrupted - ioctl ret[-4], cmd ret[0], wait[1]
02-15 13:10:43.177  2381  2575 E wlc     : event loop wait error
02-15 13:10:43.204  1814  1895 E BatteryDump: !@new_battery_dump : 4226,-119,100,100,80,314,300,321,314,0,327,323,0,Discharging,NO_CHARGING,None,Good,NONE,0,Normal,0,0,9300,0x40000000,0x10000,0x0,0,0,254,v0002,0000,0000,00000000,0,0,0,0,141,4231,7921,980,0,
02-15 13:10:43.279  1855  1896 E HeatmapThread: ECT Thread time in milliseconds: 1771175443
02-15 13:10:43.282  1855  1896 E HeatmapThread: !@ CAM New BSOH: 100
02-15 13:10:43.543  1171  1544 E spcomlib: [spcom_ioctl] IOCTL failed: ret[-1], error [-4]
02-15 13:10:43.543  1171  1544 E spcomlib: [spcom_check_link_up_state] SPCom check for link up interrupted - ioctl ret[-4], cmd ret[0], wait[1]
02-15 13:10:43.543  1191  1398 E spcomlib: [spcom_ioctl] IOCTL failed: ret[-1], error [-4]
02-15 13:10:43.543  1191  1398 E spcomlib: [spcom_check_link_up_state] SPCom check for link up interrupted - ioctl ret[-4], cmd ret[0], wait[1]
02-15 13:10:43.543  1165  1553 E spcomlib: [spcom_ioctl] IOCTL failed: ret[-1], error [-4]
02-15 13:10:43.543  1165  1553 E spcomlib: [spcom_check_link_up_state] SPCom check for link up interrupted - ioctl ret[-4], cmd ret[0], wait[1]
02-15 13:10:43.546  1905  1935 E spcomlib: [spcom_ioctl] IOCTL failed: ret[-1], error [-4]
02-15 13:10:43.546  1905  1935 E spcomlib: [spcom_check_link_up_state] SPCom check for link up interrupted - ioctl ret[-4], cmd ret[0], wait[1]
02-15 13:10:43.548  2381  2575 E wlc     : event loop wait error
02-15 13:10:43.575  1814  1895 E BatteryDump: !@new_battery_dump : 4222,-119,100,100,80,314,300,321,314,0,327,323,0,Discharging,NO_CHARGING,None,Good,NONE,0,Normal,0,0,9300,0x40000000,0x10000,0x0,0,0,254,v0002,0000,0000,00000000,0,0,0,0,141,4231,7921,980,0,
02-15 13:10:44.279  1855  1896 E HeatmapThread: ECT Thread time in milliseconds: 1771175444
02-15 13:10:44.283  1855  1896 E HeatmapThread: !@ CAM New BSOH: 100
02-15 13:10:44.387  1842 23506 E ConversionHelperAidl: Function: parseAndSetVendorParameters Line: 94 Failed 
02-15 13:10:44.388  1842 23506 E ConversionHelperAidl: Function: parseAndSetVendorParameters Line: 94 Failed 
02-15 13:10:44.390  1842 23506 E ConversionHelperAidl: Function: parseAndSetVendorParameters Line: 94 Failed 
02-15 13:10:44.390  1842 23506 E ConversionHelperAidl: Function: parseAndSetVendorParameters Line: 94 Failed 
02-15 13:10:45.279  1855  1896 E HeatmapThread: ECT Thread time in milliseconds: 1771175445
02-15 13:10:45.283  1855  1896 E HeatmapThread: !@ CAM New BSOH: 100
02-15 13:10:46.873  1171  1544 E spcomlib: [spcom_ioctl] IOCTL failed: ret[-1], error [-4]
02-15 13:10:46.873  1171  1544 E spcomlib: [spcom_check_link_up_state] SPCom check for link up interrupted - ioctl ret[-4], cmd ret[0], wait[1]
02-15 13:10:46.873  1165  1553 E spcomlib: [spcom_ioctl] IOCTL failed: ret[-1], error [-4]
02-15 13:10:46.873  1165  1553 E spcomlib: [spcom_check_link_up_state] SPCom check for link up interrupted - ioctl ret[-4], cmd ret[0], wait[1]
02-15 13:10:46.873  1191  1398 E spcomlib: [spcom_ioctl] IOCTL failed: ret[-1], error [-4]
02-15 13:10:46.873  1191  1398 E spcomlib: [spcom_check_link_up_state] SPCom check for link up interrupted - ioctl ret[-4], cmd ret[0], wait[1]
02-15 13:10:46.874  1905  1935 E spcomlib: [spcom_ioctl] IOCTL failed: ret[-1], error [-4]
02-15 13:10:46.874  1905  1935 E spcomlib: [spcom_check_link_up_state] SPCom check for link up interrupted - ioctl ret[-4], cmd ret[0], wait[1]
02-15 13:10:46.877  2381  2575 E wlc     : event loop wait error
02-15 13:10:46.906  1814  1895 E BatteryDump: !@new_battery_dump : 4225,-119,100,100,80,313,300,320,313,0,327,321,0,Discharging,NO_CHARGING,None,Good,NONE,0,Normal,0,0,9300,0x40000000,0x10000,0x0,0,0,254,v0002,0000,0000,00000000,0,0,0,0,141,4231,7921,980,0,
02-15 13:10:48.292  1171  1544 E spcomlib: [spcom_ioctl] IOCTL failed: ret[-1], error [-4]
02-15 13:10:48.292  1171  1544 E spcomlib: [spcom_check_link_up_state] SPCom check for link up interrupted - ioctl ret[-4], cmd ret[0], wait[1]
02-15 13:10:48.292  1191  1398 E spcomlib: [spcom_ioctl] IOCTL failed: ret[-1], error [-4]
02-15 13:10:48.292  1191  1398 E spcomlib: [spcom_check_link_up_state] SPCom check for link up interrupted - ioctl ret[-4], cmd ret[0], wait[1]
02-15 13:10:48.293  1165  1553 E spcomlib: [spcom_ioctl] IOCTL failed: ret[-1], error [-4]
02-15 13:10:48.293  1165  1553 E spcomlib: [spcom_check_link_up_state] SPCom check for link up interrupted - ioctl ret[-4], cmd ret[0], wait[1]
02-15 13:10:48.295  1905  1935 E spcomlib: [spcom_ioctl] IOCTL failed: ret[-1], error [-4]
02-15 13:10:48.295  1905  1935 E spcomlib: [spcom_check_link_up_state] SPCom check for link up interrupted - ioctl ret[-4], cmd ret[0], wait[1]
02-15 13:10:48.298  2381  2575 E wlc     : event loop wait error
02-15 13:10:48.330  1814  1895 E BatteryDump: !@new_battery_dump : 4226,-119,100,100,80,313,300,320,313,0,326,321,0,Discharging,NO_CHARGING,None,Good,NONE,0,Normal,0,0,9300,0x40000000,0x10000,0x0,0,0,254,v0002,0000,0000,00000000,0,0,0,0,141,4231,7921,980,0,
02-15 13:10:49.727  1165  1553 E spcomlib: [spcom_ioctl] IOCTL failed: ret[-1], error [-4]
02-15 13:10:49.727  1171  1544 E spcomlib: [spcom_ioctl] IOCTL failed: ret[-1], error [-4]
02-15 13:10:49.727  1165  1553 E spcomlib: [spcom_check_link_up_state] SPCom check for link up interrupted - ioctl ret[-4], cmd ret[0], wait[1]
02-15 13:10:49.727  1171  1544 E spcomlib: [spcom_check_link_up_state] SPCom check for link up interrupted - ioctl ret[-4], cmd ret[0], wait[1]
02-15 13:10:49.727  1191  1398 E spcomlib: [spcom_ioctl] IOCTL failed: ret[-1], error [-4]
02-15 13:10:49.727  1191  1398 E spcomlib: [spcom_check_link_up_state] SPCom check for link up interrupted - ioctl ret[-4], cmd ret[0], wait[1]
02-15 13:10:49.728  1855  1896 E HeatmapThread: ECT Thread time in milliseconds: 1771175449
02-15 13:10:49.729  1905  1935 E spcomlib: [spcom_ioctl] IOCTL failed: ret[-1], error [-4]
02-15 13:10:49.732  1905  1935 E spcomlib: [spcom_check_link_up_state] SPCom check for link up interrupted - ioctl ret[-4], cmd ret[0], wait[1]
02-15 13:10:49.733  1855  1896 E HeatmapThread: !@ CAM New BSOH: 100
02-15 13:10:49.734  2381  2575 E wlc     : event loop wait error
02-15 13:10:49.760  1814  1895 E BatteryDump: !@new_battery_dump : 4227,-119,100,100,80,313,300,320,313,0,326,321,0,Discharging,NO_CHARGING,None,Good,NONE,0,Normal,0,0,9300,0x40000000,0x10000,0x0,0,0,254,v0002,0000,0000,00000000,0,0,0,0,141,4231,7921,980,0,
02-15 13:10:51.161  1165  1553 E spcomlib: [spcom_ioctl] IOCTL failed: ret[-1], error [-4]
02-15 13:10:51.161  1191  1398 E spcomlib: [spcom_ioctl] IOCTL failed: ret[-1], error [-4]
02-15 13:10:51.161  1191  1398 E spcomlib: [spcom_check_link_up_state] SPCom check for link up interrupted - ioctl ret[-4], cmd ret[0], wait[1]
02-15 13:10:51.161  1165  1553 E spcomlib: [spcom_check_link_up_state] SPCom check for link up interrupted - ioctl ret[-4], cmd ret[0], wait[1]
02-15 13:10:51.161  1171  1544 E spcomlib: [spcom_ioctl] IOCTL failed: ret[-1], error [-4]
02-15 13:10:51.161  1171  1544 E spcomlib: [spcom_check_link_up_state] SPCom check for link up interrupted - ioctl ret[-4], cmd ret[0], wait[1]
02-15 13:10:51.164  1905  1935 E spcomlib: [spcom_ioctl] IOCTL failed: ret[-1], error [-4]
02-15 13:10:51.164  1905  1935 E spcomlib: [spcom_check_link_up_state] SPCom check for link up interrupted - ioctl ret[-4], cmd ret[0], wait[1]
02-15 13:10:51.167  2381  2575 E wlc     : event loop wait error
02-15 13:10:51.196  1814  1895 E BatteryDump: !@new_battery_dump : 4226,-119,100,100,80,313,300,320,313,0,326,321,0,Discharging,NO_CHARGING,None,Good,NONE,0,Normal,0,0,9300,0x40000000,0x10000,0x0,0,0,254,v0002,0000,0000,00000000,0,0,0,0,141,4231,7921,980,0,
02-15 13:10:51.336  1165  1553 E spcomlib: [spcom_ioctl] IOCTL failed: ret[-1], error [-4]
02-15 13:10:51.336  1165  1553 E spcomlib: [spcom_check_link_up_state] SPCom check for link up interrupted - ioctl ret[-4], cmd ret[0], wait[1]
02-15 13:10:51.336  1191  1398 E spcomlib: [spcom_ioctl] IOCTL failed: ret[-1], error [-4]
02-15 13:10:51.336  1171  1544 E spcomlib: [spcom_ioctl] IOCTL failed: ret[-1], error [-4]
02-15 13:10:51.336  1191  1398 E spcomlib: [spcom_check_link_up_state] SPCom check for link up interrupted - ioctl ret[-4], cmd ret[0], wait[1]
02-15 13:10:51.336  1171  1544 E spcomlib: [spcom_check_link_up_state] SPCom check for link up interrupted - ioctl ret[-4], cmd ret[0], wait[1]
02-15 13:10:51.338  1905  1935 E spcomlib: [spcom_ioctl] IOCTL failed: ret[-1], error [-4]
02-15 13:10:51.339  1905  1935 E spcomlib: [spcom_check_link_up_state] SPCom check for link up interrupted - ioctl ret[-4], cmd ret[0], wait[1]
02-15 13:10:51.344  2381  2575 E wlc     : event loop wait error
02-15 13:10:51.368  1814  1895 E BatteryDump: !@new_battery_dump : 4226,-119,100,100,80,313,300,320,313,0,326,321,0,Discharging,NO_CHARGING,None,Good,NONE,0,Normal,0,0,9300,0x40000000,0x10000,0x0,0,0,254,v0002,0000,0000,00000000,0,0,0,0,141,4231,7921,980,0,
02-15 13:10:52.489  1165  1553 E spcomlib: [spcom_ioctl] IOCTL failed: ret[-1], error [-4]
02-15 13:10:52.489  1165  1553 E spcomlib: [spcom_check_link_up_state] SPCom check for link up interrupted - ioctl ret[-4], cmd ret[0], wait[1]
02-15 13:10:52.489  1171  1544 E spcomlib: [spcom_ioctl] IOCTL failed: ret[-1], error [-4]
02-15 13:10:52.489  1171  1544 E spcomlib: [spcom_check_link_up_state] SPCom check for link up interrupted - ioctl ret[-4], cmd ret[0], wait[1]
02-15 13:10:52.489  1191  1398 E spcomlib: [spcom_ioctl] IOCTL failed: ret[-1], error [-4]
02-15 13:10:52.489  1191  1398 E spcomlib: [spcom_check_link_up_state] SPCom check for link up interrupted - ioctl ret[-4], cmd ret[0], wait[1]
02-15 13:10:52.491  1905  1935 E spcomlib: [spcom_ioctl] IOCTL failed: ret[-1], error [-4]
02-15 13:10:52.493  1905  1935 E spcomlib: [spcom_check_link_up_state] SPCom check for link up interrupted - ioctl ret[-4], cmd ret[0], wait[1]
02-15 13:10:52.494  2381  2575 E wlc     : event loop wait error
02-15 13:10:52.525  1814  1895 E BatteryDump: !@new_battery_dump : 4227,-119,100,100,80,313,300,319,313,0,326,321,0,Discharging,NO_CHARGING,None,Good,NONE,0,Normal,0,0,9300,0x40000000,0x10000,0x0,0,0,254,v0002,0000,0000,00000000,0,0,0,0,141,4231,7921,980,0,
02-15 13:10:52.581  1855  1896 E HeatmapThread: ECT Thread time in milliseconds: 1771175452
02-15 13:10:52.584  1855  1896 E HeatmapThread: !@ CAM New BSOH: 100
02-15 13:10:54.028  1165  1553 E spcomlib: [spcom_ioctl] IOCTL failed: ret[-1], error [-4]
02-15 13:10:54.028  1191  1398 E spcomlib: [spcom_ioctl] IOCTL failed: ret[-1], error [-4]
02-15 13:10:54.028  1165  1553 E spcomlib: [spcom_check_link_up_state] SPCom check for link up interrupted - ioctl ret[-4], cmd ret[0], wait[1]
02-15 13:10:54.028  1191  1398 E spcomlib: [spcom_check_link_up_state] SPCom check for link up interrupted - ioctl ret[-4], cmd ret[0], wait[1]
02-15 13:10:54.029  1171  1544 E spcomlib: [spcom_ioctl] IOCTL failed: ret[-1], error [-4]
02-15 13:10:54.029  1171  1544 E spcomlib: [spcom_check_link_up_state] SPCom check for link up interrupted - ioctl ret[-4], cmd ret[0], wait[1]
02-15 13:10:54.031  1905  1935 E spcomlib: [spcom_ioctl] IOCTL failed: ret[-1], error [-4]
02-15 13:10:54.031  1905  1935 E spcomlib: [spcom_check_link_up_state] SPCom check for link up interrupted - ioctl ret[-4], cmd ret[0], wait[1]
02-15 13:10:54.033  2381  2575 E wlc     : event loop wait error
02-15 13:10:54.067  5426  5426 E DWBn    : UsageDataManager MemoryTrimmable
02-15 13:10:54.067  5426  5426 E DWBg    : LocalPkgManager MemoryTrimmable
02-15 13:10:54.068  1814  1895 E BatteryDump: !@new_battery_dump : 4227,-119,100,100,80,313,300,319,313,0,326,321,0,Discharging,NO_CHARGING,None,Good,NONE,0,Normal,0,0,9300,0x40000000,0x10000,0x0,0,0,254,v0002,0000,0000,00000000,0,0,0,0,141,4231,7921,980,0,
02-15 13:10:55.463  1165  1553 E spcomlib: [spcom_ioctl] IOCTL failed: ret[-1], error [-4]
02-15 13:10:55.463  1165  1553 E spcomlib: [spcom_check_link_up_state] SPCom check for link up interrupted - ioctl ret[-4], cmd ret[0], wait[1]
02-15 13:10:55.463  1171  1544 E spcomlib: [spcom_ioctl] IOCTL failed: ret[-1], error [-4]
02-15 13:10:55.463  1171  1544 E spcomlib: [spcom_check_link_up_state] SPCom check for link up interrupted - ioctl ret[-4], cmd ret[0], wait[1]
02-15 13:10:55.464  1191  1398 E spcomlib: [spcom_ioctl] IOCTL failed: ret[-1], error [-4]
02-15 13:10:55.464  1191  1398 E spcomlib: [spcom_check_link_up_state] SPCom check for link up interrupted - ioctl ret[-4], cmd ret[0], wait[1]
02-15 13:10:55.466  1905  1935 E spcomlib: [spcom_ioctl] IOCTL failed: ret[-1], error [-4]
02-15 13:10:55.466  1905  1935 E spcomlib: [spcom_check_link_up_state] SPCom check for link up interrupted - ioctl ret[-4], cmd ret[0], wait[1]
02-15 13:10:55.468  2381  2575 E wlc     : event loop wait error
02-15 13:10:55.497  1814  1895 E BatteryDump: !@new_battery_dump : 4226,-119,100,100,80,313,300,319,313,0,326,321,0,Discharging,NO_CHARGING,None,Good,NONE,0,Normal,0,0,9300,0x40000000,0x10000,0x0,0,0,254,v0002,0000,0000,00000000,0,0,0,0,141,4231,7921,980,0,
02-15 13:10:55.752  1165  1553 E spcomlib: [spcom_ioctl] IOCTL failed: ret[-1], error [-4]
02-15 13:10:55.752  1165  1553 E spcomlib: [spcom_check_link_up_state] SPCom check for link up interrupted - ioctl ret[-4], cmd ret[0], wait[1]
02-15 13:10:55.752  1171  1544 E spcomlib: [spcom_ioctl] IOCTL failed: ret[-1], error [-4]
02-15 13:10:55.752  1171  1544 E spcomlib: [spcom_check_link_up_state] SPCom check for link up interrupted - ioctl ret[-4], cmd ret[0], wait[1]
02-15 13:10:55.752  1191  1398 E spcomlib: [spcom_ioctl] IOCTL failed: ret[-1], error [-4]
02-15 13:10:55.752  1191  1398 E spcomlib: [spcom_check_link_up_state] SPCom check for link up interrupted - ioctl ret[-4], cmd ret[0], wait[1]
02-15 13:10:55.753  1905  1935 E spcomlib: [spcom_ioctl] IOCTL failed: ret[-1], error [-4]
02-15 13:10:55.754  1905  1935 E spcomlib: [spcom_check_link_up_state] SPCom check for link up interrupted - ioctl ret[-4], cmd ret[0], wait[1]
02-15 13:10:55.755  2381  2575 E wlc     : event loop wait error
02-15 13:10:55.783  1814  1895 E BatteryDump: !@new_battery_dump : 4222,-119,100,100,80,313,300,319,313,0,326,321,0,Discharging,NO_CHARGING,None,Good,NONE,0,Normal,0,0,9300,0x40000000,0x10000,0x0,0,0,254,v0002,0000,0000,00000000,0,0,0,0,141,4231,7921,980,0,
02-15 13:10:55.941  1855  1896 E HeatmapThread: ECT Thread time in milliseconds: 1771175455
02-15 13:10:55.945  1855  1896 E HeatmapThread: !@ CAM New BSOH: 100
02-15 13:10:56.941  1855  1896 E HeatmapThread: ECT Thread time in milliseconds: 1771175456
02-15 13:10:56.944  1855  1896 E HeatmapThread: !@ CAM New BSOH: 100
02-15 13:10:58.124  1165  1553 E spcomlib: [spcom_ioctl] IOCTL failed: ret[-1], error [-4]
02-15 13:10:58.124  1191  1398 E spcomlib: [spcom_ioctl] IOCTL failed: ret[-1], error [-4]
02-15 13:10:58.124  1165  1553 E spcomlib: [spcom_check_link_up_state] SPCom check for link up interrupted - ioctl ret[-4], cmd ret[0], wait[1]
02-15 13:10:58.124  1191  1398 E spcomlib: [spcom_check_link_up_state] SPCom check for link up interrupted - ioctl ret[-4], cmd ret[0], wait[1]
02-15 13:10:58.124  1171  1544 E spcomlib: [spcom_ioctl] IOCTL failed: ret[-1], error [-4]
02-15 13:10:58.124  1171  1544 E spcomlib: [spcom_check_link_up_state] SPCom check for link up interrupted - ioctl ret[-4], cmd ret[0], wait[1]
02-15 13:10:58.126  1855  1896 E HeatmapThread: ECT Thread time in milliseconds: 1771175458
02-15 13:10:58.126  1905  1935 E spcomlib: [spcom_ioctl] IOCTL failed: ret[-1], error [-4]
02-15 13:10:58.126  1905  1935 E spcomlib: [spcom_check_link_up_state] SPCom check for link up interrupted - ioctl ret[-4], cmd ret[0], wait[1]
02-15 13:10:58.129  1855  1896 E HeatmapThread: !@ CAM New BSOH: 100
02-15 13:10:58.129  2381  2575 E wlc     : event loop wait error
02-15 13:10:58.157  1814  1895 E BatteryDump: !@new_battery_dump : 4226,-119,100,100,80,313,300,319,313,0,326,321,0,Discharging,NO_CHARGING,None,Good,NONE,0,Normal,0,0,9300,0x40000000,0x10000,0x0,0,0,254,v0002,0000,0000,00000000,0,0,0,0,141,4231,7921,980,0,
02-15 13:10:59.554  1165  1553 E spcomlib: [spcom_ioctl] IOCTL failed: ret[-1], error [-4]
02-15 13:10:59.554  1171  1544 E spcomlib: [spcom_ioctl] IOCTL failed: ret[-1], error [-4]
02-15 13:10:59.554  1171  1544 E spcomlib: [spcom_check_link_up_state] SPCom check for link up interrupted - ioctl ret[-4], cmd ret[0], wait[1]
02-15 13:10:59.554  1165  1553 E spcomlib: [spcom_check_link_up_state] SPCom check for link up interrupted - ioctl ret[-4], cmd ret[0], wait[1]
02-15 13:10:59.555  1191  1398 E spcomlib: [spcom_ioctl] IOCTL failed: ret[-1], error [-4]
02-15 13:10:59.556  1191  1398 E spcomlib: [spcom_check_link_up_state] SPCom check for link up interrupted - ioctl ret[-4], cmd ret[0], wait[1]
02-15 13:10:59.557  1905  1935 E spcomlib: [spcom_ioctl] IOCTL failed: ret[-1], error [-4]
02-15 13:10:59.557  1905  1935 E spcomlib: [spcom_check_link_up_state] SPCom check for link up interrupted - ioctl ret[-4], cmd ret[0], wait[1]
02-15 13:10:59.560  2381  2575 E wlc     : event loop wait error
02-15 13:10:59.592  1814  1895 E BatteryDump: !@new_battery_dump : 4227,-119,100,100,80,313,300,319,313,0,326,321,0,Discharging,NO_CHARGING,None,Good,NONE,0,Normal,0,0,9300,0x40000000,0x10000,0x0,0,0,254,v0002,0000,0000,00000000,0,0,0,0,141,4231,7921,980,0,
02-15 13:10:59.592  1816  1816 E thermal_core: need_to_update: 15250
02-15 13:11:00.988  1165  1553 E spcomlib: [spcom_ioctl] IOCTL failed: ret[-1], error [-4]
02-15 13:11:00.988  1191  1398 E spcomlib: [spcom_ioctl] IOCTL failed: ret[-1], error [-4]
02-15 13:11:00.988  1191  1398 E spcomlib: [spcom_check_link_up_state] SPCom check for link up interrupted - ioctl ret[-4], cmd ret[0], wait[1]
02-15 13:11:00.988  1165  1553 E spcomlib: [spcom_check_link_up_state] SPCom check for link up interrupted - ioctl ret[-4], cmd ret[0], wait[1]
02-15 13:11:00.988  1171  1544 E spcomlib: [spcom_ioctl] IOCTL failed: ret[-1], error [-4]
02-15 13:11:00.988  1171  1544 E spcomlib: [spcom_check_link_up_state] SPCom check for link up interrupted - ioctl ret[-4], cmd ret[0], wait[1]
02-15 13:11:00.990  1905  1935 E spcomlib: [spcom_ioctl] IOCTL failed: ret[-1], error [-4]
02-15 13:11:00.990  1905  1935 E spcomlib: [spcom_check_link_up_state] SPCom check for link up interrupted - ioctl ret[-4], cmd ret[0], wait[1]
02-15 13:11:00.992  2381  2575 E wlc     : event loop wait error
02-15 13:11:01.021  1814  1895 E BatteryDump: !@new_battery_dump : 4227,-119,100,100,80,312,300,319,312,0,326,319,0,Discharging,NO_CHARGING,None,Good,NONE,0,Normal,0,0,9300,0x40000000,0x10000,0x0,0,0,254,v0002,0000,0000,00000000,0,0,0,0,141,4231,7919,980,0,
02-15 13:11:02.421  1165  1553 E spcomlib: [spcom_ioctl] IOCTL failed: ret[-1], error [-4]
02-15 13:11:02.421  1165  1553 E spcomlib: [spcom_check_link_up_state] SPCom check for link up interrupted - ioctl ret[-4], cmd ret[0], wait[1]
02-15 13:11:02.421  1191  1398 E spcomlib: [spcom_ioctl] IOCTL failed: ret[-1], error [-4]
02-15 13:11:02.421  1191  1398 E spcomlib: [spcom_check_link_up_state] SPCom check for link up interrupted - ioctl ret[-4], cmd ret[0], wait[1]
02-15 13:11:02.421  1171  1544 E spcomlib: [spcom_ioctl] IOCTL failed: ret[-1], error [-4]
02-15 13:11:02.421  1171  1544 E spcomlib: [spcom_check_link_up_state] SPCom check for link up interrupted - ioctl ret[-4], cmd ret[0], wait[1]
02-15 13:11:02.424  1905  1935 E spcomlib: [spcom_ioctl] IOCTL failed: ret[-1], error [-4]
02-15 13:11:02.424  1905  1935 E spcomlib: [spcom_check_link_up_state] SPCom check for link up interrupted - ioctl ret[-4], cmd ret[0], wait[1]
02-15 13:11:02.426  2381  2575 E wlc     : event loop wait error
02-15 13:11:02.455  1814  1895 E BatteryDump: !@new_battery_dump : 4227,-119,100,100,80,312,300,319,312,0,326,319,0,Discharging,NO_CHARGING,None,Good,NONE,0,Normal,0,0,9300,0x40000000,0x10000,0x0,0,0,254,v0002,0000,0000,00000000,0,0,0,0,141,4231,7919,980,0,
02-15 13:11:02.521  1855  1896 E HeatmapThread: ECT Thread time in milliseconds: 1771175462
02-15 13:11:02.524  1855  1896 E HeatmapThread: !@ CAM New BSOH: 100
02-15 13:11:02.625  1165  1553 E spcomlib: [spcom_ioctl] IOCTL failed: ret[-1], error [-4]
02-15 13:11:02.625  1165  1553 E spcomlib: [spcom_check_link_up_state] SPCom check for link up interrupted - ioctl ret[-4], cmd ret[0], wait[1]
02-15 13:11:02.625  1171  1544 E spcomlib: [spcom_ioctl] IOCTL failed: ret[-1], error [-4]
02-15 13:11:02.625  1171  1544 E spcomlib: [spcom_check_link_up_state] SPCom check for link up interrupted - ioctl ret[-4], cmd ret[0], wait[1]
02-15 13:11:02.625  1191  1398 E spcomlib: [spcom_ioctl] IOCTL failed: ret[-1], error [-4]
02-15 13:11:02.625  1191  1398 E spcomlib: [spcom_check_link_up_state] SPCom check for link up interrupted - ioctl ret[-4], cmd ret[0], wait[1]
02-15 13:11:02.627  1905  1935 E spcomlib: [spcom_ioctl] IOCTL failed: ret[-1], error [-4]
02-15 13:11:02.627  1905  1935 E spcomlib: [spcom_check_link_up_state] SPCom check for link up interrupted - ioctl ret[-4], cmd ret[0], wait[1]
02-15 13:11:02.629  2381  2575 E wlc     : event loop wait error
02-15 13:11:02.990  1165  1553 E spcomlib: [spcom_ioctl] IOCTL failed: ret[-1], error [-4]
02-15 13:11:02.990  1165  1553 E spcomlib: [spcom_check_link_up_state] SPCom check for link up interrupted - ioctl ret[-4], cmd ret[0], wait[1]
02-15 13:11:02.990  1171  1544 E spcomlib: [spcom_ioctl] IOCTL failed: ret[-1], error [-4]
02-15 13:11:02.991  1191  1398 E spcomlib: [spcom_ioctl] IOCTL failed: ret[-1], error [-4]
02-15 13:11:02.991  1191  1398 E spcomlib: [spcom_check_link_up_state] SPCom check for link up interrupted - ioctl ret[-4], cmd ret[0], wait[1]
02-15 13:11:02.995  1905  1935 E spcomlib: [spcom_ioctl] IOCTL failed: ret[-1], error [-4]
02-15 13:11:02.995  1905  1935 E spcomlib: [spcom_check_link_up_state] SPCom check for link up interrupted - ioctl ret[-4], cmd ret[0], wait[1]
02-15 13:11:02.997  1171  1544 E spcomlib: [spcom_check_link_up_state] SPCom check for link up interrupted - ioctl ret[-4], cmd ret[0], wait[1]
02-15 13:11:03.000  2381  2575 E wlc     : event loop wait error
02-15 13:11:03.030  1814  1895 E BatteryDump: !@new_battery_dump : 4220,-119,100,100,80,312,300,319,312,0,326,319,0,Discharging,NO_CHARGING,None,Good,NONE,0,Normal,0,0,9300,0x40000000,0x10000,0x0,0,0,254,v0002,0000,0000,00000000,0,0,0,0,141,4231,7919,980,0,
02-15 13:11:03.043  2832  3585 E WifiStaIfaceAidlImpl: getCachedScanData failed with service-specific exception: android.os.ServiceSpecificException:  (code 4)
02-15 13:11:04.370  1165  1553 E spcomlib: [spcom_ioctl] IOCTL failed: ret[-1], error [-4]
02-15 13:11:04.370  1171  1544 E spcomlib: [spcom_ioctl] IOCTL failed: ret[-1], error [-4]
02-15 13:11:04.370  1171  1544 E spcomlib: [spcom_check_link_up_state] SPCom check for link up interrupted - ioctl ret[-4], cmd ret[0], wait[1]
02-15 13:11:04.370  1165  1553 E spcomlib: [spcom_check_link_up_state] SPCom check for link up interrupted - ioctl ret[-4], cmd ret[0], wait[1]
02-15 13:11:04.372  1191  1398 E spcomlib: [spcom_ioctl] IOCTL failed: ret[-1], error [-4]
02-15 13:11:04.372  1191  1398 E spcomlib: [spcom_check_link_up_state] SPCom check for link up interrupted - ioctl ret[-4], cmd ret[0], wait[1]
02-15 13:11:04.372  1855  1896 E HeatmapThread: ECT Thread time in milliseconds: 1771175464
02-15 13:11:04.374  1905  1935 E spcomlib: [spcom_ioctl] IOCTL failed: ret[-1], error [-4]
02-15 13:11:04.374  1905  1935 E spcomlib: [spcom_check_link_up_state] SPCom check for link up interrupted - ioctl ret[-4], cmd ret[0], wait[1]
02-15 13:11:04.378  1855  1896 E HeatmapThread: !@ CAM New BSOH: 100
02-15 13:11:04.378  2381  2575 E wlc     : event loop wait error
02-15 13:11:04.412  1814  1895 E BatteryDump: !@new_battery_dump : 4225,-119,100,100,80,312,300,318,312,0,326,319,0,Discharging,NO_CHARGING,None,Good,NONE,0,Normal,0,0,9300,0x40000000,0x10000,0x0,0,0,254,v0002,0000,0000,00000000,0,0,0,0,141,4231,7919,980,0,
02-15 13:11:05.802  1165  1553 E spcomlib: [spcom_ioctl] IOCTL failed: ret[-1], error [-4]
02-15 13:11:05.802  1171  1544 E spcomlib: [spcom_ioctl] IOCTL failed: ret[-1], error [-4]
02-15 13:11:05.802  1165  1553 E spcomlib: [spcom_check_link_up_state] SPCom check for link up interrupted - ioctl ret[-4], cmd ret[0], wait[1]
02-15 13:11:05.802  1191  1398 E spcomlib: [spcom_ioctl] IOCTL failed: ret[-1], error [-4]
02-15 13:11:05.803  1191  1398 E spcomlib: [spcom_check_link_up_state] SPCom check for link up interrupted - ioctl ret[-4], cmd ret[0], wait[1]
02-15 13:11:05.803  1171  1544 E spcomlib: [spcom_check_link_up_state] SPCom check for link up interrupted - ioctl ret[-4], cmd ret[0], wait[1]
02-15 13:11:05.806  1905  1935 E spcomlib: [spcom_ioctl] IOCTL failed: ret[-1], error [-4]
02-15 13:11:05.806  1905  1935 E spcomlib: [spcom_check_link_up_state] SPCom check for link up interrupted - ioctl ret[-4], cmd ret[0], wait[1]
02-15 13:11:05.808  2381  2575 E wlc     : event loop wait error
02-15 13:11:05.839  1814  1895 E BatteryDump: !@new_battery_dump : 4227,-119,100,100,80,312,300,318,312,0,326,319,0,Discharging,NO_CHARGING,None,Good,NONE,0,Normal,0,0,9300,0x40000000,0x10000,0x0,0,0,254,v0002,0000,0000,00000000,0,0,0,0,141,4231,7919,980,0,
02-15 13:11:07.239  1171  1544 E spcomlib: [spcom_ioctl] IOCTL failed: ret[-1], error [-4]
02-15 13:11:07.239  1171  1544 E spcomlib: [spcom_check_link_up_state] SPCom check for link up interrupted - ioctl ret[-4], cmd ret[0], wait[1]
02-15 13:11:07.239  1165  1553 E spcomlib: [spcom_ioctl] IOCTL failed: ret[-1], error [-4]
02-15 13:11:07.240  1191  1398 E spcomlib: [spcom_ioctl] IOCTL failed: ret[-1], error [-4]
02-15 13:11:07.241  1165  1553 E spcomlib: [spcom_check_link_up_state] SPCom check for link up interrupted - ioctl ret[-4], cmd ret[0], wait[1]
02-15 13:11:07.240  1191  1398 E spcomlib: [spcom_check_link_up_state] SPCom check for link up interrupted - ioctl ret[-4], cmd ret[0], wait[1]
02-15 13:11:07.243  1905  1935 E spcomlib: [spcom_ioctl] IOCTL failed: ret[-1], error [-4]
02-15 13:11:07.243  1905  1935 E spcomlib: [spcom_check_link_up_state] SPCom check for link up interrupted - ioctl ret[-4], cmd ret[0], wait[1]
02-15 13:11:07.245  2381  2575 E wlc     : event loop wait error
02-15 13:11:07.275  1814  1895 E BatteryDump: !@new_battery_dump : 4227,-119,100,100,80,312,300,318,312,0,326,319,0,Discharging,NO_CHARGING,None,Good,NONE,0,Normal,0,0,9300,0x40000000,0x10000,0x0,0,0,254,v0002,0000,0000,00000000,0,0,0,0,141,4231,7919,980,0,
02-15 13:11:08.670  1171  1544 E spcomlib: [spcom_ioctl] IOCTL failed: ret[-1], error [-4]
02-15 13:11:08.670  1171  1544 E spcomlib: [spcom_check_link_up_state] SPCom check for link up interrupted - ioctl ret[-4], cmd ret[0], wait[1]
02-15 13:11:08.670  1191  1398 E spcomlib: [spcom_ioctl] IOCTL failed: ret[-1], error [-4]
02-15 13:11:08.670  1191  1398 E spcomlib: [spcom_check_link_up_state] SPCom check for link up interrupted - ioctl ret[-4], cmd ret[0], wait[1]
02-15 13:11:08.670  1165  1553 E spcomlib: [spcom_ioctl] IOCTL failed: ret[-1], error [-4]
02-15 13:11:08.670  1165  1553 E spcomlib: [spcom_check_link_up_state] SPCom check for link up interrupted - ioctl ret[-4], cmd ret[0], wait[1]
02-15 13:11:08.673  1905  1935 E spcomlib: [spcom_ioctl] IOCTL failed: ret[-1], error [-4]
02-15 13:11:08.674  1905  1935 E spcomlib: [spcom_check_link_up_state] SPCom check for link up interrupted - ioctl ret[-4], cmd ret[0], wait[1]
02-15 13:11:08.675  2381  2575 E wlc     : event loop wait error
02-15 13:11:08.703  1814  1895 E BatteryDump: !@new_battery_dump : 4227,-119,100,100,80,312,300,318,312,0,326,319,0,Discharging,NO_CHARGING,None,Good,NONE,0,Normal,0,0,9300,0x40000000,0x10000,0x0,0,0,254,v0002,0000,0000,00000000,0,0,0,0,141,4231,7919,980,0,
02-15 13:11:08.730  1855  1896 E HeatmapThread: ECT Thread time in milliseconds: 1771175468
02-15 13:11:08.732  1855  1896 E HeatmapThread: !@ CAM New BSOH: 100
02-15 13:11:08.837  1165  1553 E spcomlib: [spcom_ioctl] IOCTL failed: ret[-1], error [-4]
02-15 13:11:08.837  1165  1553 E spcomlib: [spcom_check_link_up_state] SPCom check for link up interrupted - ioctl ret[-4], cmd ret[0], wait[1]
02-15 13:11:08.837  1191  1398 E spcomlib: [spcom_ioctl] IOCTL failed: ret[-1], error [-4]
02-15 13:11:08.837  1171  1544 E spcomlib: [spcom_ioctl] IOCTL failed: ret[-1], error [-4]
02-15 13:11:08.837  1191  1398 E spcomlib: [spcom_check_link_up_state] SPCom check for link up interrupted - ioctl ret[-4], cmd ret[0], wait[1]
02-15 13:11:08.837  1171  1544 E spcomlib: [spcom_check_link_up_state] SPCom check for link up interrupted - ioctl ret[-4], cmd ret[0], wait[1]
02-15 13:11:08.839  1905  1935 E spcomlib: [spcom_ioctl] IOCTL failed: ret[-1], error [-4]
02-15 13:11:08.839  1905  1935 E spcomlib: [spcom_check_link_up_state] SPCom check for link up interrupted - ioctl ret[-4], cmd ret[0], wait[1]
02-15 13:11:08.841  2381  2575 E wlc     : event loop wait error
02-15 13:11:10.413  1165  1553 E spcomlib: [spcom_ioctl] IOCTL failed: ret[-1], error [-4]
02-15 13:11:10.413  1165  1553 E spcomlib: [spcom_check_link_up_state] SPCom check for link up interrupted - ioctl ret[-4], cmd ret[0], wait[1]
02-15 13:11:10.413  1191  1398 E spcomlib: [spcom_ioctl] IOCTL failed: ret[-1], error [-4]
02-15 13:11:10.413  1191  1398 E spcomlib: [spcom_check_link_up_state] SPCom check for link up interrupted - ioctl ret[-4], cmd ret[0], wait[1]
02-15 13:11:10.413  1171  1544 E spcomlib: [spcom_ioctl] IOCTL failed: ret[-1], error [-4]
02-15 13:11:10.414  1171  1544 E spcomlib: [spcom_check_link_up_state] SPCom check for link up interrupted - ioctl ret[-4], cmd ret[0], wait[1]
02-15 13:11:10.415  1905  1935 E spcomlib: [spcom_ioctl] IOCTL failed: ret[-1], error [-4]
02-15 13:11:10.415  1905  1935 E spcomlib: [spcom_check_link_up_state] SPCom check for link up interrupted - ioctl ret[-4], cmd ret[0], wait[1]
02-15 13:11:10.419  2381  2575 E wlc     : event loop wait error
02-15 13:11:10.449  1814  1895 E BatteryDump: !@new_battery_dump : 4227,-119,100,100,80,312,299,318,312,0,326,319,0,Discharging,NO_CHARGING,None,Good,NONE,0,Normal,0,0,9300,0x40000000,0x10000,0x0,0,0,254,v0002,0000,0000,00000000,0,0,0,0,141,4231,7919,980,0,
02-15 13:11:11.845  1165  1553 E spcomlib: [spcom_ioctl] IOCTL failed: ret[-1], error [-4]
02-15 13:11:11.846  1171  1544 E spcomlib: [spcom_ioctl] IOCTL failed: ret[-1], error [-4]
02-15 13:11:11.846  1171  1544 E spcomlib: [spcom_check_link_up_state] SPCom check for link up interrupted - ioctl ret[-4], cmd ret[0], wait[1]
02-15 13:11:11.846  1165  1553 E spcomlib: [spcom_check_link_up_state] SPCom check for link up interrupted - ioctl ret[-4], cmd ret[0], wait[1]
02-15 13:11:11.846  1191  1398 E spcomlib: [spcom_ioctl] IOCTL failed: ret[-1], error [-4]
02-15 13:11:11.846  1191  1398 E spcomlib: [spcom_check_link_up_state] SPCom check for link up interrupted - ioctl ret[-4], cmd ret[0], wait[1]
02-15 13:11:11.847  1905  1935 E spcomlib: [spcom_ioctl] IOCTL failed: ret[-1], error [-4]
02-15 13:11:11.847  1905  1935 E spcomlib: [spcom_check_link_up_state] SPCom check for link up interrupted - ioctl ret[-4], cmd ret[0], wait[1]
02-15 13:11:11.848  2381  2575 E wlc     : event loop wait error
02-15 13:11:11.877  1814  1895 E BatteryDump: !@new_battery_dump : 4227,-119,100,100,80,312,299,318,312,0,326,319,0,Discharging,NO_CHARGING,None,Good,NONE,0,Normal,0,0,9300,0x40000000,0x10000,0x0,0,0,254,v0002,0000,0000,00000000,0,0,0,0,141,4231,7919,980,0,
02-15 13:11:13.286  1165  1553 E spcomlib: [spcom_ioctl] IOCTL failed: ret[-1], error [-4]
02-15 13:11:13.286  1165  1553 E spcomlib: [spcom_check_link_up_state] SPCom check for link up interrupted - ioctl ret[-4], cmd ret[0], wait[1]
02-15 13:11:13.286  1191  1398 E spcomlib: [spcom_ioctl] IOCTL failed: ret[-1], error [-4]
02-15 13:11:13.286  1191  1398 E spcomlib: [spcom_check_link_up_state] SPCom check for link up interrupted - ioctl ret[-4], cmd ret[0], wait[1]
02-15 13:11:13.286  1171  1544 E spcomlib: [spcom_ioctl] IOCTL failed: ret[-1], error [-4]
02-15 13:11:13.286  1171  1544 E spcomlib: [spcom_check_link_up_state] SPCom check for link up interrupted - ioctl ret[-4], cmd ret[0], wait[1]
02-15 13:11:13.288  1855  1896 E HeatmapThread: ECT Thread time in milliseconds: 1771175473
02-15 13:11:13.289  1905  1935 E spcomlib: [spcom_ioctl] IOCTL failed: ret[-1], error [-4]
02-15 13:11:13.289  1905  1935 E spcomlib: [spcom_check_link_up_state] SPCom check for link up interrupted - ioctl ret[-4], cmd ret[0], wait[1]
02-15 13:11:13.291  2381  2575 E wlc     : event loop wait error
02-15 13:11:13.295  1855  1896 E HeatmapThread: !@ CAM New BSOH: 100
02-15 13:11:13.344  1814  1895 E BatteryDump: !@new_battery_dump : 4227,-119,100,100,80,312,299,318,312,0,326,319,0,Discharging,NO_CHARGING,None,Good,NONE,0,Normal,0,0,9300,0x40000000,0x10000,0x0,0,0,254,v0002,0000,0000,00000000,0,0,0,0,141,4231,7919,980,0,
02-15 13:11:13.353  1842  2846 E ConversionHelperAidl: Function: parseAndSetVendorParameters Line: 94 Failed 
02-15 13:11:13.353  1842  2846 E ConversionHelperAidl: Function: parseAndSetVendorParameters Line: 94 Failed 
02-15 13:11:13.355  1842  2846 E ConversionHelperAidl: Function: parseAndSetVendorParameters Line: 94 Failed 
02-15 13:11:13.355  1842  2846 E ConversionHelperAidl: Function: parseAndSetVendorParameters Line: 94 Failed 
02-15 13:11:14.713  1165  1553 E spcomlib: [spcom_ioctl] IOCTL failed: ret[-1], error [-4]
02-15 13:11:14.714  1171  1544 E spcomlib: [spcom_ioctl] IOCTL failed: ret[-1], error [-4]
02-15 13:11:14.714  1191  1398 E spcomlib: [spcom_ioctl] IOCTL failed: ret[-1], error [-4]
02-15 13:11:14.714  1191  1398 E spcomlib: [spcom_check_link_up_state] SPCom check for link up interrupted - ioctl ret[-4], cmd ret[0], wait[1]
02-15 13:11:14.715  1905  1935 E spcomlib: [spcom_ioctl] IOCTL failed: ret[-1], error [-4]
02-15 13:11:14.715  1905  1935 E spcomlib: [spcom_check_link_up_state] SPCom check for link up interrupted - ioctl ret[-4], cmd ret[0], wait[1]
02-15 13:11:14.716  1171  1544 E spcomlib: [spcom_check_link_up_state] SPCom check for link up interrupted - ioctl ret[-4], cmd ret[0], wait[1]
02-15 13:11:14.718  2381  2575 E wlc     : event loop wait error
02-15 13:11:14.718  1165  1553 E spcomlib: [spcom_check_link_up_state] SPCom check for link up interrupted - ioctl ret[-4], cmd ret[0], wait[1]
02-15 13:11:14.754  1814  1895 E BatteryDump: !@new_battery_dump : 4227,-119,100,100,80,312,299,318,312,0,326,318,0,Discharging,NO_CHARGING,None,Good,NONE,0,Normal,0,0,9300,0x40000000,0x10000,0x0,0,0,254,v0002,0000,0000,00000000,0,0,0,0,141,4231,7919,980,0,
02-15 13:11:14.843  2832  7625 E BatteryStatsService: Invalid uid for waking network packet: -1
02-15 13:11:14.874  1165  1553 E spcomlib: [spcom_ioctl] IOCTL failed: ret[-1], error [-4]
02-15 13:11:14.874  1165  1553 E spcomlib: [spcom_check_link_up_state] SPCom check for link up interrupted - ioctl ret[-4], cmd ret[0], wait[1]
02-15 13:11:14.874  1171  1544 E spcomlib: [spcom_ioctl] IOCTL failed: ret[-1], error [-4]
02-15 13:11:14.874  1171  1544 E spcomlib: [spcom_check_link_up_state] SPCom check for link up interrupted - ioctl ret[-4], cmd ret[0], wait[1]
02-15 13:11:14.874  1191  1398 E spcomlib: [spcom_ioctl] IOCTL failed: ret[-1], error [-4]
02-15 13:11:14.874  1191  1398 E spcomlib: [spcom_check_link_up_state] SPCom check for link up interrupted - ioctl ret[-4], cmd ret[0], wait[1]
02-15 13:11:14.876  1905  1935 E spcomlib: [spcom_ioctl] IOCTL failed: ret[-1], error [-4]
02-15 13:11:14.876  1905  1935 E spcomlib: [spcom_check_link_up_state] SPCom check for link up interrupted - ioctl ret[-4], cmd ret[0], wait[1]
02-15 13:11:14.879  2381  2575 E wlc     : event loop wait error
02-15 13:11:15.942  1165  1553 E spcomlib: [spcom_ioctl] IOCTL failed: ret[-1], error [-4]
02-15 13:11:15.943  1171  1544 E spcomlib: [spcom_ioctl] IOCTL failed: ret[-1], error [-4]
02-15 13:11:15.943  1171  1544 E spcomlib: [spcom_check_link_up_state] SPCom check for link up interrupted - ioctl ret[-4], cmd ret[0], wait[1]
02-15 13:11:15.943  1165  1553 E spcomlib: [spcom_check_link_up_state] SPCom check for link up interrupted - ioctl ret[-4], cmd ret[0], wait[1]
02-15 13:11:15.943  1191  1398 E spcomlib: [spcom_ioctl] IOCTL failed: ret[-1], error [-4]
02-15 13:11:15.943  1191  1398 E spcomlib: [spcom_check_link_up_state] SPCom check for link up interrupted - ioctl ret[-4], cmd ret[0], wait[1]
02-15 13:11:15.946  1905  1935 E spcomlib: [spcom_ioctl] IOCTL failed: ret[-1], error [-4]
02-15 13:11:15.946  1905  1935 E spcomlib: [spcom_check_link_up_state] SPCom check for link up interrupted - ioctl ret[-4], cmd ret[0], wait[1]
02-15 13:11:15.949  2381  2575 E wlc     : event loop wait error
02-15 13:11:15.971  1855  1896 E HeatmapThread: ECT Thread time in milliseconds: 1771175475
02-15 13:11:15.972  1855  1896 E HeatmapThread: !@ CAM New BSOH: 100
02-15 13:11:15.980  1814  1895 E BatteryDump: !@new_battery_dump : 4227,-119,100,100,80,312,299,317,312,0,324,318,0,Discharging,NO_CHARGING,None,Good,NONE,0,Normal,0,0,9300,0x40000000,0x10000,0x0,0,0,254,v0002,0000,0000,00000000,0,0,0,0,141,4231,7919,980,0,
02-15 13:11:17.375  1165  1553 E spcomlib: [spcom_ioctl] IOCTL failed: ret[-1], error [-4]
02-15 13:11:17.375  1165  1553 E spcomlib: [spcom_check_link_up_state] SPCom check for link up interrupted - ioctl ret[-4], cmd ret[0], wait[1]
02-15 13:11:17.375  1171  1544 E spcomlib: [spcom_ioctl] IOCTL failed: ret[-1], error [-4]
02-15 13:11:17.375  1171  1544 E spcomlib: [spcom_check_link_up_state] SPCom check for link up interrupted - ioctl ret[-4], cmd ret[0], wait[1]
02-15 13:11:17.375  1191  1398 E spcomlib: [spcom_ioctl] IOCTL failed: ret[-1], error [-4]
02-15 13:11:17.375  1191  1398 E spcomlib: [spcom_check_link_up_state] SPCom check for link up interrupted - ioctl ret[-4], cmd ret[0], wait[1]
02-15 13:11:17.377  1905  1935 E spcomlib: [spcom_ioctl] IOCTL failed: ret[-1], error [-4]
02-15 13:11:17.377  1905  1935 E spcomlib: [spcom_check_link_up_state] SPCom check for link up interrupted - ioctl ret[-4], cmd ret[0], wait[1]
02-15 13:11:17.381  2381  2575 E wlc     : event loop wait error
02-15 13:11:17.407  1814  1895 E BatteryDump: !@new_battery_dump : 4228,-119,100,100,80,312,299,317,312,0,324,318,0,Discharging,NO_CHARGING,None,Good,NONE,0,Normal,0,0,9300,0x40000000,0x10000,0x0,0,0,254,v0002,0000,0000,00000000,0,0,0,0,141,4231,7919,980,0,
02-15 13:11:18.810  1165  1553 E spcomlib: [spcom_ioctl] IOCTL failed: ret[-1], error [-4]
02-15 13:11:18.810  1165  1553 E spcomlib: [spcom_check_link_up_state] SPCom check for link up interrupted - ioctl ret[-4], cmd ret[0], wait[1]
02-15 13:11:18.810  1171  1544 E spcomlib: [spcom_ioctl] IOCTL failed: ret[-1], error [-4]
02-15 13:11:18.810  1171  1544 E spcomlib: [spcom_check_link_up_state] SPCom check for link up interrupted - ioctl ret[-4], cmd ret[0], wait[1]
02-15 13:11:18.811  1191  1398 E spcomlib: [spcom_ioctl] IOCTL failed: ret[-1], error [-4]
02-15 13:11:18.811  1191  1398 E spcomlib: [spcom_check_link_up_state] SPCom check for link up interrupted - ioctl ret[-4], cmd ret[0], wait[1]
02-15 13:11:18.814  1905  1935 E spcomlib: [spcom_ioctl] IOCTL failed: ret[-1], error [-4]
02-15 13:11:18.814  1905  1935 E spcomlib: [spcom_check_link_up_state] SPCom check for link up interrupted - ioctl ret[-4], cmd ret[0], wait[1]
02-15 13:11:18.817  2381  2575 E wlc     : event loop wait error
02-15 13:11:18.843  1814  1895 E BatteryDump: !@new_battery_dump : 4227,-119,100,100,80,312,299,317,312,0,324,318,0,Discharging,NO_CHARGING,None,Good,NONE,0,Normal,0,0,9300,0x40000000,0x10000,0x0,0,0,254,v0002,0000,0000,00000000,0,0,0,0,141,4231,7919,980,0,
02-15 13:11:20.240  1165  1553 E spcomlib: [spcom_ioctl] IOCTL failed: ret[-1], error [-4]
02-15 13:11:20.240  1165  1553 E spcomlib: [spcom_check_link_up_state] SPCom check for link up interrupted - ioctl ret[-4], cmd ret[0], wait[1]
02-15 13:11:20.240  1171  1544 E spcomlib: [spcom_ioctl] IOCTL failed: ret[-1], error [-4]
02-15 13:11:20.240  1171  1544 E spcomlib: [spcom_check_link_up_state] SPCom check for link up interrupted - ioctl ret[-4], cmd ret[0], wait[1]
02-15 13:11:20.240  1191  1398 E spcomlib: [spcom_ioctl] IOCTL failed: ret[-1], error [-4]
02-15 13:11:20.240  1191  1398 E spcomlib: [spcom_check_link_up_state] SPCom check for link up interrupted - ioctl ret[-4], cmd ret[0], wait[1]
02-15 13:11:20.242  1905  1935 E spcomlib: [spcom_ioctl] IOCTL failed: ret[-1], error [-4]
02-15 13:11:20.243  1905  1935 E spcomlib: [spcom_check_link_up_state] SPCom check for link up interrupted - ioctl ret[-4], cmd ret[0], wait[1]
02-15 13:11:20.244  2381  2575 E wlc     : event loop wait error
02-15 13:11:20.277  1814  1895 E BatteryDump: !@new_battery_dump : 4227,-119,100,100,80,312,299,317,312,0,324,318,0,Discharging,NO_CHARGING,None,Good,NONE,0,Normal,0,0,9300,0x40000000,0x10000,0x0,0,0,254,v0002,0000,0000,00000000,0,0,0,0,141,4231,7919,980,0,
02-15 13:11:21.675  1165  1553 E spcomlib: [spcom_ioctl] IOCTL failed: ret[-1], error [-4]
02-15 13:11:21.675  1165  1553 E spcomlib: [spcom_check_link_up_state] SPCom check for link up interrupted - ioctl ret[-4], cmd ret[0], wait[1]
02-15 13:11:21.677  1171  1544 E spcomlib: [spcom_ioctl] IOCTL failed: ret[-1], error [-4]
02-15 13:11:21.678  1191  1398 E spcomlib: [spcom_ioctl] IOCTL failed: ret[-1], error [-4]
02-15 13:11:21.678  1191  1398 E spcomlib: [spcom_check_link_up_state] SPCom check for link up interrupted - ioctl ret[-4], cmd ret[0], wait[1]
02-15 13:11:21.681  1855  1896 E HeatmapThread: ECT Thread time in milliseconds: 1771175481
02-15 13:11:21.682  1905  1935 E spcomlib: [spcom_ioctl] IOCTL failed: ret[-1], error [-4]
02-15 13:11:21.684  1905  1935 E spcomlib: [spcom_check_link_up_state] SPCom check for link up interrupted - ioctl ret[-4], cmd ret[0], wait[1]
02-15 13:11:21.684  2381  2575 E wlc     : event loop wait error
02-15 13:11:21.684  1171  1544 E spcomlib: [spcom_check_link_up_state] SPCom check for link up interrupted - ioctl ret[-4], cmd ret[0], wait[1]
02-15 13:11:21.685  1855  1896 E HeatmapThread: !@ CAM New BSOH: 100
02-15 13:11:21.685  2832  7625 E BatteryStatsService: Invalid uid for waking network packet: -1
02-15 13:11:21.685  2832  7625 E BatteryStatsService: Invalid uid for waking network packet: -1
02-15 13:11:21.709  1814  1895 E BatteryDump: !@new_battery_dump : 4227,-119,100,100,80,311,299,317,311,0,324,318,0,Discharging,NO_CHARGING,None,Good,NONE,0,Normal,0,0,9300,0x40000000,0x10000,0x0,0,0,254,v0002,0000,0000,00000000,0,0,0,0,141,4231,7919,980,0,
02-15 13:11:21.851  1165  1553 E spcomlib: [spcom_ioctl] IOCTL failed: ret[-1], error [-4]
02-15 13:11:21.851  1171  1544 E spcomlib: [spcom_ioctl] IOCTL failed: ret[-1], error [-4]
02-15 13:11:21.851  1171  1544 E spcomlib: [spcom_check_link_up_state] SPCom check for link up interrupted - ioctl ret[-4], cmd ret[0], wait[1]
02-15 13:11:21.851  1165  1553 E spcomlib: [spcom_check_link_up_state] SPCom check for link up interrupted - ioctl ret[-4], cmd ret[0], wait[1]
02-15 13:11:21.851  1191  1398 E spcomlib: [spcom_ioctl] IOCTL failed: ret[-1], error [-4]
02-15 13:11:21.851  1191  1398 E spcomlib: [spcom_check_link_up_state] SPCom check for link up interrupted - ioctl ret[-4], cmd ret[0], wait[1]
02-15 13:11:21.853  1905  1935 E spcomlib: [spcom_ioctl] IOCTL failed: ret[-1], error [-4]
02-15 13:11:21.853  1905  1935 E spcomlib: [spcom_check_link_up_state] SPCom check for link up interrupted - ioctl ret[-4], cmd ret[0], wait[1]
02-15 13:11:21.855  2381  2575 E wlc     : event loop wait error
02-15 13:11:23.009  1191  1398 E spcomlib: [spcom_ioctl] IOCTL failed: ret[-1], error [-4]
02-15 13:11:23.009  1171  1544 E spcomlib: [spcom_ioctl] IOCTL failed: ret[-1], error [-4]
02-15 13:11:23.009  1171  1544 E spcomlib: [spcom_check_link_up_state] SPCom check for link up interrupted - ioctl ret[-4], cmd ret[0], wait[1]
02-15 13:11:23.009  1165  1553 E spcomlib: [spcom_ioctl] IOCTL failed: ret[-1], error [-4]
02-15 13:11:23.009  1165  1553 E spcomlib: [spcom_check_link_up_state] SPCom check for link up interrupted - ioctl ret[-4], cmd ret[0], wait[1]
02-15 13:11:23.009  1191  1398 E spcomlib: [spcom_check_link_up_state] SPCom check for link up interrupted - ioctl ret[-4], cmd ret[0], wait[1]
02-15 13:11:23.012  1905  1935 E spcomlib: [spcom_ioctl] IOCTL failed: ret[-1], error [-4]
02-15 13:11:23.012  1905  1935 E spcomlib: [spcom_check_link_up_state] SPCom check for link up interrupted - ioctl ret[-4], cmd ret[0], wait[1]
02-15 13:11:23.013  2381  2575 E wlc     : event loop wait error
02-15 13:11:23.046  1814  1895 E BatteryDump: !@new_battery_dump : 4227,-119,100,100,80,311,299,317,311,0,324,318,0,Discharging,NO_CHARGING,None,Good,NONE,0,Normal,0,0,9300,0x40000000,0x10000,0x0,0,0,254,v0002,0000,0000,00000000,0,0,0,0,141,4231,7919,980,0,
02-15 13:11:24.554  1171  1544 E spcomlib: [spcom_ioctl] IOCTL failed: ret[-1], error [-4]
02-15 13:11:24.554  1171  1544 E spcomlib: [spcom_check_link_up_state] SPCom check for link up interrupted - ioctl ret[-4], cmd ret[0], wait[1]
02-15 13:11:24.554  1191  1398 E spcomlib: [spcom_ioctl] IOCTL failed: ret[-1], error [-4]
02-15 13:11:24.554  1191  1398 E spcomlib: [spcom_check_link_up_state] SPCom check for link up interrupted - ioctl ret[-4], cmd ret[0], wait[1]
02-15 13:11:24.554  1165  1553 E spcomlib: [spcom_ioctl] IOCTL failed: ret[-1], error [-4]
02-15 13:11:24.559  1905  1935 E spcomlib: [spcom_ioctl] IOCTL failed: ret[-1], error [-4]
02-15 13:11:24.559  1905  1935 E spcomlib: [spcom_check_link_up_state] SPCom check for link up interrupted - ioctl ret[-4], cmd ret[0], wait[1]
02-15 13:11:24.559  1165  1553 E spcomlib: [spcom_check_link_up_state] SPCom check for link up interrupted - ioctl ret[-4], cmd ret[0], wait[1]
02-15 13:11:24.560  1855  1896 E HeatmapThread: ECT Thread time in milliseconds: 1771175484
02-15 13:11:24.562  1855  1896 E HeatmapThread: !@ CAM New BSOH: 100
02-15 13:11:24.563  2381  2575 E wlc     : event loop wait error
02-15 13:11:24.595  1814  1895 E BatteryDump: !@new_battery_dump : 4227,-119,100,100,80,311,299,316,311,0,324,318,0,Discharging,NO_CHARGING,None,Good,NONE,0,Normal,0,0,9300,0x40000000,0x10000,0x0,0,0,254,v0002,0000,0000,00000000,0,0,0,0,141,4231,7919,980,0,
02-15 13:11:25.977  1171  1544 E spcomlib: [spcom_ioctl] IOCTL failed: ret[-1], error [-4]
02-15 13:11:25.977  1165  1553 E spcomlib: [spcom_ioctl] IOCTL failed: ret[-1], error [-4]
02-15 13:11:25.977  1171  1544 E spcomlib: [spcom_check_link_up_state] SPCom check for link up interrupted - ioctl ret[-4], cmd ret[0], wait[1]
02-15 13:11:25.977  1191  1398 E spcomlib: [spcom_ioctl] IOCTL failed: ret[-1], error [-4]
02-15 13:11:25.977  1191  1398 E spcomlib: [spcom_check_link_up_state] SPCom check for link up interrupted - ioctl ret[-4], cmd ret[0], wait[1]
02-15 13:11:25.977  1165  1553 E spcomlib: [spcom_check_link_up_state] SPCom check for link up interrupted - ioctl ret[-4], cmd ret[0], wait[1]
02-15 13:11:25.981  1905  1935 E spcomlib: [spcom_ioctl] IOCTL failed: ret[-1], error [-4]
02-15 13:11:25.981  1905  1935 E spcomlib: [spcom_check_link_up_state] SPCom check for link up interrupted - ioctl ret[-4], cmd ret[0], wait[1]
02-15 13:11:25.985  2381  2575 E wlc     : event loop wait error
02-15 13:11:26.017  1814  1895 E BatteryDump: !@new_battery_dump : 4227,-119,100,100,80,311,299,316,311,0,324,318,0,Discharging,NO_CHARGING,None,Good,NONE,0,Normal,0,0,9300,0x40000000,0x10000,0x0,0,0,254,v0002,0000,0000,00000000,0,0,0,0,141,4231,7919,980,0,
02-15 13:11:27.410  1165  1553 E spcomlib: [spcom_ioctl] IOCTL failed: ret[-1], error [-4]
02-15 13:11:27.410  1165  1553 E spcomlib: [spcom_check_link_up_state] SPCom check for link up interrupted - ioctl ret[-4], cmd ret[0], wait[1]
02-15 13:11:27.410  1171  1544 E spcomlib: [spcom_ioctl] IOCTL failed: ret[-1], error [-4]
02-15 13:11:27.410  1171  1544 E spcomlib: [spcom_check_link_up_state] SPCom check for link up interrupted - ioctl ret[-4], cmd ret[0], wait[1]
02-15 13:11:27.411  1191  1398 E spcomlib: [spcom_ioctl] IOCTL failed: ret[-1], error [-4]
02-15 13:11:27.411  1191  1398 E spcomlib: [spcom_check_link_up_state] SPCom check for link up interrupted - ioctl ret[-4], cmd ret[0], wait[1]
02-15 13:11:27.413  1905  1935 E spcomlib: [spcom_ioctl] IOCTL failed: ret[-1], error [-4]
02-15 13:11:27.413  1905  1935 E spcomlib: [spcom_check_link_up_state] SPCom check for link up interrupted - ioctl ret[-4], cmd ret[0], wait[1]
02-15 13:11:27.417  2381  2575 E wlc     : event loop wait error
02-15 13:11:27.448  1814  1895 E BatteryDump: !@new_battery_dump : 4227,-119,100,100,80,311,299,316,311,0,324,318,0,Discharging,NO_CHARGING,None,Good,NONE,0,Normal,0,0,9300,0x40000000,0x10000,0x0,0,0,254,v0002,0000,0000,00000000,0,0,0,0,141,4231,7919,980,0,
02-15 13:11:28.843  1165  1553 E spcomlib: [spcom_ioctl] IOCTL failed: ret[-1], error [-4]
02-15 13:11:28.843  1165  1553 E spcomlib: [spcom_check_link_up_state] SPCom check for link up interrupted - ioctl ret[-4], cmd ret[0], wait[1]
02-15 13:11:28.843  1171  1544 E spcomlib: [spcom_ioctl] IOCTL failed: ret[-1], error [-4]
02-15 13:11:28.843  1171  1544 E spcomlib: [spcom_check_link_up_state] SPCom check for link up interrupted - ioctl ret[-4], cmd ret[0], wait[1]
02-15 13:11:28.843  1191  1398 E spcomlib: [spcom_ioctl] IOCTL failed: ret[-1], error [-4]
02-15 13:11:28.843  1191  1398 E spcomlib: [spcom_check_link_up_state] SPCom check for link up interrupted - ioctl ret[-4], cmd ret[0], wait[1]
02-15 13:11:28.845  1905  1935 E spcomlib: [spcom_ioctl] IOCTL failed: ret[-1], error [-4]
02-15 13:11:28.845  1905  1935 E spcomlib: [spcom_check_link_up_state] SPCom check for link up interrupted - ioctl ret[-4], cmd ret[0], wait[1]
02-15 13:11:28.846  2381  2575 E wlc     : event loop wait error
02-15 13:11:28.870  1855  1896 E HeatmapThread: ECT Thread time in milliseconds: 1771175488
02-15 13:11:28.871  1855  1896 E HeatmapThread: !@ CAM New BSOH: 100
02-15 13:11:28.879  1814  1895 E BatteryDump: !@new_battery_dump : 4220,-119,100,100,80,311,299,316,311,0,324,318,0,Discharging,NO_CHARGING,None,Good,NONE,0,Normal,0,0,9300,0x40000000,0x10000,0x0,0,0,254,v0002,0000,0000,00000000,0,0,0,0,141,4231,7918,980,0,
02-15 13:11:28.879  1816  1816 E thermal_core: need_to_update: 15585
02-15 13:11:29.062  1165  1553 E spcomlib: [spcom_ioctl] IOCTL failed: ret[-1], error [-4]
02-15 13:11:29.063  1171  1544 E spcomlib: [spcom_ioctl] IOCTL failed: ret[-1], error [-4]
02-15 13:11:29.063  1171  1544 E spcomlib: [spcom_check_link_up_state] SPCom check for link up interrupted - ioctl ret[-4], cmd ret[0], wait[1]
02-15 13:11:29.063  1191  1398 E spcomlib: [spcom_ioctl] IOCTL failed: ret[-1], error [-4]
02-15 13:11:29.063  1191  1398 E spcomlib: [spcom_check_link_up_state] SPCom check for link up interrupted - ioctl ret[-4], cmd ret[0], wait[1]
02-15 13:11:29.067  1165  1553 E spcomlib: [spcom_check_link_up_state] SPCom check for link up interrupted - ioctl ret[-4], cmd ret[0], wait[1]
02-15 13:11:29.068  1905  1935 E spcomlib: [spcom_ioctl] IOCTL failed: ret[-1], error [-4]
02-15 13:11:29.069  1905  1935 E spcomlib: [spcom_check_link_up_state] SPCom check for link up interrupted - ioctl ret[-4], cmd ret[0], wait[1]
02-15 13:11:29.077  2381  2575 E wlc     : event loop wait error
02-15 13:11:29.105  1814  1895 E BatteryDump: !@new_battery_dump : 4220,-119,100,100,80,311,299,316,311,0,324,317,0,Discharging,NO_CHARGING,None,Good,NONE,0,Normal,0,0,9300,0x40000000,0x10000,0x0,0,0,254,v0002,0000,0000,00000000,0,0,0,0,141,4231,7918,980,0,
02-15 13:11:30.280  1165  1553 E spcomlib: [spcom_ioctl] IOCTL failed: ret[-1], error [-4]
02-15 13:11:30.280  1171  1544 E spcomlib: [spcom_ioctl] IOCTL failed: ret[-1], error [-4]
02-15 13:11:30.280  1171  1544 E spcomlib: [spcom_check_link_up_state] SPCom check for link up interrupted - ioctl ret[-4], cmd ret[0], wait[1]
02-15 13:11:30.280  1191  1398 E spcomlib: [spcom_ioctl] IOCTL failed: ret[-1], error [-4]
02-15 13:11:30.280  1191  1398 E spcomlib: [spcom_check_link_up_state] SPCom check for link up interrupted - ioctl ret[-4], cmd ret[0], wait[1]
02-15 13:11:30.281  1165  1553 E spcomlib: [spcom_check_link_up_state] SPCom check for link up interrupted - ioctl ret[-4], cmd ret[0], wait[1]
02-15 13:11:30.284  1905  1935 E spcomlib: [spcom_ioctl] IOCTL failed: ret[-1], error [-4]
02-15 13:11:30.284  1905  1935 E spcomlib: [spcom_check_link_up_state] SPCom check for link up interrupted - ioctl ret[-4], cmd ret[0], wait[1]
02-15 13:11:30.286  2381  2575 E wlc     : event loop wait error
02-15 13:11:30.325  1814  1895 E BatteryDump: !@new_battery_dump : 4226,-119,100,100,80,311,299,316,311,0,324,317,0,Discharging,NO_CHARGING,None,Good,NONE,0,Normal,0,0,9300,0x40000000,0x10000,0x0,0,0,254,v0002,0000,0000,00000000,0,0,0,0,141,4231,7918,980,0,
02-15 13:11:31.710  1165  1553 E spcomlib: [spcom_ioctl] IOCTL failed: ret[-1], error [-4]
02-15 13:11:31.710  1165  1553 E spcomlib: [spcom_check_link_up_state] SPCom check for link up interrupted - ioctl ret[-4], cmd ret[0], wait[1]
02-15 13:11:31.711  1191  1398 E spcomlib: [spcom_ioctl] IOCTL failed: ret[-1], error [-4]
02-15 13:11:31.711  1191  1398 E spcomlib: [spcom_check_link_up_state] SPCom check for link up interrupted - ioctl ret[-4], cmd ret[0], wait[1]
02-15 13:11:31.711  1171  1544 E spcomlib: [spcom_ioctl] IOCTL failed: ret[-1], error [-4]
02-15 13:11:31.711  1171  1544 E spcomlib: [spcom_check_link_up_state] SPCom check for link up interrupted - ioctl ret[-4], cmd ret[0], wait[1]
02-15 13:11:31.713  1905  1935 E spcomlib: [spcom_ioctl] IOCTL failed: ret[-1], error [-4]
02-15 13:11:31.713  1905  1935 E spcomlib: [spcom_check_link_up_state] SPCom check for link up interrupted - ioctl ret[-4], cmd ret[0], wait[1]
02-15 13:11:31.717  2381  2575 E wlc     : event loop wait error
02-15 13:11:31.742  1814  1895 E BatteryDump: !@new_battery_dump : 4227,-119,100,100,80,311,299,316,311,0,324,317,0,Discharging,NO_CHARGING,None,Good,NONE,0,Normal,0,0,9300,0x40000000,0x10000,0x0,0,0,254,v0002,0000,0000,00000000,0,0,0,0,141,4231,7918,980,0,
02-15 13:11:31.768  1855  1896 E HeatmapThread: ECT Thread time in milliseconds: 1771175491
02-15 13:11:31.770  1855  1896 E HeatmapThread: !@ CAM New BSOH: 100
02-15 13:11:33.145  1165  1553 E spcomlib: [spcom_ioctl] IOCTL failed: ret[-1], error [-4]
02-15 13:11:33.145  1165  1553 E spcomlib: [spcom_check_link_up_state] SPCom check for link up interrupted - ioctl ret[-4], cmd ret[0], wait[1]
02-15 13:11:33.145  1191  1398 E spcomlib: [spcom_ioctl] IOCTL failed: ret[-1], error [-4]
02-15 13:11:33.145  1171  1544 E spcomlib: [spcom_ioctl] IOCTL failed: ret[-1], error [-4]
02-15 13:11:33.145  1171  1544 E spcomlib: [spcom_check_link_up_state] SPCom check for link up interrupted - ioctl ret[-4], cmd ret[0], wait[1]
02-15 13:11:33.145  1191  1398 E spcomlib: [spcom_check_link_up_state] SPCom check for link up interrupted - ioctl ret[-4], cmd ret[0], wait[1]
02-15 13:11:33.147  1905  1935 E spcomlib: [spcom_ioctl] IOCTL failed: ret[-1], error [-4]
02-15 13:11:33.147  1905  1935 E spcomlib: [spcom_check_link_up_state] SPCom check for link up interrupted - ioctl ret[-4], cmd ret[0], wait[1]
02-15 13:11:33.149  2381  2575 E wlc     : event loop wait error
02-15 13:11:33.189  1814  1895 E BatteryDump: !@new_battery_dump : 4227,-119,100,100,80,311,299,316,311,0,324,317,0,Discharging,NO_CHARGING,None,Good,NONE,0,Normal,0,0,9300,0x40000000,0x10000,0x0,0,0,254,v0002,0000,0000,00000000,0,0,0,0,141,4231,7918,980,0,
02-15 13:11:34.577  1165  1553 E spcomlib: [spcom_ioctl] IOCTL failed: ret[-1], error [-4]
02-15 13:11:34.577  1165  1553 E spcomlib: [spcom_check_link_up_state] SPCom check for link up interrupted - ioctl ret[-4], cmd ret[0], wait[1]
02-15 13:11:34.578  1171  1544 E spcomlib: [spcom_ioctl] IOCTL failed: ret[-1], error [-4]
02-15 13:11:34.578  1191  1398 E spcomlib: [spcom_ioctl] IOCTL failed: ret[-1], error [-4]
02-15 13:11:34.578  1171  1544 E spcomlib: [spcom_check_link_up_state] SPCom check for link up interrupted - ioctl ret[-4], cmd ret[0], wait[1]
02-15 13:11:34.578  1191  1398 E spcomlib: [spcom_check_link_up_state] SPCom check for link up interrupted - ioctl ret[-4], cmd ret[0], wait[1]
02-15 13:11:34.580  1905  1935 E spcomlib: [spcom_ioctl] IOCTL failed: ret[-1], error [-4]
02-15 13:11:34.580  1905  1935 E spcomlib: [spcom_check_link_up_state] SPCom check for link up interrupted - ioctl ret[-4], cmd ret[0], wait[1]
02-15 13:11:34.582  2381  2575 E wlc     : event loop wait error
02-15 13:11:34.609  1814  1895 E BatteryDump: !@new_battery_dump : 4226,-119,100,100,80,311,299,316,311,0,324,317,0,Discharging,NO_CHARGING,None,Good,NONE,0,Normal,0,0,9300,0x40000000,0x10000,0x0,0,0,254,v0002,0000,0000,00000000,0,0,0,0,141,4231,7918,980,0,
02-15 13:11:36.011  1171  1544 E spcomlib: [spcom_ioctl] IOCTL failed: ret[-1], error [-4]
02-15 13:11:36.011  1171  1544 E spcomlib: [spcom_check_link_up_state] SPCom check for link up interrupted - ioctl ret[-4], cmd ret[0], wait[1]
02-15 13:11:36.012  1191  1398 E spcomlib: [spcom_ioctl] IOCTL failed: ret[-1], error [-4]
02-15 13:11:36.012  1191  1398 E spcomlib: [spcom_check_link_up_state] SPCom check for link up interrupted - ioctl ret[-4], cmd ret[0], wait[1]
02-15 13:11:36.012  1165  1553 E spcomlib: [spcom_ioctl] IOCTL failed: ret[-1], error [-4]
02-15 13:11:36.012  1165  1553 E spcomlib: [spcom_check_link_up_state] SPCom check for link up interrupted - ioctl ret[-4], cmd ret[0], wait[1]
02-15 13:11:36.015  1905  1935 E spcomlib: [spcom_ioctl] IOCTL failed: ret[-1], error [-4]
02-15 13:11:36.018  1905  1935 E spcomlib: [spcom_check_link_up_state] SPCom check for link up interrupted - ioctl ret[-4], cmd ret[0], wait[1]
02-15 13:11:36.019  2381  2575 E wlc     : event loop wait error
02-15 13:11:36.046  1814  1895 E BatteryDump: !@new_battery_dump : 4226,-119,100,100,80,311,299,316,311,0,324,317,0,Discharging,NO_CHARGING,None,Good,NONE,0,Normal,0,0,9300,0x40000000,0x10000,0x0,0,0,254,v0002,0000,0000,00000000,0,0,0,0,141,4231,7918,980,0,
02-15 13:11:36.183  1165  1553 E spcomlib: [spcom_ioctl] IOCTL failed: ret[-1], error [-4]
02-15 13:11:36.183  1171  1544 E spcomlib: [spcom_ioctl] IOCTL failed: ret[-1], error [-4]
02-15 13:11:36.183  1171  1544 E spcomlib: [spcom_check_link_up_state] SPCom check for link up interrupted - ioctl ret[-4], cmd ret[0], wait[1]
02-15 13:11:36.183  1191  1398 E spcomlib: [spcom_ioctl] IOCTL failed: ret[-1], error [-4]
02-15 13:11:36.183  1191  1398 E spcomlib: [spcom_check_link_up_state] SPCom check for link up interrupted - ioctl ret[-4], cmd ret[0], wait[1]
02-15 13:11:36.183  1165  1553 E spcomlib: [spcom_check_link_up_state] SPCom check for link up interrupted - ioctl ret[-4], cmd ret[0], wait[1]
02-15 13:11:36.185  1905  1935 E spcomlib: [spcom_ioctl] IOCTL failed: ret[-1], error [-4]
02-15 13:11:36.185  1905  1935 E spcomlib: [spcom_check_link_up_state] SPCom check for link up interrupted - ioctl ret[-4], cmd ret[0], wait[1]
02-15 13:11:36.187  2381  2575 E wlc     : event loop wait error
02-15 13:11:36.244  1855  1896 E HeatmapThread: ECT Thread time in milliseconds: 1771175496
02-15 13:11:36.247  1855  1896 E HeatmapThread: !@Entered the read from path function
02-15 13:11:36.247  1855  1896 E HeatmapThread: !@Read Extended_heatmap from efs is: 18738 0 0 0 0 0 0 0 0 0 0 0 0 0 0 0 0 0 1222 0 0 0 0 0 0 0 0 0 0 0 0 0 0 0 0 0 1417 0 0 0 0 0 0 0 0 0 0 0 0 0 0 0 0 0 1454 0 0 0 0 0 0 0 0 0 0 0 0 0 0 0 0 0 1409 0 0 0 0 0 0 0 0 0 0 0 0 0 0 0 0 0 1445 0 0 0 0 0 0 0 0 0 0 0 0 0 0 0 0 0 1431 0 0 0 0 0 0 0 0 0 0 0 0 0 0 0 0 0 1336 0 0 0 0 0 0 0 0 0 0 0 0 0 0 0 0 0 1452 0 0 0 0 0 0 0 0 0 0 0 0 0 0 0 0 0 1462 0 0 0 0 0 0 0 0 0 0 0 0 0 0 0 0 0 1286 0 0 0 0 0 0 0 0 0 0 0 0 0 0 0 0 0 5718 0 0 0 0 0 0 0 0 0 0 0 0 0 0 0 0 0 6528 0 0 0 0 0 0 0 0 0 0 0 0 0 0 0 0 0 12759 0 0 0 0 0 0 0 0 0 0 0 0 0 0 0 0 0 12666 0 0 0 0 0 0 0 0 0 0 0 0 0 0 0 0 0 12937 0 0 0 0 0 0 0 0 0 0 0 0 0 0 0 0 0 12912 0 0 0 0 0 0 0 0 0 0 0 0 0 0 0 0 0 9872 0 0 0 0 0 0 0 0 0 0 0 0 0 0 0 0 0 3784 0 0 0 0 0 0 0 0 0 0 0 0 0 0 0 0 0 3092 0 0 0 0 0 0 0 0 0 0 0 0 0 0 0 0 0 2707 0 0 0 0 0 0 0 0 0 0 0 0 0 0 0 0 0 2480 0 0 0 0 0 0 0 0 0 0 0 0 0 0 0 0 0 293 0 0 0 0 0 0 0 0 0 0 0 0 0 0 0 0 0 368 0 0 0 0 0 0 0 0 0 0 0 0 0 0 0 0 0 297 0 0 0 0 0 0 0 0 0 0 0 0 0 0 0 0 0 240 0 0 0
02-15 13:11:36.248  1855  1896 E HeatmapThread: !@Write Extended Heatmap to efs is: 18738 0 0 0 0 0 0 0 0 0 0 0 0 0 0 0 0 0 1222 0 0 0 0 0 0 0 0 0 0 0 0 0 0 0 0 0 1417 0 0 0 0 0 0 0 0 0 0 0 0 0 0 0 0 0 1454 0 0 0 0 0 0 0 0 0 0 0 0 0 0 0 0 0 1409 0 0 0 0 0 0 0 0 0 0 0 0 0 0 0 0 0 1445 0 0 0 0 0 0 0 0 0 0 0 0 0 0 0 0 0 1431 0 0 0 0 0 0 0 0 0 0 0 0 0 0 0 0 0 1336 0 0 0 0 0 0 0 0 0 0 0 0 0 0 0 0 0 1452 0 0 0 0 0 0 0 0 0 0 0 0 0 0 0 0 0 1462 0 0 0 0 0 0 0 0 0 0 0 0 0 0 0 0 0 1286 0 0 0 0 0 0 0 0 0 0 0 0 0 0 0 0 0 5718 0 0 0 0 0 0 0 0 0 0 0 0 0 0 0 0 0 6528 0 0 0 0 0 0 0 0 0 0 0 0 0 0 0 0 0 12760 0 0 0 0 0 0 0 0 0 0 0 0 0 0 0 0 0 12666 0 0 0 0 0 0 0 0 0 0 0 0 0 0 0 0 0 12937 0 0 0 0 0 0 0 0 0 0 0 0 0 0 0 0 0 12912 0 0 0 0 0 0 0 0 0 0 0 0 0 0 0 0 0 9872 0 0 0 0 0 0 0 0 0 0 0 0 0 0 0 0 0 3784 0 0 0 0 0 0 0 0 0 0 0 0 0 0 0 0 0 3092 0 0 0 0 0 0 0 0 0 0 0 0 0 0 0 0 0 2707 0 0 0 0 0 0 0 0 0 0 0 0 0 0 0 0 0 2480 0 0 0 0 0 0 0 0 0 0 0 0 0 0 0 0 0 293 0 0 0 0 0 0 0 0 0 0 0 0 0 0 0 0 0 368 0 0 0 0 0 0 0 0 0 0 0 0 0 0 0 0 0 297 0 0 0 0 0 0 0 0 0 0 0 0 0 0 0 0 0 240 0 0 0 
02-15 13:11:36.248  1855  1896 E HeatmapThread: !@ CAM New BSOH: 100
02-15 13:11:37.752  1171  1544 E spcomlib: [spcom_ioctl] IOCTL failed: ret[-1], error [-4]
02-15 13:11:37.752  1191  1398 E spcomlib: [spcom_ioctl] IOCTL failed: ret[-1], error [-4]
02-15 13:11:37.752  1191  1398 E spcomlib: [spcom_check_link_up_state] SPCom check for link up interrupted - ioctl ret[-4], cmd ret[0], wait[1]
02-15 13:11:37.752  1171  1544 E spcomlib: [spcom_check_link_up_state] SPCom check for link up interrupted - ioctl ret[-4], cmd ret[0], wait[1]
02-15 13:11:37.753  1165  1553 E spcomlib: [spcom_ioctl] IOCTL failed: ret[-1], error [-4]
02-15 13:11:37.754  1905  1935 E spcomlib: [spcom_ioctl] IOCTL failed: ret[-1], error [-4]
02-15 13:11:37.755  1905  1935 E spcomlib: [spcom_check_link_up_state] SPCom check for link up interrupted - ioctl ret[-4], cmd ret[0], wait[1]
02-15 13:11:37.753  1165  1553 E spcomlib: [spcom_check_link_up_state] SPCom check for link up interrupted - ioctl ret[-4], cmd ret[0], wait[1]
02-15 13:11:37.758  2381  2575 E wlc     : event loop wait error
02-15 13:11:37.793  1814  1895 E BatteryDump: !@new_battery_dump : 4227,-119,100,100,80,311,299,315,311,0,324,317,0,Discharging,NO_CHARGING,None,Good,NONE,0,Normal,0,0,9300,0x40000000,0x10000,0x0,0,0,254,v0002,0000,0000,00000000,0,0,0,0,141,4231,7918,980,0,
02-15 13:11:39.185  1165  1553 E spcomlib: [spcom_ioctl] IOCTL failed: ret[-1], error [-4]
02-15 13:11:39.185  1171  1544 E spcomlib: [spcom_ioctl] IOCTL failed: ret[-1], error [-4]
02-15 13:11:39.185  1171  1544 E spcomlib: [spcom_check_link_up_state] SPCom check for link up interrupted - ioctl ret[-4], cmd ret[0], wait[1]
02-15 13:11:39.185  1165  1553 E spcomlib: [spcom_check_link_up_state] SPCom check for link up interrupted - ioctl ret[-4], cmd ret[0], wait[1]
02-15 13:11:39.185  1191  1398 E spcomlib: [spcom_ioctl] IOCTL failed: ret[-1], error [-4]
02-15 13:11:39.185  1191  1398 E spcomlib: [spcom_check_link_up_state] SPCom check for link up interrupted - ioctl ret[-4], cmd ret[0], wait[1]
02-15 13:11:39.187  1905  1935 E spcomlib: [spcom_ioctl] IOCTL failed: ret[-1], error [-4]
02-15 13:11:39.187  1905  1935 E spcomlib: [spcom_check_link_up_state] SPCom check for link up interrupted - ioctl ret[-4], cmd ret[0], wait[1]
02-15 13:11:39.191  2381  2575 E wlc     : event loop wait error
02-15 13:11:39.216  1814  1895 E BatteryDump: !@new_battery_dump : 4227,-119,100,100,80,310,299,315,310,0,324,317,0,Discharging,NO_CHARGING,None,Good,NONE,0,Normal,0,0,9300,0x40000000,0x10000,0x0,0,0,254,v0002,0000,0000,00000000,0,0,0,0,141,4231,7918,980,0,
02-15 13:11:40.619  1171  1544 E spcomlib: [spcom_ioctl] IOCTL failed: ret[-1], error [-4]
02-15 13:11:40.619  1165  1553 E spcomlib: [spcom_ioctl] IOCTL failed: ret[-1], error [-4]
02-15 13:11:40.619  1165  1553 E spcomlib: [spcom_check_link_up_state] SPCom check for link up interrupted - ioctl ret[-4], cmd ret[0], wait[1]
02-15 13:11:40.619  1191  1398 E spcomlib: [spcom_ioctl] IOCTL failed: ret[-1], error [-4]
02-15 13:11:40.619  1191  1398 E spcomlib: [spcom_check_link_up_state] SPCom check for link up interrupted - ioctl ret[-4], cmd ret[0], wait[1]
02-15 13:11:40.620  1171  1544 E spcomlib: [spcom_check_link_up_state] SPCom check for link up interrupted - ioctl ret[-4], cmd ret[0], wait[1]
02-15 13:11:40.623  1905  1935 E spcomlib: [spcom_ioctl] IOCTL failed: ret[-1], error [-4]
02-15 13:11:40.624  1905  1935 E spcomlib: [spcom_check_link_up_state] SPCom check for link up interrupted - ioctl ret[-4], cmd ret[0], wait[1]
02-15 13:11:40.627  2381  2575 E wlc     : event loop wait error
02-15 13:11:40.653  1814  1895 E BatteryDump: !@new_battery_dump : 4228,-119,100,100,80,310,299,315,310,0,324,317,0,Discharging,NO_CHARGING,None,Good,NONE,0,Normal,0,0,9300,0x40000000,0x10000,0x0,0,0,254,v0002,0000,0000,00000000,0,0,0,0,141,4231,7918,980,0,
02-15 13:11:40.707  1855  1896 E HeatmapThread: ECT Thread time in milliseconds: 1771175500
02-15 13:11:40.709  1855  1896 E HeatmapThread: !@ CAM New BSOH: 100
02-15 13:11:41.485  1171  1544 E spcomlib: [spcom_ioctl] IOCTL failed: ret[-1], error [-4]
02-15 13:11:41.485  1191  1398 E spcomlib: [spcom_ioctl] IOCTL failed: ret[-1], error [-4]
02-15 13:11:41.486  1191  1398 E spcomlib: [spcom_check_link_up_state] SPCom check for link up interrupted - ioctl ret[-4], cmd ret[0], wait[1]
02-15 13:11:41.487  1165  1553 E spcomlib: [spcom_ioctl] IOCTL failed: ret[-1], error [-4]
02-15 13:11:41.487  1165  1553 E spcomlib: [spcom_check_link_up_state] SPCom check for link up interrupted - ioctl ret[-4], cmd ret[0], wait[1]
02-15 13:11:41.488  1905  1935 E spcomlib: [spcom_ioctl] IOCTL failed: ret[-1], error [-4]
02-15 13:11:41.488  1905  1935 E spcomlib: [spcom_check_link_up_state] SPCom check for link up interrupted - ioctl ret[-4], cmd ret[0], wait[1]
02-15 13:11:41.492  2381  2575 E wlc     : event loop wait error
02-15 13:11:41.493  1171  1544 E spcomlib: [spcom_check_link_up_state] SPCom check for link up interrupted - ioctl ret[-4], cmd ret[0], wait[1]
02-15 13:11:41.516  3938  3938 E ThemeUtils: View class com.airbnb.lottie.LottieAnimationView is an AppCompat widget that can only be used with a Theme.AppCompat theme (or descendant).
02-15 13:11:41.521  3938  4157 E perf_hint: Session ID too large, must fit 32-bit integer
02-15 13:11:41.523  1701  1794 E minksocket: MinkIPC ERROR: ( 1701:1794 ) MinkIPC_preProcess:272 Client down, but cannot find corresponding minksession
02-15 13:11:41.523  1701  1804 E minksocket: MinkIPC ERROR: ( 1701:1804 ) MinkIPC_preProcess:272 Client down, but cannot find corresponding minksession
02-15 13:11:41.524  2472  2862 E SmcInvoke_MinkDescriptor: mem obj with id :20 not found in list
02-15 13:11:41.524  1701  1804 E minksocket: MinkIPC ERROR: ( 1701:1804 ) MinkIPC_preProcess:272 Client down, but cannot find corresponding minksession
02-15 13:11:41.524  1701  1794 E minksocket: MinkIPC ERROR: ( 1701:1794 ) MinkIPC_preProcess:272 Client down, but cannot find corresponding minksession
02-15 13:11:41.524  1701  1794 E minksocket: MinkIPC ERROR: ( 1701:1794 ) MinkIPC_preProcess:272 Client down, but cannot find corresponding minksession
02-15 13:11:41.524  1701  1804 E minksocket: MinkIPC ERROR: ( 1701:1804 ) MinkIPC_preProcess:272 Client down, but cannot find corresponding minksession
02-15 13:11:41.525  1701  1804 E minksocket: MinkIPC ERROR: ( 1701:1804 ) MinkIPC_preProcess:272 Client down, but cannot find corresponding minksession
02-15 13:11:41.525  1701  1794 E minksocket: MinkIPC ERROR: ( 1701:1794 ) MinkIPC_preProcess:272 Client down, but cannot find corresponding minksession
02-15 13:11:41.526  1814  1895 E BatteryDump: !@new_battery_dump : 4226,-119,100,100,80,310,299,315,310,0,324,317,0,Discharging,NO_CHARGING,None,Good,NONE,0,Normal,0,0,9300,0x40000000,0x10000,0x0,0,0,254,v0002,0000,0000,00000000,0,0,0,0,141,4231,7918,980,0,
02-15 13:11:41.528  1776  1907 E PERFHAL-REQUEST: PERFHAL-REQUEST: Process() 384: Translate to physical failed
02-15 13:11:41.529  3938  3938 E NowBarCardStackView: getTopCard topCard is null view size = 0
02-15 13:11:41.530  3938  3938 E NowBarCardStackView: getTopCard topCard is null view size = 0
02-15 13:11:41.530  3938  3938 E NowBarCardStackView: getTopCard topCard is null view size = 0
02-15 13:11:41.530  2832  2832 E PocketModeEvent: ACTION_SCREEN_ON(by 1)
02-15 13:11:41.535  1738  1738 E sensors-hal: flush:384, invalid flush request, active=0, oneshot=0
02-15 13:11:41.539 15878 10512 E LoadedApk: Exception : java.lang.NullPointerException: Attempt to invoke virtual method 'boolean android.os.Looper.isPerfLogEnable()' on a null object reference
02-15 13:11:41.540  1701  1794 E minksocket: MinkIPC ERROR: ( 1701:1794 ) MinkIPC_preProcess:272 Client down, but cannot find corresponding minksession
02-15 13:11:41.540  1701  1804 E minksocket: MinkIPC ERROR: ( 1701:1804 ) MinkIPC_preProcess:272 Client down, but cannot find corresponding minksession
02-15 13:11:41.540 31046 13017 E perf_hint: Session ID too large, must fit 32-bit integer
02-15 13:11:41.541  1701  1804 E minksocket: MinkIPC ERROR: ( 1701:1804 ) MinkIPC_preProcess:272 Client down, but cannot find corresponding minksession
02-15 13:11:41.541  1701  1794 E minksocket: MinkIPC ERROR: ( 1701:1794 ) MinkIPC_preProcess:272 Client down, but cannot find corresponding minksession
02-15 13:11:41.541  1701  1804 E minksocket: MinkIPC ERROR: ( 1701:1804 ) MinkIPC_preProcess:272 Client down, but cannot find corresponding minksession
02-15 13:11:41.541  1701  1794 E minksocket: MinkIPC ERROR: ( 1701:1794 ) MinkIPC_preProcess:272 Client down, but cannot find corresponding minksession
02-15 13:11:41.542  4925  4943 E BluetoothUtils: Permission denial: Location is off.
02-15 13:11:41.542  1701  1794 E minksocket: MinkIPC ERROR: ( 1701:1794 ) MinkIPC_preProcess:272 Client down, but cannot find corresponding minksession
02-15 13:11:41.542  1701  1804 E minksocket: MinkIPC ERROR: ( 1701:1804 ) MinkIPC_preProcess:272 Client down, but cannot find corresponding minksession
02-15 13:11:41.543  4508  7390 E perf_hint: Session ID too large, must fit 32-bit integer
02-15 13:11:41.544  2832  3561 E PocketMotionManager: register activity tracker
02-15 13:11:41.547  4925  6188 E ScanManager: [GSIM LOG]: gsimLogHandler, msg: MESSAGE_SCAN_STOP, appName: android, scannerId: 1, reportDelayMillis=0
02-15 13:11:41.547  1743  7189 E sec_fr_NativeFaceService: wait callback state(1)
02-15 13:11:41.548  1743 12067 E sec_fr_FaceCameraClient: [0] state is not matched (130)(132)
02-15 13:11:41.548  2832  3561 E PocketMotionManager: request activity tracker
02-15 13:11:41.549  4925  6188 E ScanManager: [GSIM LOG]: gsimLogHandler, msg: MESSAGE_SCAN_START, appName: com.samsung.android.beaconmanager, scannerId: 2, reportDelayMillis=0
02-15 13:11:41.550  3938  3938 E NowBarCardViewModel: updateExpandedClickPanelVisibility screen on = true expanded false isTopCardSettingViewOpened = false
02-15 13:11:41.550  1701  1804 E minksocket: MinkIPC ERROR: ( 1701:1804 ) MinkIPC_preProcess:272 Client down, but cannot find corresponding minksession
02-15 13:11:41.550  1701  1794 E minksocket: MinkIPC ERROR: ( 1701:1794 ) MinkIPC_preProcess:272 Client down, but cannot find corresponding minksession
02-15 13:11:41.550  3938  3938 E NowBarCardViewModel: updateExpandedClickPanelVisibility screen on = true expanded false isTopCardSettingViewOpened = false
02-15 13:11:41.551  1701  1794 E minksocket: MinkIPC ERROR: ( 1701:1794 ) MinkIPC_preProcess:272 Client down, but cannot find corresponding minksession
02-15 13:11:41.551  1701  1804 E minksocket: MinkIPC ERROR: ( 1701:1804 ) MinkIPC_preProcess:272 Client down, but cannot find corresponding minksession
02-15 13:11:41.552  1701  1804 E minksocket: MinkIPC ERROR: ( 1701:1804 ) MinkIPC_preProcess:272 Client down, but cannot find corresponding minksession
02-15 13:11:41.552  1701  1794 E minksocket: MinkIPC ERROR: ( 1701:1794 ) MinkIPC_preProcess:272 Client down, but cannot find corresponding minksession
02-15 13:11:41.552  1701  1794 E minksocket: MinkIPC ERROR: ( 1701:1794 ) MinkIPC_preProcess:272 Client down, but cannot find corresponding minksession
02-15 13:11:41.552  1701  1804 E minksocket: MinkIPC ERROR: ( 1701:1804 ) MinkIPC_preProcess:272 Client down, but cannot find corresponding minksession
02-15 13:11:41.553  2832  3561 E PocketModeEvent: MSG_TYPE_START_SENSING
02-15 13:11:41.555  2832  7300 E AppOps  : package client.pid<1743> not found, can't check for attributionTag null
02-15 13:11:41.555  2832  7300 E AppOps  : Bad call made by uid 1047. Package "client.pid<1743>" does not belong to uid 1000.
02-15 13:11:41.555  2832  7300 E AppOps  : Cannot getAppOpMode: non-application UID 1000
02-15 13:11:41.556  2832  3312 E CameraService_worker: Recent tasks don't include camera client package name: client.pid<1743>
02-15 13:11:41.557  3938  3938 E AbsSettings: refreshInner: refreshedSettingsDBItem key enabled_complication_widgets_id_list val = 
02-15 13:11:41.559  4925  5223 E bluetooth: system/gd/hci/le_scanning_manager.cc:998 scan_filter_add: Add passive filterScan. filter_index=43, uuid=0000fd59-0000-1000-8000-00805f9b34fb
02-15 13:11:41.560  3938  3938 E AbsSettings: refreshInner: refreshedSettingsDBItem key enabled_complication_widgets_id_list val = 
02-15 13:11:41.563  1811  1844 E ChiX    : [ERROR][CORE   ] chxextensionmodule.cpp:19196 InitializeSensorSession() Skip SensorInit on CAM_FRONT_SECURE(logicalCameraId:3)
02-15 13:11:41.563  1811  1844 E CamX    : [ERROR][HAL    ] camxhal3.cpp:1990 initialize() initialize(): 0xb4000070c2b8c690, 0xb400007155a605d0
02-15 13:11:41.563  1811  1844 E CamX    : [ERROR][HAL    ] camxhal3.cpp:1999 initialize() haldevice: 0xb4000070c2b8c680
02-15 13:11:41.564  1811  1844 E CamX    : [ERROR][HAL    ] camxhaldevice.h:200 SetCallbackOps() device: 0xb4000070c2b8c680 callback: 0xb400007155a605d0
02-15 13:11:41.565  2173 11337 E Camera2-FrameProcessorBase: FrameProcessorBase: created
02-15 13:11:41.566  2173 11337 E Camera2-FrameProcessorBase: registerListener: Registering listener for frame id range 0 - 2147483647
02-15 13:11:41.567  1842 30060 E ConversionHelperAidl: Function: parseAndSetVendorParameters Line: 94 Failed 
02-15 13:11:41.569  1842 30060 E ConversionHelperAidl: Function: parseAndSetVendorParameters Line: 94 Failed 
02-15 13:11:41.572 15878 22070 E LoadedApk: Exception : java.lang.NullPointerException: Attempt to invoke virtual method 'boolean android.os.Looper.isPerfLogEnable()' on a null object reference
02-15 13:11:41.574  1811  1811 E CamX    : [ERROR][HAL    ] camxhaldevice.cpp:1533 CHIModuleInitialize() GetCameraId: 3 callback: 0xb4000070c2b8c738 cam3Device: 0xb4000070c2b8c690
02-15 13:11:41.574  1811  1811 E ChiX    : [ERROR][CORE   ] chxextensionmodule.cpp:2713 SetHALOps() SetHALOps being set for CameraID:3 pHalOps: 0xb4000070c2b8c738
02-15 13:11:41.574  1811  1811 E ChiX    : [ERROR][CORE   ] chxextensionmodule.cpp:8514 InitializeOverrideSession() logicalCam: 3 pCamera3Device: 0xb4000070c2b8c690
02-15 13:11:41.579  3938  3938 E NowBarCardViewModel: updateExpandedClickPanelVisibility screen on = true expanded false isTopCardSettingViewOpened = false
02-15 13:11:41.579 14493 14493 E VSET/CameraStateManagerImpl: isCameraFacingFront : failed to get camera characteristics Attempt to invoke virtual method 'java.lang.Object android.hardware.camera2.CameraCharacteristics.get(android.hardware.camera2.CameraCharacteristics$Key)' on a null object reference
02-15 13:11:41.579  3938  3938 E NowBarCardViewModel: updateExpandedClickPanelVisibility screen on = true expanded false isTopCardSettingViewOpened = false
02-15 13:11:41.580  3938  3938 E NowBarCardViewModel: updateExpandedClickPanelVisibility screen on = true expanded false isTopCardSettingViewOpened = false
02-15 13:11:41.583 15878 22070 E LoadedApk: Exception : java.lang.NullPointerException: Attempt to invoke virtual method 'boolean android.os.Looper.isPerfLogEnable()' on a null object reference
02-15 13:11:41.591  2832  3585 E WifiStaIfaceAidlImpl: getCachedScanData failed with service-specific exception: android.os.ServiceSpecificException:  (code 4)
02-15 13:11:41.594  2832  3585 E WifiStaIfaceAidlImpl: getCachedScanData failed with service-specific exception: android.os.ServiceSpecificException:  (code 4)
02-15 13:11:41.597  2832  3592 E WifiScanningService: Failed to unregister death recipient! com.android.server.wifi.scanner.WifiScanningServiceImpl$InternalListener@7241ad2
02-15 13:11:41.599  1811  1811 E CHIFD   : [ERROR][FD     ] camxchinodefd.cpp:1867 FillInputBufferRequirments() Node[SecurePreview_com.qti.node.fd8_cam4] ImageRequirements index 0 width 640 height 480 Y stride 640 scanline 480 UV stride 640 scanline 240
02-15 13:11:41.599  1811  1811 E CHIFD   : [ERROR][FD     ] camxchinodefd.cpp:1867 FillInputBufferRequirments() Node[SecurePreview_com.qti.node.fd8_cam4] ImageRequirements index 1 width 640 height 360 Y stride 640 scanline 480 UV stride 640 scanline 240
02-15 13:11:41.599  1811  1811 E CHIFD   : [ERROR][FD     ] camxchinodefd.cpp:1867 FillInputBufferRequirments() Node[SecurePreview_com.qti.node.fd8_cam4] ImageRequirements index 2 width 1280 height 960 Y stride 1280 scanline 960 UV stride 1280 scanline 480
02-15 13:11:41.599  1811  1811 E CHIFD   : [ERROR][FD     ] camxchinodefd.cpp:1966 FillInputBufferRequirments() Dimensions :Base[640x480], Preview [0x0], Request [640x480] bufferModeChoosed 0
02-15 13:11:41.599  1811  1811 E CHIFD   : [ERROR][FD     ] camxchinodefd.cpp:1988 FillInputBufferRequirments() PortId 0, Min[640x480], Max[640x480], Optimal[640x480]
02-15 13:11:41.599  1811  1811 E CamX    : [ERROR][CHI    ] camxchicontext.cpp:5621 SetPipelineDescriptorOptions() [FmtNego] SecurePreview: Node 65538_0 Output Port::[8] Can't convert buffer format 4
02-15 13:11:41.602  1811  3668 E CamX    : [ERROR][SENSOR ] camxsensornode.cpp:1779 SensorThreadJobCallback() Sensor[4][SecurePreview_Sensor0_cam4] currConfigStatus:1
02-15 13:11:41.602  1811  3668 E CamX    : [ERROR][SENSOR ] camxsensor.cpp:10233 AcquireDevice() Sensor[4][SecurePreview_Sensor0_cam4] hCSL:0x1c0200 hDev:0xf80101 devIdx:29 isAcquired:0 pipelineRefCount:0
02-15 13:11:41.604  1811 12101 E CamX    : [ERROR][ISP    ] camxmctfenode.cpp:5426 ConfigureInputResolution() SecurePreview_MCTFE0_cam4: IPP Input Resolution WxH = [4000 x 3000], RDI Resolution WxH = [4000 x 3000]binningFactor 1, CSIDBinning Enabled 0, bIsXCFANonRemosaicData: 0 SensorMode Index 13,isQPDMode:0
02-15 13:11:41.604  1811 12101 E CamX    : [ERROR][ISP    ] camxmctfenode.cpp:4195 PostUsecaseMetadata() SecurePreview_MCTFE0_cam4: IPP Resolution WxH = [4000 x 3000], RDI Resolution WxH = [4000 x 3000] SensorMode Index 13
02-15 13:11:41.604  1811 12109 E CamX    : [ERROR][CORE   ] camxnodecore.h:4996 IsVSREnabled() SecurePreview_OFE0_cam4 Failed to read VSR enable metaTag
02-15 13:11:41.604  1811  1811 E CamX    : [ERROR][CHI    ] camxchicontext.cpp:5621 SetPipelineDescriptorOptions() [FmtNego] SecurePreview: Node 65538_0 Output Port::[8] Can't convert buffer format 4
02-15 13:11:41.611  1811 12110 E AF_DEBUG: AfLib_BootingInit(724) : [cam_id_4] AF_Lib Version = 0x700F Chip Type = 1 (0:LSI, 1:QC) 
02-15 13:11:41.611  1811 12110 E AF_DEBUG: LinkAfCalData(187) : af_cal = ref_table_arr[0]->af_cal_data max_arr= 5
02-15 13:11:41.611  1811 12110 E AF_DEBUG: SetAfModuleInfo(529) : [cam_id_4] Module = S12XSRD00CM, ModuleInfo = PA123_FRONT, ModuleType = 31, phaseType = 1
02-15 13:11:41.611  1811 12110 E AF_DEBUG: PrintAfCalData(606) : [cam_id_4] 12bit | af cal data far: 1730, mid2: -1, mid1: -1, near: 2475, max: 4088, add_80: -1, plus_offset: 65535, minus_offset: 65535 zoom_rate(x1000) 1000
02-15 13:11:41.611  1811 12110 E AF_DEBUG: AfLib_BootingInit(745) : [cam_id_4][factory_af_booting_init]  factory_af_flag = 0
02-15 13:11:41.611  1811 12110 E AF_DEBUG: AfLib_AlgorithmInit(1046) : [cam_id_4] paf_cal_data_info = 20240527 paf_cal_errcheck 0x00000000 vpd_cal 0 vpd_cal_data_info = 0 vpaf_cal_errcheck 0x00000000 
02-15 13:11:41.611  1811 12110 E AF_DEBUG: AfInit(5685) : [cam_id_4] Version(0x700F). mode(0). lens(1730). sensor(4000 x 3000). touch(0 x 0 ). pafstatvalid(0)
02-15 13:11:41.611  1811 12110 E AF_DEBUG: UpdateAfStatus(68) : [cam_id_4] AF status 0x0 -> 0x20, called from : AfInit(5723)  
02-15 13:11:41.616  1811 12110 E CamX    : [ERROR][STATS_AEC] camxcaecstatsprocessor.cpp:7084 GetCropWindow() Wrong input: HALCropWindow left(0),top(0) width,height = 0x0
02-15 13:11:41.617  1811 12111 E SensorListener: ERR(initSensor[1078]):failed to open hrm alc sensor's name
02-15 13:11:41.618  1701  1794 E minksocket: MinkIPC ERROR: ( 1701:1794 ) MinkIPC_preProcess:272 Client down, but cannot find corresponding minksession
02-15 13:11:41.618  1701  1804 E minksocket: MinkIPC ERROR: ( 1701:1804 ) MinkIPC_preProcess:272 Client down, but cannot find corresponding minksession
02-15 13:11:41.619  1701  1804 E minksocket: MinkIPC ERROR: ( 1701:1804 ) MinkIPC_preProcess:272 Client down, but cannot find corresponding minksession
02-15 13:11:41.619  1701  1794 E minksocket: MinkIPC ERROR: ( 1701:1794 ) MinkIPC_preProcess:272 Client down, but cannot find corresponding minksession
02-15 13:11:41.619  1701  1794 E minksocket: MinkIPC ERROR: ( 1701:1794 ) MinkIPC_preProcess:272 Client down, but cannot find corresponding minksession
02-15 13:11:41.619  1701  1804 E minksocket: MinkIPC ERROR: ( 1701:1804 ) MinkIPC_preProcess:272 Client down, but cannot find corresponding minksession
02-15 13:11:41.619  1701  1794 E minksocket: MinkIPC ERROR: ( 1701:1794 ) MinkIPC_preProcess:272 Client down, but cannot find corresponding minksession
02-15 13:11:41.620  1701  1804 E minksocket: MinkIPC ERROR: ( 1701:1804 ) MinkIPC_preProcess:272 Client down, but cannot find corresponding minksession
02-15 13:11:41.620  1811 12116 E CHIFD   : [ERROR][FD     ] camxchinodefd.cpp:1453 PostPipelineCreate() Node[SecurePreview_com.qti.node.fd8_cam4] FD node created in pipeline (realtime 1) FD Use client 2, Spectra Version 0x90800Facial attribute settings: GB(0), CT(1), CTV(0), Exp(0), Gen(0), Mask(1), UpperBody(1) Pet(0)
02-15 13:11:41.620  1811 12103 E CamX    : [ERROR][FD     ] camxfdengine.cpp:209 FDEngineCreate() CN_07626430 - Create Parameters: DLFD 1, Facial Contour 0, Facial Expression 0, Facial Gender 0, ROI Manager 1, FD input Dims: (640, 480)
02-15 13:11:41.623  1738  1738 E sensors-hal: flush:384, invalid flush request, active=0, oneshot=0
02-15 13:11:41.624  1701  1794 E minksocket: MinkIPC ERROR: ( 1701:1794 ) MinkIPC_preProcess:272 Client down, but cannot find corresponding minksession
02-15 13:11:41.624  1701  1804 E minksocket: MinkIPC ERROR: ( 1701:1804 ) MinkIPC_preProcess:272 Client down, but cannot find corresponding minksession
02-15 13:11:41.624  1701  1804 E minksocket: MinkIPC ERROR: ( 1701:1804 ) MinkIPC_preProcess:272 Client down, but cannot find corresponding minksession
02-15 13:11:41.624  1701  1794 E minksocket: MinkIPC ERROR: ( 1701:1794 ) MinkIPC_preProcess:272 Client down, but cannot find corresponding minksession
02-15 13:11:41.624  1701  1794 E minksocket: MinkIPC ERROR: ( 1701:1794 ) MinkIPC_preProcess:272 Client down, but cannot find corresponding minksession
02-15 13:11:41.624  1701  1804 E minksocket: MinkIPC ERROR: ( 1701:1804 ) MinkIPC_preProcess:272 Client down, but cannot find corresponding minksession
02-15 13:11:41.624  1701  1794 E minksocket: MinkIPC ERROR: ( 1701:1794 ) MinkIPC_preProcess:272 Client down, but cannot find corresponding minksession
02-15 13:11:41.624  1701  1804 E minksocket: MinkIPC ERROR: ( 1701:1804 ) MinkIPC_preProcess:272 Client down, but cannot find corresponding minksession
02-15 13:11:41.627  1776  1907 E PERFHAL-UTIL: PERFHAL-UTIL: save_node_val() 251: Failed to read /sys/devices/system/cpu/cpu0/cpufreq/walt/target_load_shift
02-15 13:11:41.627  1776  1907 E PERFHAL-OPTSHANDLER: PERFHAL-OPTSHANDLER: modify_sysfsnode() 1154: Failed to read /sys/devices/system/cpu/cpu0/cpufreq/walt/target_load_shift
02-15 13:11:41.627  1776  1907 E PERFHAL-RESOURCEQS: PERFHAL-RESOURCEQS: AddAndApply() 159: Failed to apply optimization [5, 21]
02-15 13:11:41.627  1776  1907 E PERFHAL-UTIL: PERFHAL-UTIL: save_node_val() 251: Failed to read /sys/devices/system/cpu/cpu0/cpufreq/walt/target_load_thresh
02-15 13:11:41.627  1776  1907 E PERFHAL-OPTSHANDLER: PERFHAL-OPTSHANDLER: modify_sysfsnode() 1154: Failed to read /sys/devices/system/cpu/cpu0/cpufreq/walt/target_load_thresh
02-15 13:11:41.627  1776  1907 E PERFHAL-RESOURCEQS: PERFHAL-RESOURCEQS: AddAndApply() 159: Failed to apply optimization [5, 20]
02-15 13:11:41.637  1811 12103 E CamX    : [ERROR][FD     ] camxfdengine.cpp:263 FDEngineCreate() Create ROI manager handle success -CN_07626430, result = 0
02-15 13:11:41.637  1811 12103 E CamX    : [ERROR][FD     ] camxfdengine.cpp:209 FDEngineCreate() CN_07626430 - Create Parameters: DLFD 0, Facial Contour 1, Facial Expression 0, Facial Gender 0, ROI Manager 0, FD input Dims: (640, 480)
02-15 13:11:41.644  2472  2862 E SmcInvoke_MinkDescriptor: mem obj with id :20 not found in list
02-15 13:11:41.649  1811  3668 E CamX    : [ERROR][SENSOR ] camxsensorcache.cpp:117 SetSubDeviceHandle() Device[4][Sensor] refCount:0 hCSL:0x1c0200 hDev:0xd20101 hCSLCached:0x850200 isAcquired:0 pipelineRefCount:0
02-15 13:11:41.652  2472  2860 E SmcInvoke_MinkDescriptor: mem obj with id :20 not found in list
02-15 13:11:41.654  1811 12116 E CamX    : [ERROR][ISP    ] camxmctfenode.cpp:1815 PostPipelineCreate() SecurePreview_MCTFE0_cam4: numProcessingExposures 1  usecaseNumExposures 1
02-15 13:11:41.654  2832  3393 E SensorService: BigData:Pakage) 5 already enabled. 
02-15 13:11:41.665  1811  3668 E CamX    : [ERROR][SENSOR ] camxsensornode.cpp:1794 SensorThreadJobCallback() Sensor[4][SecurePreview_Sensor0_cam4] currConfigStatus:2
02-15 13:11:41.666  1811  3668 E CamX    : [ERROR][SENSOR ] camxsensorcache.cpp:117 SetSubDeviceHandle() Device[4][CSIPHY] refCount:1 hCSL:0x1c0200 hDev:0xd10105 hCSLCached:0x1c0200 isAcquired:0 pipelineRefCount:0
02-15 13:11:41.666  1811  3668 E CamX    : [ERROR][SENSOR ] camxactuator.cpp:148 Initialize() Actuator[4][SecurePreview_Sensor0_cam4] hCSL:0x1c0200 hDev:0xff0106 devIdx:21 isAcquired:0 pipelineRefCount:0
02-15 13:11:41.685  1811  3668 E CamX    : [ERROR][SENSOR ] camxsensorcache.cpp:117 SetSubDeviceHandle() Device[4][Actuator] refCount:2 hCSL:0x1c0200 hDev:0x6e0106 hCSLCached:0x1c0200 isAcquired:0 pipelineRefCount:0
02-15 13:11:41.685  1811  3668 E CamX    : [ERROR][SENSOR ] camxsensornode.cpp:2075 SensorThreadJobCallback() Sensor[4][SecurePreview_Sensor0_cam4] ConfigureSensor: start, Config_status:2
02-15 13:11:41.685  1811  3668 E CamX    : [ERROR][SENSOR ] camxsensornode.cpp:2114 SensorThreadJobCallback() Sensor[4][SecurePreview_Sensor0_cam4] currConfigStatus:4
02-15 13:11:41.689  1811  1811 E CamX    : [ERROR][SENSOR ] camxsensornode.cpp:656 PrepareStreamOn() Sensor[4][SecurePreview_Sensor0_cam4] currConfigStatus:5
02-15 13:11:41.698  1811  1811 E CamX    : [ERROR][IQMod  ] camxtfebds2demosaic201.cpp:277 UpdateBDS2InputData() SecurePreview_MCTFE0_cam4 bayerPattern 0
02-15 13:11:41.700  1811  3666 E CHIFD   : [ERROR][FD     ] camxchinodefd.cpp:2134 ExecuteProcessRequest() Node[SecurePreview_com.qti.node.fd8_cam4] ReqId[1] EPR-0, bindIOBuffers=0
02-15 13:11:41.709  1811  3667 E CamX    : [ERROR][IQMod  ] camxtfebds2demosaic201.cpp:277 UpdateBDS2InputData() SecurePreview_MCTFE0_cam4 bayerPattern 0
02-15 13:11:41.718  1811  3668 E CHIFD   : [ERROR][FD     ] camxchinodefd.cpp:2134 ExecuteProcessRequest() Node[SecurePreview_com.qti.node.fd8_cam4] ReqId[2] EPR-0, bindIOBuffers=0
02-15 13:11:41.718  1811  3668 E CHIFD   : [ERROR][FD     ] camxchinodefd.cpp:2134 ExecuteProcessRequest() Node[SecurePreview_com.qti.node.fd8_cam4] ReqId[4] EPR-0, bindIOBuffers=0
02-15 13:11:41.719  1811  3670 E CHIFD   : [ERROR][FD     ] camxchinodefd.cpp:2134 ExecuteProcessRequest() Node[SecurePreview_com.qti.node.fd8_cam4] ReqId[3] EPR-0, bindIOBuffers=0
02-15 13:11:41.719  1811  3669 E CHIFD   : [ERROR][FD     ] camxchinodefd.cpp:2134 ExecuteProcessRequest() Node[SecurePreview_com.qti.node.fd8_cam4] ReqId[5] EPR-0, bindIOBuffers=0
02-15 13:11:41.735  1874  4869 E NativeCustomFrequencyManager: [NativeCFMS] BpCustomFrequencyManager::acquire()
02-15 13:11:41.736  1772  2380 E SDM     : ScalarConfig::GetAIScaleSettingsInfo: AI Scaler Config for display 68 is not present
02-15 13:11:41.745  1743  1925 E ACameraDeviceVendor: onCaptureStarted: request = 0xb400007dc195da60
02-15 13:11:41.756  3938  3938 E MODManager: hideSubUIChargingInfo skip because mAODChargingInfoSubUiPresenter is null
02-15 13:11:41.756  3938  3938 E SQLiteLog: (10) POSIX Error : 11 SQLite Error : 3850
02-15 13:11:41.756  3938  3938 E SQLiteLog: (10) LOCK : Getting lock (4) failed due to (11). The current owner is (6838).
02-15 13:11:41.761  1811  3668 E CHIFD   : [ERROR][FD     ] camxchinodefd.cpp:2119 ExecuteProcessRequest() Node[SecurePreview_com.qti.node.fd8_cam4] ReqId[1] EPR-1, bindIOBuffers=0
02-15 13:11:41.761  1811  3668 E CHIFD   : [ERROR][FD     ] camxchinodefd.cpp:2301 ExecuteProcessRequest() Node[SecurePreview_com.qti.node.fd8_cam4] ReqId[1] ChiFD node publishing FD results
02-15 13:11:41.761  1811  3668 E CHIFD   : [ERROR][FD     ] camxchifdutils.cpp:1032 ConvertFDPointsBetweenReferences() previous: 0 0, current: 4000 3000
02-15 13:11:41.761  1811  3668 E CHIFD   : [ERROR][FD     ] camxchinodefd.cpp:4640 ReconvertFDResults() error in ConvertFDPointsBetweenReferences
02-15 13:11:41.761  1811  3668 E CHIFD   : [ERROR][FD     ] camxchinodefd.cpp:2388 ExecuteProcessRequest() Processing SW Detection ReqId[1] reqhandle 0 FD type: DLFD
02-15 13:11:41.761  1811  3668 E CHIFD   : [ERROR][FD     ] camxchinodefd.cpp:7995 OnProcessRequest() Node[SecurePreview_com.qti.node.fd8_cam4] ReqId[1] Request Scheduled (Pending frames 0)
02-15 13:11:41.761  1811 12106 E CHIFD   : [ERROR][FD     ] camxchinodefd.cpp:5265 ExecuteFDResultsProcessing() DL-FD Execution reqid 1
02-15 13:11:41.761  1811 12106 E CamX    : [ERROR][FD     ] camxfdengine.cpp:842 FDEngineGetFDRunFlag() FrameId=1: -CN_07626430 FDRunFlag=1, reqdFrameCyclePeriod=1
02-15 13:11:41.766  1811 12106 E CamX    : [ERROR][FD     ] camxfdengine.cpp:763 FDEngineProcessResult() valid input parameter!-CN_07626430 hFDEHandle 0xb4000071a5a9c7e0K, pPerFrameInfo 0x705b431ff0K, pMainResult 0x705b4068d8K, pOutputResult 0x705b3fa23cK, pHeadBodyResult 0x705b3ed020K, pOutputResultStabilized 0x705b3edba0K, pOutputHeadBodyResult 0x705b3eccd4K, pOutputHeadBodyResultStabilized 0x705b3ec988K, pPetResult 0x705b3eb9a8K,pOutputPetResult 0x705b3eb090K, pOutputPetResultStabilized 0x705b3eb51cK
02-15 13:11:41.766  1811 12106 E CHIFD   : [ERROR][FD     ] camxchinodefd.cpp:9009 FDDLExecution() Node[SecurePreview_com.qti.node.fd8_cam4] ReqId[1] Faces 0
02-15 13:11:41.766  1811 12106 E CHIFD   : [ERROR][FD     ] camxchinodefd.cpp:10518 ProcessRequestDone() Node[SecurePreview_com.qti.node.fd8_cam4] ReqId[1] ProcessRequestDone
02-15 13:11:41.775  1811  3671 E DATC-IF : [ERROR][ChiNode] camxchinodesecofectrl.cpp:896 OverrideOFECGData() SecurePreview_OFE0 req 1 get metadata fail NULL pointer 0x0
02-15 13:11:41.796  1811  3671 E CHIFD   : [ERROR][FD     ] camxchinodefd.cpp:2134 ExecuteProcessRequest() Node[SecurePreview_com.qti.node.fd8_cam4] ReqId[6] EPR-0, bindIOBuffers=0
02-15 13:11:41.802  1738  3871 E sensors-hal: handle_sns_client_event:71, num_items=17 exceeds SENSORS_HAL_MAX_DATA_LEN=16
02-15 13:11:41.812  1743 22830 E ACameraDeviceVendor: onCaptureStarted: request = 0xb400007dc195da60
02-15 13:11:41.828  1811  3667 E CHIFD   : [ERROR][FD     ] camxchinodefd.cpp:2119 ExecuteProcessRequest() Node[SecurePreview_com.qti.node.fd8_cam4] ReqId[2] EPR-1, bindIOBuffers=0
02-15 13:11:41.828  1811  3667 E CHIFD   : [ERROR][FD     ] camxchinodefd.cpp:2301 ExecuteProcessRequest() Node[SecurePreview_com.qti.node.fd8_cam4] ReqId[2] ChiFD node publishing FD results
02-15 13:11:41.828  1811  3667 E CHIFD   : [ERROR][FD     ] camxchinodefd.cpp:2388 ExecuteProcessRequest() Processing SW Detection ReqId[2] reqhandle 0 FD type: DLFD
02-15 13:11:41.828  1811  3667 E CHIFD   : [ERROR][FD     ] camxchinodefd.cpp:7995 OnProcessRequest() Node[SecurePreview_com.qti.node.fd8_cam4] ReqId[2] Request Scheduled (Pending frames 0)
02-15 13:11:41.828  1811 12106 E CHIFD   : [ERROR][FD     ] camxchinodefd.cpp:5265 ExecuteFDResultsProcessing() DL-FD Execution reqid 2
02-15 13:11:41.828  1811 12106 E CamX    : [ERROR][FD     ] camxfdengine.cpp:842 FDEngineGetFDRunFlag() FrameId=2: -CN_07626430 FDRunFlag=1, reqdFrameCyclePeriod=1
02-15 13:11:41.832  1811 12106 E CamX    : [ERROR][FD     ] camxfdengine.cpp:763 FDEngineProcessResult() valid input parameter!-CN_07626430 hFDEHandle 0xb4000071a5a9c7e0K, pPerFrameInfo 0x705b431ff0K, pMainResult 0x705b4068d8K, pOutputResult 0x705b3fa23cK, pHeadBodyResult 0x705b3ed020K, pOutputResultStabilized 0x705b3edba0K, pOutputHeadBodyResult 0x705b3eccd4K, pOutputHeadBodyResultStabilized 0x705b3ec988K, pPetResult 0x705b3eb9a8K,pOutputPetResult 0x705b3eb090K, pOutputPetResultStabilized 0x705b3eb51cK
02-15 13:11:41.832  1811 12106 E CHIFD   : [ERROR][FD     ] camxchinodefd.cpp:9009 FDDLExecution() Node[SecurePreview_com.qti.node.fd8_cam4] ReqId[2] Faces 1
02-15 13:11:41.832  1811 12106 E CHIFD   : [ERROR][FD     ] camxchinodefd.cpp:9882 PrintFDResults() Node[SecurePreview_com.qti.node.fd8_cam4] ReqId[2] [StabilizedResults-Sorted)] : Dimensions[640x480], numFaces=1
02-15 13:11:41.832  1811 12106 E CHIFD   : [ERROR][FD     ] camxchinodefd.cpp:8743 PostProcessFDEngineResults() Face ID 1 detected: face 1, mask  0 landmark 1head 0 torso 0
02-15 13:11:41.832  1811 12106 E CamX    : [ERROR][FD     ] camxfdengine.cpp:949 FDEngineDLFacialContourDetect() valid lib handles,CN_07626430 hDLFAHandle 0xb4000072962f6090K, PT request 1, PT created 1
02-15 13:11:41.835  1811  3667 E DATC-IF : [ERROR][ChiNode] camxchinodesecofectrl.cpp:896 OverrideOFECGData() SecurePreview_OFE0 req 2 get metadata fail NULL pointer 0x0
02-15 13:11:41.835  1811 12106 E CHIFD   : [ERROR][FD     ] camxchinodefd.cpp:10518 ProcessRequestDone() Node[SecurePreview_com.qti.node.fd8_cam4] ReqId[2] ProcessRequestDone
02-15 13:11:41.845  1743 22830 E ACameraDeviceVendor: onCaptureStarted: request = 0xb400007dc195da60
02-15 13:11:41.852  1811  3665 E CHIFD   : [ERROR][FD     ] camxchinodefd.cpp:2134 ExecuteProcessRequest() Node[SecurePreview_com.qti.node.fd8_cam4] ReqId[7] EPR-0, bindIOBuffers=0
02-15 13:11:41.861  1811  3673 E CHIFD   : [ERROR][FD     ] camxchinodefd.cpp:2119 ExecuteProcessRequest() Node[SecurePreview_com.qti.node.fd8_cam4] ReqId[3] EPR-1, bindIOBuffers=0
02-15 13:11:41.861  1811  3673 E CHIFD   : [ERROR][FD     ] camxchinodefd.cpp:2301 ExecuteProcessRequest() Node[SecurePreview_com.qti.node.fd8_cam4] ReqId[3] ChiFD node publishing FD results
02-15 13:11:41.861  1811  3673 E CHIFD   : [ERROR][FD     ] camxchinodefd.cpp:2388 ExecuteProcessRequest() Processing SW Detection ReqId[3] reqhandle 0 FD type: DLFD
02-15 13:11:41.861  1811  3673 E CHIFD   : [ERROR][FD     ] camxchinodefd.cpp:7995 OnProcessRequest() Node[SecurePreview_com.qti.node.fd8_cam4] ReqId[3] Request Scheduled (Pending frames 0)
02-15 13:11:41.861  1811 12103 E CHIFD   : [ERROR][FD     ] camxchinodefd.cpp:5265 ExecuteFDResultsProcessing() DL-FD Execution reqid 3
02-15 13:11:41.862  1811 12103 E CamX    : [ERROR][FD     ] camxfdengine.cpp:842 FDEngineGetFDRunFlag() FrameId=3: -CN_07626430 FDRunFlag=1, reqdFrameCyclePeriod=1
02-15 13:11:41.865  1811 12103 E CamX    : [ERROR][FD     ] camxfdengine.cpp:763 FDEngineProcessResult() valid input parameter!-CN_07626430 hFDEHandle 0xb4000071a5a9c7e0K, pPerFrameInfo 0x705b535ff0K, pMainResult 0x705b50a8d8K, pOutputResult 0x705b4fe23cK, pHeadBodyResult 0x705b4f1020K, pOutputResultStabilized 0x705b4f1ba0K, pOutputHeadBodyResult 0x705b4f0cd4K, pOutputHeadBodyResultStabilized 0x705b4f0988K, pPetResult 0x705b4ef9a8K,pOutputPetResult 0x705b4ef090K, pOutputPetResultStabilized 0x705b4ef51cK
02-15 13:11:41.865  1811 12103 E CHIFD   : [ERROR][FD     ] camxchinodefd.cpp:9009 FDDLExecution() Node[SecurePreview_com.qti.node.fd8_cam4] ReqId[3] Faces 1
02-15 13:11:41.865  1811 12103 E CHIFD   : [ERROR][FD     ] camxchinodefd.cpp:9882 PrintFDResults() Node[SecurePreview_com.qti.node.fd8_cam4] ReqId[3] [StabilizedResults-Sorted)] : Dimensions[640x480], numFaces=1
02-15 13:11:41.865  1811 12103 E CHIFD   : [ERROR][FD     ] camxchinodefd.cpp:8743 PostProcessFDEngineResults() Face ID 1 detected: face 1, mask  0 landmark 1head 0 torso 0
02-15 13:11:41.865  1811 12103 E CamX    : [ERROR][FD     ] camxfdengine.cpp:949 FDEngineDLFacialContourDetect() valid lib handles,CN_07626430 hDLFAHandle 0xb4000072962f6090K, PT request 1, PT created 1
02-15 13:11:41.868  1811 12103 E CHIFD   : [ERROR][FD     ] camxchinodefd.cpp:10518 ProcessRequestDone() Node[SecurePreview_com.qti.node.fd8_cam4] ReqId[3] ProcessRequestDone
02-15 13:11:41.874  1811  3669 E DATC-IF : [ERROR][ChiNode] camxchinodesecofectrl.cpp:896 OverrideOFECGData() SecurePreview_OFE0 req 3 get metadata fail NULL pointer 0x0
02-15 13:11:41.878  1743 22830 E ACameraDeviceVendor: onCaptureStarted: request = 0xb400007dc195da60
02-15 13:11:41.892  1811  3665 E CHIFD   : [ERROR][FD     ] camxchinodefd.cpp:2134 ExecuteProcessRequest() Node[SecurePreview_com.qti.node.fd8_cam4] ReqId[8] EPR-0, bindIOBuffers=0
02-15 13:11:41.894  1811  3669 E CHIFD   : [ERROR][FD     ] camxchinodefd.cpp:2119 ExecuteProcessRequest() Node[SecurePreview_com.qti.node.fd8_cam4] ReqId[4] EPR-1, bindIOBuffers=0
02-15 13:11:41.894  1811  3669 E CHIFD   : [ERROR][FD     ] camxchinodefd.cpp:2301 ExecuteProcessRequest() Node[SecurePreview_com.qti.node.fd8_cam4] ReqId[4] ChiFD node publishing FD results
02-15 13:11:41.894  1811  3669 E CHIFD   : [ERROR][FD     ] camxchinodefd.cpp:2388 ExecuteProcessRequest() Processing SW Detection ReqId[4] reqhandle 0 FD type: DLFD
02-15 13:11:41.894  1811  3669 E CHIFD   : [ERROR][FD     ] camxchinodefd.cpp:7995 OnProcessRequest() Node[SecurePreview_com.qti.node.fd8_cam4] ReqId[4] Request Scheduled (Pending frames 0)
02-15 13:11:41.895  1811 12106 E CHIFD   : [ERROR][FD     ] camxchinodefd.cpp:5265 ExecuteFDResultsProcessing() DL-FD Execution reqid 4
02-15 13:11:41.895  1811 12106 E CamX    : [ERROR][FD     ] camxfdengine.cpp:842 FDEngineGetFDRunFlag() FrameId=4: -CN_07626430 FDRunFlag=1, reqdFrameCyclePeriod=1
02-15 13:11:41.898  1811 12106 E CamX    : [ERROR][FD     ] camxfdengine.cpp:763 FDEngineProcessResult() valid input parameter!-CN_07626430 hFDEHandle 0xb4000071a5a9c7e0K, pPerFrameInfo 0x705b431ff0K, pMainResult 0x705b4068d8K, pOutputResult 0x705b3fa23cK, pHeadBodyResult 0x705b3ed020K, pOutputResultStabilized 0x705b3edba0K, pOutputHeadBodyResult 0x705b3eccd4K, pOutputHeadBodyResultStabilized 0x705b3ec988K, pPetResult 0x705b3eb9a8K,pOutputPetResult 0x705b3eb090K, pOutputPetResultStabilized 0x705b3eb51cK
02-15 13:11:41.898  1811 12106 E CHIFD   : [ERROR][FD     ] camxchinodefd.cpp:9009 FDDLExecution() Node[SecurePreview_com.qti.node.fd8_cam4] ReqId[4] Faces 1
02-15 13:11:41.898  1811 12106 E CHIFD   : [ERROR][FD     ] camxchinodefd.cpp:9882 PrintFDResults() Node[SecurePreview_com.qti.node.fd8_cam4] ReqId[4] [StabilizedResults-Sorted)] : Dimensions[640x480], numFaces=1
02-15 13:11:41.898  1811 12106 E CHIFD   : [ERROR][FD     ] camxchinodefd.cpp:8743 PostProcessFDEngineResults() Face ID 1 detected: face 1, mask  0 landmark 1head 0 torso 0
02-15 13:11:41.899  1811 12106 E CamX    : [ERROR][FD     ] camxfdengine.cpp:949 FDEngineDLFacialContourDetect() valid lib handles,CN_07626430 hDLFAHandle 0xb4000072962f6090K, PT request 1, PT created 1
02-15 13:11:41.901  1811 12106 E CHIFD   : [ERROR][FD     ] camxchinodefd.cpp:10518 ProcessRequestDone() Node[SecurePreview_com.qti.node.fd8_cam4] ReqId[4] ProcessRequestDone
02-15 13:11:41.904  1811  3671 E DATC-IF : [ERROR][ChiNode] camxchinodesecofectrl.cpp:896 OverrideOFECGData() SecurePreview_OFE0 req 4 get metadata fail NULL pointer 0x0
02-15 13:11:41.911  1743 22830 E ACameraDeviceVendor: onCaptureStarted: request = 0xb400007dc195da60
02-15 13:11:41.922  1811  3668 E CHIFD   : [ERROR][FD     ] camxchinodefd.cpp:2134 ExecuteProcessRequest() Node[SecurePreview_com.qti.node.fd8_cam4] ReqId[9] EPR-0, bindIOBuffers=0
02-15 13:11:41.928  1811  3667 E CHIFD   : [ERROR][FD     ] camxchinodefd.cpp:2119 ExecuteProcessRequest() Node[SecurePreview_com.qti.node.fd8_cam4] ReqId[5] EPR-1, bindIOBuffers=0
02-15 13:11:41.928  1811  3667 E CHIFD   : [ERROR][FD     ] camxchinodefd.cpp:2301 ExecuteProcessRequest() Node[SecurePreview_com.qti.node.fd8_cam4] ReqId[5] ChiFD node publishing FD results
02-15 13:11:41.928  1811  3667 E CHIFD   : [ERROR][FD     ] camxchinodefd.cpp:2388 ExecuteProcessRequest() Processing SW Detection ReqId[5] reqhandle 0 FD type: DLFD
02-15 13:11:41.928  1811  3667 E CHIFD   : [ERROR][FD     ] camxchinodefd.cpp:7995 OnProcessRequest() Node[SecurePreview_com.qti.node.fd8_cam4] ReqId[5] Request Scheduled (Pending frames 0)
02-15 13:11:41.928  1811 12103 E CHIFD   : [ERROR][FD     ] camxchinodefd.cpp:5265 ExecuteFDResultsProcessing() DL-FD Execution reqid 5
02-15 13:11:41.928  1811 12103 E CamX    : [ERROR][FD     ] camxfdengine.cpp:842 FDEngineGetFDRunFlag() FrameId=5: -CN_07626430 FDRunFlag=1, reqdFrameCyclePeriod=1
02-15 13:11:41.932  1811 12103 E CamX    : [ERROR][FD     ] camxfdengine.cpp:763 FDEngineProcessResult() valid input parameter!-CN_07626430 hFDEHandle 0xb4000071a5a9c7e0K, pPerFrameInfo 0x705b535ff0K, pMainResult 0x705b50a8d8K, pOutputResult 0x705b4fe23cK, pHeadBodyResult 0x705b4f1020K, pOutputResultStabilized 0x705b4f1ba0K, pOutputHeadBodyResult 0x705b4f0cd4K, pOutputHeadBodyResultStabilized 0x705b4f0988K, pPetResult 0x705b4ef9a8K,pOutputPetResult 0x705b4ef090K, pOutputPetResultStabilized 0x705b4ef51cK
02-15 13:11:41.932  1811 12103 E CHIFD   : [ERROR][FD     ] camxchinodefd.cpp:9009 FDDLExecution() Node[SecurePreview_com.qti.node.fd8_cam4] ReqId[5] Faces 1
02-15 13:11:41.932  1811 12103 E CHIFD   : [ERROR][FD     ] camxchinodefd.cpp:9882 PrintFDResults() Node[SecurePreview_com.qti.node.fd8_cam4] ReqId[5] [StabilizedResults-Sorted)] : Dimensions[640x480], numFaces=1
02-15 13:11:41.932  1811 12103 E CHIFD   : [ERROR][FD     ] camxchinodefd.cpp:8743 PostProcessFDEngineResults() Face ID 1 detected: face 1, mask  0 landmark 1head 0 torso 0
02-15 13:11:41.932  1811 12103 E CamX    : [ERROR][FD     ] camxfdengine.cpp:949 FDEngineDLFacialContourDetect() valid lib handles,CN_07626430 hDLFAHandle 0xb4000072962f6090K, PT request 1, PT created 1
02-15 13:11:41.933  1738  3871 E sensors-hal: handle_sns_client_event:71, num_items=17 exceeds SENSORS_HAL_MAX_DATA_LEN=16
02-15 13:11:41.934  1811 12103 E CHIFD   : [ERROR][FD     ] camxchinodefd.cpp:10518 ProcessRequestDone() Node[SecurePreview_com.qti.node.fd8_cam4] ReqId[5] ProcessRequestDone
02-15 13:11:41.935  1811  3669 E DATC-IF : [ERROR][ChiNode] camxchinodesecofectrl.cpp:896 OverrideOFECGData() SecurePreview_OFE0 req 5 get metadata fail NULL pointer 0x0
02-15 13:11:41.945  1743 22830 E ACameraDeviceVendor: onCaptureStarted: request = 0xb400007dc195da60
02-15 13:11:41.952  1811  3666 E CHIFD   : [ERROR][FD     ] camxchinodefd.cpp:2134 ExecuteProcessRequest() Node[SecurePreview_com.qti.node.fd8_cam4] ReqId[10] EPR-0, bindIOBuffers=0
02-15 13:11:41.961  1811  3668 E CHIFD   : [ERROR][FD     ] camxchinodefd.cpp:2119 ExecuteProcessRequest() Node[SecurePreview_com.qti.node.fd8_cam4] ReqId[6] EPR-1, bindIOBuffers=0
02-15 13:11:41.962  1811  3668 E CHIFD   : [ERROR][FD     ] camxchinodefd.cpp:2301 ExecuteProcessRequest() Node[SecurePreview_com.qti.node.fd8_cam4] ReqId[6] ChiFD node publishing FD results
02-15 13:11:41.962  1811  3668 E CHIFD   : [ERROR][FD     ] camxchinodefd.cpp:2388 ExecuteProcessRequest() Processing SW Detection ReqId[6] reqhandle 0 FD type: DLFD
02-15 13:11:41.962  1811  3668 E CHIFD   : [ERROR][FD     ] camxchinodefd.cpp:7995 OnProcessRequest() Node[SecurePreview_com.qti.node.fd8_cam4] ReqId[6] Request Scheduled (Pending frames 0)
02-15 13:11:41.962  1811 12106 E CHIFD   : [ERROR][FD     ] camxchinodefd.cpp:5265 ExecuteFDResultsProcessing() DL-FD Execution reqid 6
02-15 13:11:41.962  1811 12106 E CamX    : [ERROR][FD     ] camxfdengine.cpp:842 FDEngineGetFDRunFlag() FrameId=6: -CN_07626430 FDRunFlag=1, reqdFrameCyclePeriod=1
02-15 13:11:41.966  1811 12106 E CamX    : [ERROR][FD     ] camxfdengine.cpp:763 FDEngineProcessResult() valid input parameter!-CN_07626430 hFDEHandle 0xb4000071a5a9c7e0K, pPerFrameInfo 0x705b431ff0K, pMainResult 0x705b4068d8K, pOutputResult 0x705b3fa23cK, pHeadBodyResult 0x705b3ed020K, pOutputResultStabilized 0x705b3edba0K, pOutputHeadBodyResult 0x705b3eccd4K, pOutputHeadBodyResultStabilized 0x705b3ec988K, pPetResult 0x705b3eb9a8K,pOutputPetResult 0x705b3eb090K, pOutputPetResultStabilized 0x705b3eb51cK
02-15 13:11:41.966  1811 12106 E CHIFD   : [ERROR][FD     ] camxchinodefd.cpp:9009 FDDLExecution() Node[SecurePreview_com.qti.node.fd8_cam4] ReqId[6] Faces 1
02-15 13:11:41.966  1811 12106 E CHIFD   : [ERROR][FD     ] camxchinodefd.cpp:9882 PrintFDResults() Node[SecurePreview_com.qti.node.fd8_cam4] ReqId[6] [StabilizedResults-Sorted)] : Dimensions[640x480], numFaces=1
02-15 13:11:41.966  1811 12106 E CHIFD   : [ERROR][FD     ] camxchinodefd.cpp:8743 PostProcessFDEngineResults() Face ID 1 detected: face 1, mask  0 landmark 1head 0 torso 0
02-15 13:11:41.967  1811 12106 E CamX    : [ERROR][FD     ] camxfdengine.cpp:949 FDEngineDLFacialContourDetect() valid lib handles,CN_07626430 hDLFAHandle 0xb4000072962f6090K, PT request 1, PT created 1
02-15 13:11:41.970  1811 12106 E CHIFD   : [ERROR][FD     ] camxchinodefd.cpp:10518 ProcessRequestDone() Node[SecurePreview_com.qti.node.fd8_cam4] ReqId[6] ProcessRequestDone
02-15 13:11:41.970  2173 11207 E Camera3-OutputStream: [VSync] getBufferLockedCommon: Stream 0: wait for dequeued buffer exceeds 30000us (174402)us
02-15 13:11:41.970  1743 11839 E SmcInvoke_MinkDescriptor: mem obj with id :37 not found in list
02-15 13:11:41.974  1811  3666 E DATC-IF : [ERROR][ChiNode] camxchinodesecofectrl.cpp:896 OverrideOFECGData() SecurePreview_OFE0 req 6 get metadata fail NULL pointer 0x0
02-15 13:11:41.978  1743  1925 E ACameraDeviceVendor: onCaptureStarted: request = 0xb400007dc195da60
02-15 13:11:41.988  1743 11839 E SmcInvoke_MinkDescriptor: mem obj with id :44 not found in list
02-15 13:11:41.991  1743 11839 E SmcInvoke_MinkDescriptor: mem obj with id :44 not found in list
02-15 13:11:41.991  1743 12052 E sec_fr_FaceRecognizer: identify fails
02-15 13:11:41.993  1776  1907 E PERFHAL-UTIL: PERFHAL-UTIL: save_node_val() 251: Failed to read /sys/devices/system/cpu/cpu0/cpufreq/walt/target_load_shift
02-15 13:11:41.993  1776  1907 E PERFHAL-OPTSHANDLER: PERFHAL-OPTSHANDLER: modify_sysfsnode() 1154: Failed to read /sys/devices/system/cpu/cpu0/cpufreq/walt/target_load_shift
02-15 13:11:41.993  1776  1907 E PERFHAL-RESOURCEQS: PERFHAL-RESOURCEQS: AddAndApply() 159: Failed to apply optimization [5, 21]
02-15 13:11:41.993  1776  1907 E PERFHAL-UTIL: PERFHAL-UTIL: save_node_val() 251: Failed to read /sys/devices/system/cpu/cpu0/cpufreq/walt/target_load_thresh
02-15 13:11:41.993  1776  1907 E PERFHAL-OPTSHANDLER: PERFHAL-OPTSHANDLER: modify_sysfsnode() 1154: Failed to read /sys/devices/system/cpu/cpu0/cpufreq/walt/target_load_thresh
02-15 13:11:41.993  1776  1907 E PERFHAL-RESOURCEQS: PERFHAL-RESOURCEQS: AddAndApply() 159: Failed to apply optimization [5, 20]
02-15 13:11:41.994  1811  3665 E CHIFD   : [ERROR][FD     ] camxchinodefd.cpp:2134 ExecuteProcessRequest() Node[SecurePreview_com.qti.node.fd8_cam4] ReqId[11] EPR-0, bindIOBuffers=0
02-15 13:11:41.995  1811  3673 E CHIFD   : [ERROR][FD     ] camxchinodefd.cpp:2119 ExecuteProcessRequest() Node[SecurePreview_com.qti.node.fd8_cam4] ReqId[7] EPR-1, bindIOBuffers=0
02-15 13:11:41.995  1811  3673 E CHIFD   : [ERROR][FD     ] camxchinodefd.cpp:2301 ExecuteProcessRequest() Node[SecurePreview_com.qti.node.fd8_cam4] ReqId[7] ChiFD node publishing FD results
02-15 13:11:41.995  1811  3673 E CHIFD   : [ERROR][FD     ] camxchinodefd.cpp:2388 ExecuteProcessRequest() Processing SW Detection ReqId[7] reqhandle 0 FD type: DLFD
02-15 13:11:41.995  1811  3673 E CHIFD   : [ERROR][FD     ] camxchinodefd.cpp:7995 OnProcessRequest() Node[SecurePreview_com.qti.node.fd8_cam4] ReqId[7] Request Scheduled (Pending frames 0)
02-15 13:11:41.995  1811 12103 E CHIFD   : [ERROR][FD     ] camxchinodefd.cpp:5265 ExecuteFDResultsProcessing() DL-FD Execution reqid 7
02-15 13:11:41.995  1811 12103 E CamX    : [ERROR][FD     ] camxfdengine.cpp:842 FDEngineGetFDRunFlag() FrameId=7: -CN_07626430 FDRunFlag=1, reqdFrameCyclePeriod=1
02-15 13:11:41.999  1811 12103 E CamX    : [ERROR][FD     ] camxfdengine.cpp:763 FDEngineProcessResult() valid input parameter!-CN_07626430 hFDEHandle 0xb4000071a5a9c7e0K, pPerFrameInfo 0x705b535ff0K, pMainResult 0x705b50a8d8K, pOutputResult 0x705b4fe23cK, pHeadBodyResult 0x705b4f1020K, pOutputResultStabilized 0x705b4f1ba0K, pOutputHeadBodyResult 0x705b4f0cd4K, pOutputHeadBodyResultStabilized 0x705b4f0988K, pPetResult 0x705b4ef9a8K,pOutputPetResult 0x705b4ef090K, pOutputPetResultStabilized 0x705b4ef51cK
02-15 13:11:41.999  1811 12103 E CHIFD   : [ERROR][FD     ] camxchinodefd.cpp:9009 FDDLExecution() Node[SecurePreview_com.qti.node.fd8_cam4] ReqId[7] Faces 1
02-15 13:11:41.999  1811 12103 E CHIFD   : [ERROR][FD     ] camxchinodefd.cpp:9882 PrintFDResults() Node[SecurePreview_com.qti.node.fd8_cam4] ReqId[7] [StabilizedResults-Sorted)] : Dimensions[640x480], numFaces=1
02-15 13:11:41.999  1811 12103 E CHIFD   : [ERROR][FD     ] camxchinodefd.cpp:8743 PostProcessFDEngineResults() Face ID 1 detected: face 1, mask  0 landmark 1head 0 torso 0
02-15 13:11:41.999  1811 12106 E CamX    : [ERROR][FD     ] camxfdengine.cpp:949 FDEngineDLFacialContourDetect() valid lib handles,CN_07626430 hDLFAHandle 0xb4000072962f6090K, PT request 1, PT created 1
02-15 13:11:42.001  1811 12106 E CHIFD   : [ERROR][FD     ] camxchinodefd.cpp:10518 ProcessRequestDone() Node[SecurePreview_com.qti.node.fd8_cam4] ReqId[7] ProcessRequestDone
02-15 13:11:42.004  1811  3670 E DATC-IF : [ERROR][ChiNode] camxchinodesecofectrl.cpp:896 OverrideOFECGData() SecurePreview_OFE0 req 7 get metadata fail NULL pointer 0x0
02-15 13:11:42.011  1743 21106 E ACameraDeviceVendor: onCaptureStarted: request = 0xb400007dc195da60
02-15 13:11:42.021  1811  3668 E CHIFD   : [ERROR][FD     ] camxchinodefd.cpp:2134 ExecuteProcessRequest() Node[SecurePreview_com.qti.node.fd8_cam4] ReqId[12] EPR-0, bindIOBuffers=0
02-15 13:11:42.028  1811  3670 E CHIFD   : [ERROR][FD     ] camxchinodefd.cpp:2119 ExecuteProcessRequest() Node[SecurePreview_com.qti.node.fd8_cam4] ReqId[8] EPR-1, bindIOBuffers=0
02-15 13:11:42.028  1811  3670 E CHIFD   : [ERROR][FD     ] camxchinodefd.cpp:2301 ExecuteProcessRequest() Node[SecurePreview_com.qti.node.fd8_cam4] ReqId[8] ChiFD node publishing FD results
02-15 13:11:42.028  1811  3670 E CHIFD   : [ERROR][FD     ] camxchinodefd.cpp:2388 ExecuteProcessRequest() Processing SW Detection ReqId[8] reqhandle 0 FD type: DLFD
02-15 13:11:42.028  1811 12103 E CHIFD   : [ERROR][FD     ] camxchinodefd.cpp:5265 ExecuteFDResultsProcessing() DL-FD Execution reqid 8
02-15 13:11:42.028  1811  3670 E CHIFD   : [ERROR][FD     ] camxchinodefd.cpp:7995 OnProcessRequest() Node[SecurePreview_com.qti.node.fd8_cam4] ReqId[8] Request Scheduled (Pending frames 0)
02-15 13:11:42.028  1811 12103 E CamX    : [ERROR][FD     ] camxfdengine.cpp:842 FDEngineGetFDRunFlag() FrameId=8: -CN_07626430 FDRunFlag=1, reqdFrameCyclePeriod=1
02-15 13:11:42.032  1811 12103 E CamX    : [ERROR][FD     ] camxfdengine.cpp:763 FDEngineProcessResult() valid input parameter!-CN_07626430 hFDEHandle 0xb4000071a5a9c7e0K, pPerFrameInfo 0x705b535ff0K, pMainResult 0x705b50a8d8K, pOutputResult 0x705b4fe23cK, pHeadBodyResult 0x705b4f1020K, pOutputResultStabilized 0x705b4f1ba0K, pOutputHeadBodyResult 0x705b4f0cd4K, pOutputHeadBodyResultStabilized 0x705b4f0988K, pPetResult 0x705b4ef9a8K,pOutputPetResult 0x705b4ef090K, pOutputPetResultStabilized 0x705b4ef51cK
02-15 13:11:42.032  1811 12103 E CHIFD   : [ERROR][FD     ] camxchinodefd.cpp:9009 FDDLExecution() Node[SecurePreview_com.qti.node.fd8_cam4] ReqId[8] Faces 1
02-15 13:11:42.032  1811 12103 E CHIFD   : [ERROR][FD     ] camxchinodefd.cpp:9882 PrintFDResults() Node[SecurePreview_com.qti.node.fd8_cam4] ReqId[8] [StabilizedResults-Sorted)] : Dimensions[640x480], numFaces=1
02-15 13:11:42.032  1811 12103 E CHIFD   : [ERROR][FD     ] camxchinodefd.cpp:8743 PostProcessFDEngineResults() Face ID 1 detected: face 1, mask  0 landmark 1head 0 torso 0
02-15 13:11:42.032  1811 12103 E CamX    : [ERROR][FD     ] camxfdengine.cpp:949 FDEngineDLFacialContourDetect() valid lib handles,CN_07626430 hDLFAHandle 0xb4000072962f6090K, PT request 1, PT created 1
02-15 13:11:42.035  1811 12103 E CHIFD   : [ERROR][FD     ] camxchinodefd.cpp:10518 ProcessRequestDone() Node[SecurePreview_com.qti.node.fd8_cam4] ReqId[8] ProcessRequestDone
02-15 13:11:42.039  2832  5668 E SemWifiApSmartBleScanner: mGuidScanFilterBluetoothLeScanFilter [mDeviceName=null, mDeviceAddress=null, mUuid=null, mUuidMask=null, mServiceSolicitationUuid=null, mServiceSolicitationUuidMask=null, mServiceDataUuid=null, mServiceData=null, mServiceDataMask=null, mManufacturerId=117, mManufacturerData=[1, 18, -76, -9, 0, 67, 0, 0, 0, 0, 4, 0, 0, 0, 0, 0, 0, 0, 0, 0, 0, 0, 0, 0], mManufacturerDataMask=[0, -1, -1, -1, -1, -1, 0, 0, 0, 0, 0, 0, 0, 0, 0, 0, 0, 0, 0, 0, 0, 0, 0, 0], mAdvertisingDataType=-1, mAdvertisingData=null, mAdvertisingDataMask=null, mTransportBlockFilter=null]
02-15 13:11:42.045  1811  3668 E DATC-IF : [ERROR][ChiNode] camxchinodesecofectrl.cpp:896 OverrideOFECGData() SecurePreview_OFE0 req 8 get metadata fail NULL pointer 0x0
02-15 13:11:42.045  4925  4943 E BluetoothUtils: Permission denial: Location is off.
02-15 13:11:42.045  1743 21106 E ACameraDeviceVendor: onCaptureStarted: request = 0xb400007dc195da60
02-15 13:11:42.060  4925  6188 E ScanManager: [GSIM LOG]: gsimLogHandler, msg: MESSAGE_SCAN_START, appName: android, scannerId: 1, reportDelayMillis=0
02-15 13:11:42.061  1811  3665 E CHIFD   : [ERROR][FD     ] camxchinodefd.cpp:2119 ExecuteProcessRequest() Node[SecurePreview_com.qti.node.fd8_cam4] ReqId[9] EPR-1, bindIOBuffers=0
02-15 13:11:42.061  1811  3665 E CHIFD   : [ERROR][FD     ] camxchinodefd.cpp:2301 ExecuteProcessRequest() Node[SecurePreview_com.qti.node.fd8_cam4] ReqId[9] ChiFD node publishing FD results
02-15 13:11:42.061  1811  3665 E CHIFD   : [ERROR][FD     ] camxchinodefd.cpp:2388 ExecuteProcessRequest() Processing SW Detection ReqId[9] reqhandle 0 FD type: DLFD
02-15 13:11:42.061  1811  3665 E CHIFD   : [ERROR][FD     ] camxchinodefd.cpp:7995 OnProcessRequest() Node[SecurePreview_com.qti.node.fd8_cam4] ReqId[9] Request Scheduled (Pending frames 0)
02-15 13:11:42.061  1811 12106 E CHIFD   : [ERROR][FD     ] camxchinodefd.cpp:5265 ExecuteFDResultsProcessing() DL-FD Execution reqid 9
02-15 13:11:42.061  1811 12106 E CamX    : [ERROR][FD     ] camxfdengine.cpp:842 FDEngineGetFDRunFlag() FrameId=9: -CN_07626430 FDRunFlag=1, reqdFrameCyclePeriod=1
02-15 13:11:42.063  1811  3670 E CHIFD   : [ERROR][FD     ] camxchinodefd.cpp:2134 ExecuteProcessRequest() Node[SecurePreview_com.qti.node.fd8_cam4] ReqId[13] EPR-0, bindIOBuffers=0
02-15 13:11:42.065  1811 12106 E CamX    : [ERROR][FD     ] camxfdengine.cpp:763 FDEngineProcessResult() valid input parameter!-CN_07626430 hFDEHandle 0xb4000071a5a9c7e0K, pPerFrameInfo 0x705b431ff0K, pMainResult 0x705b4068d8K, pOutputResult 0x705b3fa23cK, pHeadBodyResult 0x705b3ed020K, pOutputResultStabilized 0x705b3edba0K, pOutputHeadBodyResult 0x705b3eccd4K, pOutputHeadBodyResultStabilized 0x705b3ec988K, pPetResult 0x705b3eb9a8K,pOutputPetResult 0x705b3eb090K, pOutputPetResultStabilized 0x705b3eb51cK
02-15 13:11:42.065  1811 12106 E CHIFD   : [ERROR][FD     ] camxchinodefd.cpp:9009 FDDLExecution() Node[SecurePreview_com.qti.node.fd8_cam4] ReqId[9] Faces 1
02-15 13:11:42.065  1811 12106 E CHIFD   : [ERROR][FD     ] camxchinodefd.cpp:9882 PrintFDResults() Node[SecurePreview_com.qti.node.fd8_cam4] ReqId[9] [StabilizedResults-Sorted)] : Dimensions[640x480], numFaces=1
02-15 13:11:42.065  1811 12106 E CHIFD   : [ERROR][FD     ] camxchinodefd.cpp:8743 PostProcessFDEngineResults() Face ID 1 detected: face 1, mask  0 landmark 1head 0 torso 0
02-15 13:11:42.065  1811 12106 E CamX    : [ERROR][FD     ] camxfdengine.cpp:949 FDEngineDLFacialContourDetect() valid lib handles,CN_07626430 hDLFAHandle 0xb4000072962f6090K, PT request 1, PT created 1
02-15 13:11:42.068  1811 12106 E CHIFD   : [ERROR][FD     ] camxchinodefd.cpp:10518 ProcessRequestDone() Node[SecurePreview_com.qti.node.fd8_cam4] ReqId[9] ProcessRequestDone
02-15 13:11:42.075  1811  3668 E DATC-IF : [ERROR][ChiNode] camxchinodesecofectrl.cpp:896 OverrideOFECGData() SecurePreview_OFE0 req 9 get metadata fail NULL pointer 0x0
02-15 13:11:42.078  1743 21106 E ACameraDeviceVendor: onCaptureStarted: request = 0xb400007dc195da60
02-15 13:11:42.093  2832  2832 E PocketModeEvent: Acc, AT is unregister by condition 2, 196
02-15 13:11:42.093  2832  3561 E PocketModeEvent: MSG_TYPE_STOP_SENSING
02-15 13:11:42.093  2832  3561 E PocketModeEvent: unregisterSensor L : -1 P : 0
02-15 13:11:42.093  1811  3673 E CHIFD   : [ERROR][FD     ] camxchinodefd.cpp:2134 ExecuteProcessRequest() Node[SecurePreview_com.qti.node.fd8_cam4] ReqId[14] EPR-0, bindIOBuffers=0
02-15 13:11:42.093  2832  2832 E PocketMotionManager: unregister activity tracker
02-15 13:11:42.094  1701  1804 E minksocket: MinkIPC ERROR: ( 1701:1804 ) MinkIPC_preProcess:272 Client down, but cannot find corresponding minksession
02-15 13:11:42.094  1701  1794 E minksocket: MinkIPC ERROR: ( 1701:1794 ) MinkIPC_preProcess:272 Client down, but cannot find corresponding minksession
02-15 13:11:42.094  1811  3665 E CHIFD   : [ERROR][FD     ] camxchinodefd.cpp:2119 ExecuteProcessRequest() Node[SecurePreview_com.qti.node.fd8_cam4] ReqId[10] EPR-1, bindIOBuffers=0
02-15 13:11:42.094  1811  3665 E CHIFD   : [ERROR][FD     ] camxchinodefd.cpp:2301 ExecuteProcessRequest() Node[SecurePreview_com.qti.node.fd8_cam4] ReqId[10] ChiFD node publishing FD results
02-15 13:11:42.094  1811  3665 E CHIFD   : [ERROR][FD     ] camxchinodefd.cpp:2388 ExecuteProcessRequest() Processing SW Detection ReqId[10] reqhandle 0 FD type: DLFD
02-15 13:11:42.094  1811  3665 E CHIFD   : [ERROR][FD     ] camxchinodefd.cpp:7995 OnProcessRequest() Node[SecurePreview_com.qti.node.fd8_cam4] ReqId[10] Request Scheduled (Pending frames 0)
02-15 13:11:42.095  1811 12103 E CHIFD   : [ERROR][FD     ] camxchinodefd.cpp:5265 ExecuteFDResultsProcessing() DL-FD Execution reqid 10
02-15 13:11:42.095  1811 12103 E CamX    : [ERROR][FD     ] camxfdengine.cpp:842 FDEngineGetFDRunFlag() FrameId=10: -CN_07626430 FDRunFlag=1, reqdFrameCyclePeriod=1
02-15 13:11:42.098  1811 12103 E CamX    : [ERROR][FD     ] camxfdengine.cpp:763 FDEngineProcessResult() valid input parameter!-CN_07626430 hFDEHandle 0xb4000071a5a9c7e0K, pPerFrameInfo 0x705b535ff0K, pMainResult 0x705b50a8d8K, pOutputResult 0x705b4fe23cK, pHeadBodyResult 0x705b4f1020K, pOutputResultStabilized 0x705b4f1ba0K, pOutputHeadBodyResult 0x705b4f0cd4K, pOutputHeadBodyResultStabilized 0x705b4f0988K, pPetResult 0x705b4ef9a8K,pOutputPetResult 0x705b4ef090K, pOutputPetResultStabilized 0x705b4ef51cK
02-15 13:11:42.098  1811 12103 E CHIFD   : [ERROR][FD     ] camxchinodefd.cpp:9009 FDDLExecution() Node[SecurePreview_com.qti.node.fd8_cam4] ReqId[10] Faces 1
02-15 13:11:42.098  1811 12103 E CHIFD   : [ERROR][FD     ] camxchinodefd.cpp:9882 PrintFDResults() Node[SecurePreview_com.qti.node.fd8_cam4] ReqId[10] [StabilizedResults-Sorted)] : Dimensions[640x480], numFaces=1
02-15 13:11:42.098  1811 12103 E CHIFD   : [ERROR][FD     ] camxchinodefd.cpp:8743 PostProcessFDEngineResults() Face ID 1 detected: face 1, mask  0 landmark 1head 0 torso 0
02-15 13:11:42.098  1811 12103 E CamX    : [ERROR][FD     ] camxfdengine.cpp:949 FDEngineDLFacialContourDetect() valid lib handles,CN_07626430 hDLFAHandle 0xb4000072962f6090K, PT request 1, PT created 1
02-15 13:11:42.101  1811 12103 E CHIFD   : [ERROR][FD     ] camxchinodefd.cpp:10518 ProcessRequestDone() Node[SecurePreview_com.qti.node.fd8_cam4] ReqId[10] ProcessRequestDone
02-15 13:11:42.105  1811  3670 E DATC-IF : [ERROR][ChiNode] camxchinodesecofectrl.cpp:896 OverrideOFECGData() SecurePreview_OFE0 req 10 get metadata fail NULL pointer 0x0
02-15 13:11:42.111  2832  7300 E KioskModeService: There's no matched data
02-15 13:11:42.111  3938  3938 E KeyguardFingerPrintSwipe: mLongPressCallback canceled. Touch position is FP-InDisplay area!
02-15 13:11:42.111  3938  3938 E KeyguardFingerPrintSwipe: mLongPressCallback canceled. Touch position is FP-InDisplay area!
02-15 13:11:42.111  1743 21106 E ACameraDeviceVendor: onCaptureStarted: request = 0xb400007dc195da60
02-15 13:11:42.122  1811  3669 E CHIFD   : [ERROR][FD     ] camxchinodefd.cpp:2134 ExecuteProcessRequest() Node[SecurePreview_com.qti.node.fd8_cam4] ReqId[15] EPR-0, bindIOBuffers=0
02-15 13:11:42.125  3938  3938 E KeyguardFingerPrintSwipe: mLongPressCallback canceled. Touch position is FP-InDisplay area!
02-15 13:11:42.128  1811  3667 E CHIFD   : [ERROR][FD     ] camxchinodefd.cpp:2119 ExecuteProcessRequest() Node[SecurePreview_com.qti.node.fd8_cam4] ReqId[11] EPR-1, bindIOBuffers=0
02-15 13:11:42.128  1811  3667 E CHIFD   : [ERROR][FD     ] camxchinodefd.cpp:2301 ExecuteProcessRequest() Node[SecurePreview_com.qti.node.fd8_cam4] ReqId[11] ChiFD node publishing FD results
02-15 13:11:42.128  1811  3667 E CHIFD   : [ERROR][FD     ] camxchinodefd.cpp:2388 ExecuteProcessRequest() Processing SW Detection ReqId[11] reqhandle 0 FD type: DLFD
02-15 13:11:42.128  1811  3667 E CHIFD   : [ERROR][FD     ] camxchinodefd.cpp:7995 OnProcessRequest() Node[SecurePreview_com.qti.node.fd8_cam4] ReqId[11] Request Scheduled (Pending frames 0)
02-15 13:11:42.128  1811 12106 E CHIFD   : [ERROR][FD     ] camxchinodefd.cpp:5265 ExecuteFDResultsProcessing() DL-FD Execution reqid 11
02-15 13:11:42.128  1811 12106 E CamX    : [ERROR][FD     ] camxfdengine.cpp:842 FDEngineGetFDRunFlag() FrameId=11: -CN_07626430 FDRunFlag=1, reqdFrameCyclePeriod=1
02-15 13:11:42.132  1811 12106 E CamX    : [ERROR][FD     ] camxfdengine.cpp:763 FDEngineProcessResult() valid input parameter!-CN_07626430 hFDEHandle 0xb4000071a5a9c7e0K, pPerFrameInfo 0x705b431ff0K, pMainResult 0x705b4068d8K, pOutputResult 0x705b3fa23cK, pHeadBodyResult 0x705b3ed020K, pOutputResultStabilized 0x705b3edba0K, pOutputHeadBodyResult 0x705b3eccd4K, pOutputHeadBodyResultStabilized 0x705b3ec988K, pPetResult 0x705b3eb9a8K,pOutputPetResult 0x705b3eb090K, pOutputPetResultStabilized 0x705b3eb51cK
02-15 13:11:42.132  1811 12106 E CHIFD   : [ERROR][FD     ] camxchinodefd.cpp:9009 FDDLExecution() Node[SecurePreview_com.qti.node.fd8_cam4] ReqId[11] Faces 1
02-15 13:11:42.132  1811 12106 E CHIFD   : [ERROR][FD     ] camxchinodefd.cpp:9882 PrintFDResults() Node[SecurePreview_com.qti.node.fd8_cam4] ReqId[11] [StabilizedResults-Sorted)] : Dimensions[640x480], numFaces=1
02-15 13:11:42.132  1811 12106 E CHIFD   : [ERROR][FD     ] camxchinodefd.cpp:8743 PostProcessFDEngineResults() Face ID 1 detected: face 1, mask  0 landmark 1head 0 torso 0
02-15 13:11:42.132  1811 12106 E CamX    : [ERROR][FD     ] camxfdengine.cpp:949 FDEngineDLFacialContourDetect() valid lib handles,CN_07626430 hDLFAHandle 0xb4000072962f6090K, PT request 1, PT created 1
02-15 13:11:42.134  3938  3938 E KeyguardFingerPrintSwipe: mLongPressCallback canceled. Touch position is FP-InDisplay area!
02-15 13:11:42.135  1811 12106 E CHIFD   : [ERROR][FD     ] camxchinodefd.cpp:10518 ProcessRequestDone() Node[SecurePreview_com.qti.node.fd8_cam4] ReqId[11] ProcessRequestDone
02-15 13:11:42.135  1811  3673 E DATC-IF : [ERROR][ChiNode] camxchinodesecofectrl.cpp:896 OverrideOFECGData() SecurePreview_OFE0 req 11 get metadata fail NULL pointer 0x0
02-15 13:11:42.142  3938  3938 E KeyguardFingerPrintSwipe: mLongPressCallback canceled. Touch position is FP-InDisplay area!
02-15 13:11:42.145  1743 21106 E ACameraDeviceVendor: onCaptureStarted: request = 0xb400007dc195da60
02-15 13:11:42.150  3938  3938 E KeyguardFingerPrintSwipe: mLongPressCallback canceled. Touch position is FP-InDisplay area!
02-15 13:11:42.159  3938  3938 E KeyguardFingerPrintSwipe: mLongPressCallback canceled. Touch position is FP-InDisplay area!
02-15 13:11:42.161  1811  3666 E CHIFD   : [ERROR][FD     ] camxchinodefd.cpp:2119 ExecuteProcessRequest() Node[SecurePreview_com.qti.node.fd8_cam4] ReqId[12] EPR-1, bindIOBuffers=0
02-15 13:11:42.161  1811  3666 E CHIFD   : [ERROR][FD     ] camxchinodefd.cpp:2301 ExecuteProcessRequest() Node[SecurePreview_com.qti.node.fd8_cam4] ReqId[12] ChiFD node publishing FD results
02-15 13:11:42.161  1811  3666 E CHIFD   : [ERROR][FD     ] camxchinodefd.cpp:2388 ExecuteProcessRequest() Processing SW Detection ReqId[12] reqhandle 0 FD type: DLFD
02-15 13:11:42.161  1811  3666 E CHIFD   : [ERROR][FD     ] camxchinodefd.cpp:7995 OnProcessRequest() Node[SecurePreview_com.qti.node.fd8_cam4] ReqId[12] Request Scheduled (Pending frames 0)
02-15 13:11:42.161  1811 12103 E CHIFD   : [ERROR][FD     ] camxchinodefd.cpp:5265 ExecuteFDResultsProcessing() DL-FD Execution reqid 12
02-15 13:11:42.162  1811 12103 E CamX    : [ERROR][FD     ] camxfdengine.cpp:842 FDEngineGetFDRunFlag() FrameId=12: -CN_07626430 FDRunFlag=1, reqdFrameCyclePeriod=1
02-15 13:11:42.164  1743 11839 E SmcInvoke_MinkDescriptor: mem obj with id :36 not found in list
02-15 13:11:42.165  2472  2860 E SmcInvoke_MinkDescriptor: mem obj with id :20 not found in list
02-15 13:11:42.166  1811 12103 E CamX    : [ERROR][FD     ] camxfdengine.cpp:763 FDEngineProcessResult() valid input parameter!-CN_07626430 hFDEHandle 0xb4000071a5a9c7e0K, pPerFrameInfo 0x705b535ff0K, pMainResult 0x705b50a8d8K, pOutputResult 0x705b4fe23cK, pHeadBodyResult 0x705b4f1020K, pOutputResultStabilized 0x705b4f1ba0K, pOutputHeadBodyResult 0x705b4f0cd4K, pOutputHeadBodyResultStabilized 0x705b4f0988K, pPetResult 0x705b4ef9a8K,pOutputPetResult 0x705b4ef090K, pOutputPetResultStabilized 0x705b4ef51cK
02-15 13:11:42.166  1811 12103 E CHIFD   : [ERROR][FD     ] camxchinodefd.cpp:9009 FDDLExecution() Node[SecurePreview_com.qti.node.fd8_cam4] ReqId[12] Faces 1
02-15 13:11:42.166  1811 12103 E CHIFD   : [ERROR][FD     ] camxchinodefd.cpp:9882 PrintFDResults() Node[SecurePreview_com.qti.node.fd8_cam4] ReqId[12] [StabilizedResults-Sorted)] : Dimensions[640x480], numFaces=1
02-15 13:11:42.166  1811 12103 E CHIFD   : [ERROR][FD     ] camxchinodefd.cpp:8743 PostProcessFDEngineResults() Face ID 1 detected: face 1, mask  0 landmark 1head 0 torso 0
02-15 13:11:42.166  1811 12103 E CamX    : [ERROR][FD     ] camxfdengine.cpp:949 FDEngineDLFacialContourDetect() valid lib handles,CN_07626430 hDLFAHandle 0xb4000072962f6090K, PT request 1, PT created 1
02-15 13:11:42.166  3938  3938 E KeyguardFingerPrintSwipe: mLongPressCallback canceled. Touch position is FP-InDisplay area!
02-15 13:11:42.167  1776  1907 E PERFHAL-REQUEST: PERFHAL-REQUEST: Process() 384: Translate to physical failed
02-15 13:11:42.169  1811 12103 E CHIFD   : [ERROR][FD     ] camxchinodefd.cpp:10518 ProcessRequestDone() Node[SecurePreview_com.qti.node.fd8_cam4] ReqId[12] ProcessRequestDone
02-15 13:11:42.175  3938  3938 E KeyguardFingerPrintSwipe: mLongPressCallback canceled. Touch position is FP-InDisplay area!
02-15 13:11:42.177  1811  3665 E DATC-IF : [ERROR][ChiNode] camxchinodesecofectrl.cpp:896 OverrideOFECGData() SecurePreview_OFE0 req 12 get metadata fail NULL pointer 0x0
02-15 13:11:42.178  1743 21106 E ACameraDeviceVendor: onCaptureStarted: request = 0xb400007dc195da60
02-15 13:11:42.183  3938  3938 E KeyguardFingerPrintSwipe: mLongPressCallback canceled. Touch position is FP-InDisplay area!
02-15 13:11:42.192  3938  3938 E KeyguardFingerPrintSwipe: mLongPressCallback canceled. Touch position is FP-InDisplay area!
02-15 13:11:42.195  1811  3673 E CHIFD   : [ERROR][FD     ] camxchinodefd.cpp:2119 ExecuteProcessRequest() Node[SecurePreview_com.qti.node.fd8_cam4] ReqId[13] EPR-1, bindIOBuffers=0
02-15 13:11:42.195  1811  3673 E CHIFD   : [ERROR][FD     ] camxchinodefd.cpp:2301 ExecuteProcessRequest() Node[SecurePreview_com.qti.node.fd8_cam4] ReqId[13] ChiFD node publishing FD results
02-15 13:11:42.195  1811  3673 E CHIFD   : [ERROR][FD     ] camxchinodefd.cpp:2388 ExecuteProcessRequest() Processing SW Detection ReqId[13] reqhandle 0 FD type: DLFD
02-15 13:11:42.195  1811  3673 E CHIFD   : [ERROR][FD     ] camxchinodefd.cpp:7995 OnProcessRequest() Node[SecurePreview_com.qti.node.fd8_cam4] ReqId[13] Request Scheduled (Pending frames 0)
02-15 13:11:42.195  1811 12106 E CHIFD   : [ERROR][FD     ] camxchinodefd.cpp:5265 ExecuteFDResultsProcessing() DL-FD Execution reqid 13
02-15 13:11:42.195  1811 12106 E CamX    : [ERROR][FD     ] camxfdengine.cpp:842 FDEngineGetFDRunFlag() FrameId=13: -CN_07626430 FDRunFlag=1, reqdFrameCyclePeriod=1
02-15 13:11:42.200  1811 12106 E CamX    : [ERROR][FD     ] camxfdengine.cpp:763 FDEngineProcessResult() valid input parameter!-CN_07626430 hFDEHandle 0xb4000071a5a9c7e0K, pPerFrameInfo 0x705b431ff0K, pMainResult 0x705b4068d8K, pOutputResult 0x705b3fa23cK, pHeadBodyResult 0x705b3ed020K, pOutputResultStabilized 0x705b3edba0K, pOutputHeadBodyResult 0x705b3eccd4K, pOutputHeadBodyResultStabilized 0x705b3ec988K, pPetResult 0x705b3eb9a8K,pOutputPetResult 0x705b3eb090K, pOutputPetResultStabilized 0x705b3eb51cK
02-15 13:11:42.200  1811 12106 E CHIFD   : [ERROR][FD     ] camxchinodefd.cpp:9009 FDDLExecution() Node[SecurePreview_com.qti.node.fd8_cam4] ReqId[13] Faces 1
02-15 13:11:42.200  1811 12106 E CHIFD   : [ERROR][FD     ] camxchinodefd.cpp:9882 PrintFDResults() Node[SecurePreview_com.qti.node.fd8_cam4] ReqId[13] [StabilizedResults-Sorted)] : Dimensions[640x480], numFaces=1
02-15 13:11:42.200  1811 12106 E CHIFD   : [ERROR][FD     ] camxchinodefd.cpp:8743 PostProcessFDEngineResults() Face ID 1 detected: face 1, mask  0 landmark 1head 0 torso 0
02-15 13:11:42.200  1811 12106 E CamX    : [ERROR][FD     ] camxfdengine.cpp:949 FDEngineDLFacialContourDetect() valid lib handles,CN_07626430 hDLFAHandle 0xb4000072962f6090K, PT request 1, PT created 1
02-15 13:11:42.202  1743 12053 E sec_fr_FaceWorkerManager: mState(6), mode(0x2)
02-15 13:11:42.202  1743 12053 E sec_fr_FaceWorkerManager: needKeepBuffer: mState is not init
02-15 13:11:42.204  1811 12106 E CHIFD   : [ERROR][FD     ] camxchinodefd.cpp:10518 ProcessRequestDone() Node[SecurePreview_com.qti.node.fd8_cam4] ReqId[13] ProcessRequestDone
02-15 13:11:42.206  1811  3671 E DATC-IF : [ERROR][ChiNode] camxchinodesecofectrl.cpp:896 OverrideOFECGData() SecurePreview_OFE0 req 13 get metadata fail NULL pointer 0x0
02-15 13:11:42.211  1743 21106 E ACameraDeviceVendor: onCaptureStarted: request = 0xb400007dc195da60
02-15 13:11:42.227  1855  1896 E HeatmapThread: ECT Thread time in milliseconds: 1771175502
02-15 13:11:42.228  1811  3673 E CHIFD   : [ERROR][FD     ] camxchinodefd.cpp:2119 ExecuteProcessRequest() Node[SecurePreview_com.qti.node.fd8_cam4] ReqId[14] EPR-1, bindIOBuffers=0
02-15 13:11:42.228  1811  3673 E CHIFD   : [ERROR][FD     ] camxchinodefd.cpp:2301 ExecuteProcessRequest() Node[SecurePreview_com.qti.node.fd8_cam4] ReqId[14] ChiFD node publishing FD results
02-15 13:11:42.228  1811  3673 E CHIFD   : [ERROR][FD     ] camxchinodefd.cpp:2388 ExecuteProcessRequest() Processing SW Detection ReqId[14] reqhandle 0 FD type: DLFD
02-15 13:11:42.228  1811  3673 E CHIFD   : [ERROR][FD     ] camxchinodefd.cpp:7995 OnProcessRequest() Node[SecurePreview_com.qti.node.fd8_cam4] ReqId[14] Request Scheduled (Pending frames 0)
02-15 13:11:42.228  1811 12103 E CHIFD   : [ERROR][FD     ] camxchinodefd.cpp:5265 ExecuteFDResultsProcessing() DL-FD Execution reqid 14
02-15 13:11:42.228  1811 12103 E CamX    : [ERROR][FD     ] camxfdengine.cpp:842 FDEngineGetFDRunFlag() FrameId=14: -CN_07626430 FDRunFlag=1, reqdFrameCyclePeriod=1
02-15 13:11:42.229  1855  1896 E HeatmapThread: !@ CAM New BSOH: 100
02-15 13:11:42.229  1743 12053 E sec_fr_FaceWorkerManager: mState(6), mode(0x2)
02-15 13:11:42.229  1743 12053 E sec_fr_FaceWorkerManager: needKeepBuffer: mState is not init
02-15 13:11:42.232  1811 12103 E CamX    : [ERROR][FD     ] camxfdengine.cpp:763 FDEngineProcessResult() valid input parameter!-CN_07626430 hFDEHandle 0xb4000071a5a9c7e0K, pPerFrameInfo 0x705b535ff0K, pMainResult 0x705b50a8d8K, pOutputResult 0x705b4fe23cK, pHeadBodyResult 0x705b4f1020K, pOutputResultStabilized 0x705b4f1ba0K, pOutputHeadBodyResult 0x705b4f0cd4K, pOutputHeadBodyResultStabilized 0x705b4f0988K, pPetResult 0x705b4ef9a8K,pOutputPetResult 0x705b4ef090K, pOutputPetResultStabilized 0x705b4ef51cK
02-15 13:11:42.232  1811 12103 E CHIFD   : [ERROR][FD     ] camxchinodefd.cpp:9009 FDDLExecution() Node[SecurePreview_com.qti.node.fd8_cam4] ReqId[14] Faces 1
02-15 13:11:42.232  1811 12103 E CHIFD   : [ERROR][FD     ] camxchinodefd.cpp:9882 PrintFDResults() Node[SecurePreview_com.qti.node.fd8_cam4] ReqId[14] [StabilizedResults-Sorted)] : Dimensions[640x480], numFaces=1
02-15 13:11:42.232  1811 12103 E CHIFD   : [ERROR][FD     ] camxchinodefd.cpp:8743 PostProcessFDEngineResults() Face ID 1 detected: face 1, mask  0 landmark 1head 0 torso 0
02-15 13:11:42.232  1811 12103 E CamX    : [ERROR][FD     ] camxfdengine.cpp:949 FDEngineDLFacialContourDetect() valid lib handles,CN_07626430 hDLFAHandle 0xb4000072962f6090K, PT request 1, PT created 1
02-15 13:11:42.235  1811 12103 E CHIFD   : [ERROR][FD     ] camxchinodefd.cpp:10518 ProcessRequestDone() Node[SecurePreview_com.qti.node.fd8_cam4] ReqId[14] ProcessRequestDone
02-15 13:11:42.237  1811  3667 E DATC-IF : [ERROR][ChiNode] camxchinodesecofectrl.cpp:896 OverrideOFECGData() SecurePreview_OFE0 req 14 get metadata fail NULL pointer 0x0
02-15 13:11:42.245  1743 21106 E ACameraDeviceVendor: onCaptureStarted: request = 0xb400007dc195da60
02-15 13:11:42.260  1743 12053 E sec_fr_FaceWorkerManager: mState(6), mode(0x2)
02-15 13:11:42.260  1743 12053 E sec_fr_FaceWorkerManager: needKeepBuffer: mState is not init
02-15 13:11:42.261  1811  3667 E CHIFD   : [ERROR][FD     ] camxchinodefd.cpp:2119 ExecuteProcessRequest() Node[SecurePreview_com.qti.node.fd8_cam4] ReqId[15] EPR-1, bindIOBuffers=0
02-15 13:11:42.261  1811  3667 E CHIFD   : [ERROR][FD     ] camxchinodefd.cpp:2301 ExecuteProcessRequest() Node[SecurePreview_com.qti.node.fd8_cam4] ReqId[15] ChiFD node publishing FD results
02-15 13:11:42.262  1811  3667 E CHIFD   : [ERROR][FD     ] camxchinodefd.cpp:2388 ExecuteProcessRequest() Processing SW Detection ReqId[15] reqhandle 0 FD type: DLFD
02-15 13:11:42.262  1811  3667 E CHIFD   : [ERROR][FD     ] camxchinodefd.cpp:7995 OnProcessRequest() Node[SecurePreview_com.qti.node.fd8_cam4] ReqId[15] Request Scheduled (Pending frames 0)
02-15 13:11:42.262  1811 12106 E CHIFD   : [ERROR][FD     ] camxchinodefd.cpp:5265 ExecuteFDResultsProcessing() DL-FD Execution reqid 15
02-15 13:11:42.262  1811 12106 E CamX    : [ERROR][FD     ] camxfdengine.cpp:842 FDEngineGetFDRunFlag() FrameId=15: -CN_07626430 FDRunFlag=1, reqdFrameCyclePeriod=1
02-15 13:11:42.266  1811 12106 E CamX    : [ERROR][FD     ] camxfdengine.cpp:763 FDEngineProcessResult() valid input parameter!-CN_07626430 hFDEHandle 0xb4000071a5a9c7e0K, pPerFrameInfo 0x705b431ff0K, pMainResult 0x705b4068d8K, pOutputResult 0x705b3fa23cK, pHeadBodyResult 0x705b3ed020K, pOutputResultStabilized 0x705b3edba0K, pOutputHeadBodyResult 0x705b3eccd4K, pOutputHeadBodyResultStabilized 0x705b3ec988K, pPetResult 0x705b3eb9a8K,pOutputPetResult 0x705b3eb090K, pOutputPetResultStabilized 0x705b3eb51cK
02-15 13:11:42.266  1811 12106 E CHIFD   : [ERROR][FD     ] camxchinodefd.cpp:9009 FDDLExecution() Node[SecurePreview_com.qti.node.fd8_cam4] ReqId[15] Faces 1
02-15 13:11:42.266  1811 12106 E CHIFD   : [ERROR][FD     ] camxchinodefd.cpp:9882 PrintFDResults() Node[SecurePreview_com.qti.node.fd8_cam4] ReqId[15] [StabilizedResults-Sorted)] : Dimensions[640x480], numFaces=1
02-15 13:11:42.266  1811 12106 E CHIFD   : [ERROR][FD     ] camxchinodefd.cpp:8743 PostProcessFDEngineResults() Face ID 1 detected: face 1, mask  0 landmark 1head 0 torso 0
02-15 13:11:42.266  1811 12106 E CamX    : [ERROR][FD     ] camxfdengine.cpp:949 FDEngineDLFacialContourDetect() valid lib handles,CN_07626430 hDLFAHandle 0xb4000072962f6090K, PT request 1, PT created 1
02-15 13:11:42.267  1776  1907 E PERFHAL-REQUEST: PERFHAL-REQUEST: Process() 384: Translate to physical failed
02-15 13:11:42.267  3938  3938 E ThemeUtils: View class com.airbnb.lottie.LottieAnimationView is an AppCompat widget that can only be used with a Theme.AppCompat theme (or descendant).
02-15 13:11:42.268  1776  1907 E PERFHAL-REQUEST: PERFHAL-REQUEST: Process() 384: Translate to physical failed
02-15 13:11:42.268  1811 12106 E CHIFD   : [ERROR][FD     ] camxchinodefd.cpp:10518 ProcessRequestDone() Node[SecurePreview_com.qti.node.fd8_cam4] ReqId[15] ProcessRequestDone
02-15 13:11:42.270  3938  4156 E perf_hint: Session ID too large, must fit 32-bit integer
02-15 13:11:42.270  3938  3938 E SystemUIImageView: white-bg res invalid = 0
02-15 13:11:42.270  3938  3938 E NowBarCardViewModel: updateExpandedClickPanelVisibility screen on = true expanded false isTopCardSettingViewOpened = false
02-15 13:11:42.278  1811  3665 E DATC-IF : [ERROR][ChiNode] camxchinodesecofectrl.cpp:896 OverrideOFECGData() SecurePreview_OFE0 req 15 get metadata fail NULL pointer 0x0
02-15 13:11:42.278  1743 21106 E ACameraDeviceVendor: onCaptureStarted: request = 0xb400007dc195da60
02-15 13:11:42.299  1874  1874 E SurfaceFlinger: alpha changed 1.000 -> 0.000 - Surface(name=5951399 NavigationBar0)/@0xe48810f - animation-leash of insets_animation#32537
02-15 13:11:42.300  1743 12053 E sec_fr_FaceWorkerManager: mState(6), mode(0x2)
02-15 13:11:42.300  1743 12053 E sec_fr_FaceWorkerManager: needKeepBuffer: mState is not init
02-15 13:11:42.307  1874  1874 E SurfaceFlinger: alpha changed 0.000 -> 1.000 - Surface(name=5951399 NavigationBar0)/@0xe48810f - animation-leash of insets_animation#32537
02-15 13:11:42.310  1811  3667 E DATC-IF : [ERROR][ChiNode] camxchinodesecofectrl.cpp:896 OverrideOFECGData() SecurePreview_OFE0 req 16 get metadata fail NULL pointer 0x0
02-15 13:11:42.311  2832  7300 E WindowManager: win=Window{c0196c6 u0 com.sec.android.app.launcher/com.samsung.app.honeyspace.edge.edgepanel.app.CocktailBarService} destroySurfaces: appStopped=true cleanupOnResume=false win.mWindowRemovalAllowed=false win.mRemoveOnExit=false win.mViewVisibility=8 caller=com.android.server.wm.WindowManagerService.tryStartExitingAnimation:134 com.android.server.wm.WindowManagerService.relayoutWindow:1138 com.android.server.wm.Session.relayout:27 android.view.IWindowSession$Stub.onTransact:829 com.android.server.wm.Session.onTransact:1 android.os.Binder.execTransactInternal:1457 android.os.Binder.execTransact:1401 
02-15 13:11:42.312  1743 21106 E ACameraDeviceVendor: onCaptureStarted: request = 0xb400007dc195da60
02-15 13:11:42.334  1743 12053 E sec_fr_FaceWorkerManager: mState(6), mode(0x2)
02-15 13:11:42.334  1743 12053 E sec_fr_FaceWorkerManager: needKeepBuffer: mState is not init
02-15 13:11:42.340  1811  3666 E DATC-IF : [ERROR][ChiNode] camxchinodesecofectrl.cpp:896 OverrideOFECGData() SecurePreview_OFE0 req 17 get metadata fail NULL pointer 0x0
02-15 13:11:42.345  1743 21106 E ACameraDeviceVendor: onCaptureStarted: request = 0xb400007dc195da60
02-15 13:11:42.346  1743 11839 E SmcInvoke_MinkDescriptor: mem obj with id :36 not found in list
02-15 13:11:42.346  1743 12052 E sec_fr_FaceRecognizer: not ready state(7)
02-15 13:11:42.347  2472  2860 E SmcInvoke_MinkDescriptor: mem obj with id :20 not found in list
02-15 13:11:42.352  2472  2634 E bauth_TLC_Communicator: return value from qsapp is wrong : 39
02-15 13:11:42.352  2472  2862 E SmcInvoke_MinkDescriptor: mem obj with id :20 not found in list
02-15 13:11:42.354  1819  1819 E SecVibrator-HAL-AIDL-EXT: V_5_0: performPrebakedHapticPattern 114 : 4000 : 0
02-15 13:11:42.354  1819  1819 E SecVibrator-HAL-AIDL-CORE: HW_API: [setForceFeedbackAmplitude]amplitude: 4000
02-15 13:11:42.360  2472  2860 E SmcInvoke_MinkDescriptor: mem obj with id :20 not found in list
02-15 13:11:42.370  1819  1819 E SecVibrator-HAL-AIDL-CORE: HW_API: [uploadForceFeedbackeffect]ioctl success ,uploaded effect with ID: 0
02-15 13:11:42.370  1819  1819 E SecVibrator-HAL-AIDL-CORE: HW_API: do_on for timeoutMs: 1000
02-15 13:11:42.370  1819  1819 E SecVibrator-HAL-AIDL-CORE: HW_API: [triggerForceFeedbackVibration]on: 1
02-15 13:11:42.371  1811  3666 E DATC-IF : [ERROR][ChiNode] camxchinodesecofectrl.cpp:896 OverrideOFECGData() SecurePreview_OFE0 req 18 get metadata fail NULL pointer 0x0
02-15 13:11:42.378  1743 21106 E ACameraDeviceVendor: onCaptureStarted: request = 0xb400007dc195da60
02-15 13:11:42.402  1811  3668 E DATC-IF : [ERROR][ChiNode] camxchinodesecofectrl.cpp:896 OverrideOFECGData() SecurePreview_OFE0 req 19 get metadata fail NULL pointer 0x0
02-15 13:11:42.411  1743 21106 E ACameraDeviceVendor: onCaptureStarted: request = 0xb400007dc195da60
02-15 13:11:42.442  1811  3671 E DATC-IF : [ERROR][ChiNode] camxchinodesecofectrl.cpp:896 OverrideOFECGData() SecurePreview_OFE0 req 20 get metadata fail NULL pointer 0x0
02-15 13:11:42.445  1743 21106 E ACameraDeviceVendor: onCaptureStarted: request = 0xb400007dc195da60
02-15 13:11:42.472  1811  3670 E DATC-IF : [ERROR][ChiNode] camxchinodesecofectrl.cpp:896 OverrideOFECGData() SecurePreview_OFE0 req 21 get metadata fail NULL pointer 0x0
02-15 13:11:42.478  1743 21106 E ACameraDeviceVendor: onCaptureStarted: request = 0xb400007dc195da60
02-15 13:11:42.502  1811  3670 E DATC-IF : [ERROR][ChiNode] camxchinodesecofectrl.cpp:896 OverrideOFECGData() SecurePreview_OFE0 req 22 get metadata fail NULL pointer 0x0
02-15 13:11:42.511  1743 21106 E ACameraDeviceVendor: onCaptureStarted: request = 0xb400007dc195da60
02-15 13:11:42.527  1743 11839 E SmcInvoke_MinkDescriptor: mem obj with id :41 not found in list
02-15 13:11:42.527  2472  2862 E SmcInvoke_MinkDescriptor: mem obj with id :20 not found in list
02-15 13:11:42.529  2173 11207 E Camera3-OutputStream: [VSync] getBufferLockedCommon: Stream 0: wait for dequeued buffer exceeds 30000us (35024)us
02-15 13:11:42.534  1811  3667 E DATC-IF : [ERROR][ChiNode] camxchinodesecofectrl.cpp:896 OverrideOFECGData() SecurePreview_OFE0 req 23 get metadata fail NULL pointer 0x0
02-15 13:11:42.544  1743 11839 E SmcInvoke_MinkDescriptor: mem obj with id :41 not found in list
02-15 13:11:42.545  1743  1925 E ACameraDeviceVendor: onCaptureStarted: request = 0xb400007dc195da60
02-15 13:11:42.549  1743 11839 E SmcInvoke_MinkDescriptor: mem obj with id :41 not found in list
02-15 13:11:42.549  1743 12052 E sec_fr_FaceRecognizer: identify fails
02-15 13:11:42.549  2472  2862 E SmcInvoke_MinkDescriptor: mem obj with id :20 not found in list
02-15 13:11:42.573  1811  3668 E DATC-IF : [ERROR][ChiNode] camxchinodesecofectrl.cpp:896 OverrideOFECGData() SecurePreview_OFE0 req 24 get metadata fail NULL pointer 0x0
02-15 13:11:42.578  1743  1925 E ACameraDeviceVendor: onCaptureStarted: request = 0xb400007dc195da60
02-15 13:11:42.604  1811  3665 E DATC-IF : [ERROR][ChiNode] camxchinodesecofectrl.cpp:896 OverrideOFECGData() SecurePreview_OFE0 req 25 get metadata fail NULL pointer 0x0
02-15 13:11:42.611  1743  1925 E ACameraDeviceVendor: onCaptureStarted: request = 0xb400007dc195da60
02-15 13:11:42.634  1811  3667 E DATC-IF : [ERROR][ChiNode] camxchinodesecofectrl.cpp:896 OverrideOFECGData() SecurePreview_OFE0 req 26 get metadata fail NULL pointer 0x0
02-15 13:11:42.645  1743  1925 E ACameraDeviceVendor: onCaptureStarted: request = 0xb400007dc195da60
02-15 13:11:42.675  1811  3669 E DATC-IF : [ERROR][ChiNode] camxchinodesecofectrl.cpp:896 OverrideOFECGData() SecurePreview_OFE0 req 27 get metadata fail NULL pointer 0x0
02-15 13:11:42.678  1743  1925 E ACameraDeviceVendor: onCaptureStarted: request = 0xb400007dc195da60
02-15 13:11:42.705  1811  3665 E DATC-IF : [ERROR][ChiNode] camxchinodesecofectrl.cpp:896 OverrideOFECGData() SecurePreview_OFE0 req 28 get metadata fail NULL pointer 0x0
02-15 13:11:42.711  1743  1925 E ACameraDeviceVendor: onCaptureStarted: request = 0xb400007dc195da60
02-15 13:11:42.735  1811  3666 E DATC-IF : [ERROR][ChiNode] camxchinodesecofectrl.cpp:896 OverrideOFECGData() SecurePreview_OFE0 req 29 get metadata fail NULL pointer 0x0
02-15 13:11:42.745  1743  1925 E ACameraDeviceVendor: onCaptureStarted: request = 0xb400007dc195da60
02-15 13:11:42.765  1811  3671 E DATC-IF : [ERROR][ChiNode] camxchinodesecofectrl.cpp:896 OverrideOFECGData() SecurePreview_OFE0 req 30 get metadata fail NULL pointer 0x0
02-15 13:11:42.778  1743  1925 E ACameraDeviceVendor: onCaptureStarted: request = 0xb400007dc195da60
02-15 13:11:42.804  1811  3666 E DATC-IF : [ERROR][ChiNode] camxchinodesecofectrl.cpp:896 OverrideOFECGData() SecurePreview_OFE0 req 31 get metadata fail NULL pointer 0x0
02-15 13:11:42.811  1743  1925 E ACameraDeviceVendor: onCaptureStarted: request = 0xb400007dc195da60
02-15 13:11:42.835  1811  3673 E DATC-IF : [ERROR][ChiNode] camxchinodesecofectrl.cpp:896 OverrideOFECGData() SecurePreview_OFE0 req 32 get metadata fail NULL pointer 0x0
02-15 13:11:42.845  1743  1925 E ACameraDeviceVendor: onCaptureStarted: request = 0xb400007dc195da60
02-15 13:11:42.875  1811  3666 E DATC-IF : [ERROR][ChiNode] camxchinodesecofectrl.cpp:896 OverrideOFECGData() SecurePreview_OFE0 req 33 get metadata fail NULL pointer 0x0
02-15 13:11:42.878  1743  1925 E ACameraDeviceVendor: onCaptureStarted: request = 0xb400007dc195da60
02-15 13:11:42.896  1743 11839 E SmcInvoke_MinkDescriptor: mem obj with id :36 not found in list
02-15 13:11:42.896  2472  2862 E SmcInvoke_MinkDescriptor: mem obj with id :20 not found in list
02-15 13:11:42.905  1811  3669 E DATC-IF : [ERROR][ChiNode] camxchinodesecofectrl.cpp:896 OverrideOFECGData() SecurePreview_OFE0 req 34 get metadata fail NULL pointer 0x0
02-15 13:11:42.911  1743  1925 E ACameraDeviceVendor: onCaptureStarted: request = 0xb400007dc195da60
02-15 13:11:42.934  1819  1819 E SecVibrator-HAL-AIDL-CORE: V_2_0: Vibrator off
02-15 13:11:42.934  1819  1819 E SecVibrator-HAL-AIDL-CORE: HW_API: do_off
02-15 13:11:42.934  1819  1819 E SecVibrator-HAL-AIDL-CORE: HW_API: [triggerForceFeedbackVibration]on: 0
02-15 13:11:42.935  1811  3671 E DATC-IF : [ERROR][ChiNode] camxchinodesecofectrl.cpp:896 OverrideOFECGData() SecurePreview_OFE0 req 35 get metadata fail NULL pointer 0x0
02-15 13:11:42.945  1743  1925 E ACameraDeviceVendor: onCaptureStarted: request = 0xb400007dc195da60
02-15 13:11:42.976  1811  3669 E DATC-IF : [ERROR][ChiNode] camxchinodesecofectrl.cpp:896 OverrideOFECGData() SecurePreview_OFE0 req 36 get metadata fail NULL pointer 0x0
02-15 13:11:42.978  1743  1925 E ACameraDeviceVendor: onCaptureStarted: request = 0xb400007dc195da60
02-15 13:11:43.006  1811  3666 E DATC-IF : [ERROR][ChiNode] camxchinodesecofectrl.cpp:896 OverrideOFECGData() SecurePreview_OFE0 req 37 get metadata fail NULL pointer 0x0
02-15 13:11:43.011  1743  1925 E ACameraDeviceVendor: onCaptureStarted: request = 0xb400007dc195da60
02-15 13:11:43.036  1811  3673 E DATC-IF : [ERROR][ChiNode] camxchinodesecofectrl.cpp:896 OverrideOFECGData() SecurePreview_OFE0 req 38 get metadata fail NULL pointer 0x0
02-15 13:11:43.045  1743  1925 E ACameraDeviceVendor: onCaptureStarted: request = 0xb400007dc195da60
02-15 13:11:43.066  1811  3667 E DATC-IF : [ERROR][ChiNode] camxchinodesecofectrl.cpp:896 OverrideOFECGData() SecurePreview_OFE0 req 39 get metadata fail NULL pointer 0x0
02-15 13:11:43.078  1743  1925 E ACameraDeviceVendor: onCaptureStarted: request = 0xb400007dc195da60
02-15 13:11:43.107  1811  3671 E DATC-IF : [ERROR][ChiNode] camxchinodesecofectrl.cpp:896 OverrideOFECGData() SecurePreview_OFE0 req 40 get metadata fail NULL pointer 0x0
02-15 13:11:43.111  1743  1925 E ACameraDeviceVendor: onCaptureStarted: request = 0xb400007dc195da60
02-15 13:11:43.137  1811  3668 E DATC-IF : [ERROR][ChiNode] camxchinodesecofectrl.cpp:896 OverrideOFECGData() SecurePreview_OFE0 req 41 get metadata fail NULL pointer 0x0
02-15 13:11:43.142  1743 11839 E SmcInvoke_MinkDescriptor: mem obj with id :36 not found in list
02-15 13:11:43.143  2472  2862 E SmcInvoke_MinkDescriptor: mem obj with id :20 not found in list
02-15 13:11:43.145  1743  1925 E ACameraDeviceVendor: onCaptureStarted: request = 0xb400007dc195da60
02-15 13:11:43.147  1743 11839 E SmcInvoke_MinkDescriptor: mem obj with id :36 not found in list
02-15 13:11:43.147  1743 12052 E sec_fr_FaceRecognizer: identify fails
02-15 13:11:43.147  2472  2862 E SmcInvoke_MinkDescriptor: mem obj with id :20 not found in list
02-15 13:11:43.167  1811  3669 E DATC-IF : [ERROR][ChiNode] camxchinodesecofectrl.cpp:896 OverrideOFECGData() SecurePreview_OFE0 req 42 get metadata fail NULL pointer 0x0
02-15 13:11:43.178  1743  1925 E ACameraDeviceVendor: onCaptureStarted: request = 0xb400007dc195da60
02-15 13:11:43.208  1811  3666 E DATC-IF : [ERROR][ChiNode] camxchinodesecofectrl.cpp:896 OverrideOFECGData() SecurePreview_OFE0 req 43 get metadata fail NULL pointer 0x0
02-15 13:11:43.211  1743  1925 E ACameraDeviceVendor: onCaptureStarted: request = 0xb400007dc195da60
02-15 13:11:43.229  1855  1896 E HeatmapThread: ECT Thread time in milliseconds: 1771175503
02-15 13:11:43.230  1855  1896 E HeatmapThread: !@ CAM New BSOH: 100
02-15 13:11:43.238  1811  3670 E DATC-IF : [ERROR][ChiNode] camxchinodesecofectrl.cpp:896 OverrideOFECGData() SecurePreview_OFE0 req 44 get metadata fail NULL pointer 0x0
02-15 13:11:43.242  1874  4869 E NativeCustomFrequencyManager: [NativeCFMS] BpCustomFrequencyManager::acquire()
02-15 13:11:43.245  1743  1925 E ACameraDeviceVendor: onCaptureStarted: request = 0xb400007dc195da60
02-15 13:11:43.268  1811  3668 E DATC-IF : [ERROR][ChiNode] camxchinodesecofectrl.cpp:896 OverrideOFECGData() SecurePreview_OFE0 req 45 get metadata fail NULL pointer 0x0
02-15 13:11:43.278  1743  1925 E ACameraDeviceVendor: onCaptureStarted: request = 0xb400007dc195da60
02-15 13:11:43.308  1811  3669 E DATC-IF : [ERROR][ChiNode] camxchinodesecofectrl.cpp:896 OverrideOFECGData() SecurePreview_OFE0 req 46 get metadata fail NULL pointer 0x0
02-15 13:11:43.311  1743  1925 E ACameraDeviceVendor: onCaptureStarted: request = 0xb400007dc195da60
02-15 13:11:43.338  1811  3667 E DATC-IF : [ERROR][ChiNode] camxchinodesecofectrl.cpp:896 OverrideOFECGData() SecurePreview_OFE0 req 47 get metadata fail NULL pointer 0x0
02-15 13:11:43.345  1743  1925 E ACameraDeviceVendor: onCaptureStarted: request = 0xb400007dc195da60
02-15 13:11:43.369  1811  3669 E DATC-IF : [ERROR][ChiNode] camxchinodesecofectrl.cpp:896 OverrideOFECGData() SecurePreview_OFE0 req 48 get metadata fail NULL pointer 0x0
02-15 13:11:43.378  1743  1925 E ACameraDeviceVendor: onCaptureStarted: request = 0xb400007dc195da60
02-15 13:11:43.406  1743 11839 E SmcInvoke_MinkDescriptor: mem obj with id :36 not found in list
02-15 13:11:43.406  2472  2862 E SmcInvoke_MinkDescriptor: mem obj with id :20 not found in list
02-15 13:11:43.409  1811  3669 E DATC-IF : [ERROR][ChiNode] camxchinodesecofectrl.cpp:896 OverrideOFECGData() SecurePreview_OFE0 req 49 get metadata fail NULL pointer 0x0
02-15 13:11:43.411  1743  1925 E ACameraDeviceVendor: onCaptureStarted: request = 0xb400007dc195da60
02-15 13:11:43.436  1743 11840 E SmcInvoke_MinkDescriptor: mem obj with id :36 not found in list
02-15 13:11:43.437  2472  2862 E SmcInvoke_MinkDescriptor: mem obj with id :20 not found in list
02-15 13:11:43.438  1743 11840 E SmcInvoke_MinkDescriptor: mem obj with id :36 not found in list
02-15 13:11:43.438  1743 12052 E sec_fr_FaceRecognizer: identify fails
02-15 13:11:43.439  1811  3665 E DATC-IF : [ERROR][ChiNode] camxchinodesecofectrl.cpp:896 OverrideOFECGData() SecurePreview_OFE0 req 50 get metadata fail NULL pointer 0x0
02-15 13:11:43.445  1743  1925 E ACameraDeviceVendor: onCaptureStarted: request = 0xb400007dc195da60
02-15 13:11:43.470  1811  3673 E DATC-IF : [ERROR][ChiNode] camxchinodesecofectrl.cpp:896 OverrideOFECGData() SecurePreview_OFE0 req 51 get metadata fail NULL pointer 0x0
02-15 13:11:43.478  1743  1925 E ACameraDeviceVendor: onCaptureStarted: request = 0xb400007dc195da60
02-15 13:11:43.500  1811  3666 E DATC-IF : [ERROR][ChiNode] camxchinodesecofectrl.cpp:896 OverrideOFECGData() SecurePreview_OFE0 req 52 get metadata fail NULL pointer 0x0
02-15 13:11:43.511  1743  1925 E ACameraDeviceVendor: onCaptureStarted: request = 0xb400007dc195da60
02-15 13:11:43.540  1811  3669 E DATC-IF : [ERROR][ChiNode] camxchinodesecofectrl.cpp:896 OverrideOFECGData() SecurePreview_OFE0 req 53 get metadata fail NULL pointer 0x0
02-15 13:11:43.544  2832  2915 E Watchdog: !@Sync: 3423 heap(MB): 145 / 167 FD: 1465 [2026-02-15 13:11:43.544]
02-15 13:11:43.545  1743  1925 E ACameraDeviceVendor: onCaptureStarted: request = 0xb400007dc195da60
02-15 13:11:43.569  1811  3668 E DATC-IF : [ERROR][ChiNode] camxchinodesecofectrl.cpp:896 OverrideOFECGData() SecurePreview_OFE0 req 54 get metadata fail NULL pointer 0x0
02-15 13:11:43.578  1743  1925 E ACameraDeviceVendor: onCaptureStarted: request = 0xb400007dc195da60
02-15 13:11:43.610  1811  3666 E DATC-IF : [ERROR][ChiNode] camxchinodesecofectrl.cpp:896 OverrideOFECGData() SecurePreview_OFE0 req 55 get metadata fail NULL pointer 0x0
02-15 13:11:43.611  1743  1925 E ACameraDeviceVendor: onCaptureStarted: request = 0xb400007dc195da60
02-15 13:11:43.640  1811  3669 E DATC-IF : [ERROR][ChiNode] camxchinodesecofectrl.cpp:896 OverrideOFECGData() SecurePreview_OFE0 req 56 get metadata fail NULL pointer 0x0
02-15 13:11:43.645  1743  1925 E ACameraDeviceVendor: onCaptureStarted: request = 0xb400007dc195da60
02-15 13:11:43.670  1811  3669 E DATC-IF : [ERROR][ChiNode] camxchinodesecofectrl.cpp:896 OverrideOFECGData() SecurePreview_OFE0 req 57 get metadata fail NULL pointer 0x0
02-15 13:11:43.678  1743  1925 E ACameraDeviceVendor: onCaptureStarted: request = 0xb400007dc195da60
02-15 13:11:43.700  1743 11840 E SmcInvoke_MinkDescriptor: mem obj with id :36 not found in list
02-15 13:11:43.700  2472  2862 E SmcInvoke_MinkDescriptor: mem obj with id :20 not found in list
02-15 13:11:43.710  1811  3671 E DATC-IF : [ERROR][ChiNode] camxchinodesecofectrl.cpp:896 OverrideOFECGData() SecurePreview_OFE0 req 58 get metadata fail NULL pointer 0x0
02-15 13:11:43.711  1743  1925 E ACameraDeviceVendor: onCaptureStarted: request = 0xb400007dc195da60
02-15 13:11:43.741  1811  3665 E DATC-IF : [ERROR][ChiNode] camxchinodesecofectrl.cpp:896 OverrideOFECGData() SecurePreview_OFE0 req 59 get metadata fail NULL pointer 0x0
02-15 13:11:43.745  1743  1925 E ACameraDeviceVendor: onCaptureStarted: request = 0xb400007dc195da60
02-15 13:11:43.771  1811  3670 E DATC-IF : [ERROR][ChiNode] camxchinodesecofectrl.cpp:896 OverrideOFECGData() SecurePreview_OFE0 req 60 get metadata fail NULL pointer 0x0
02-15 13:11:43.778  1743  1925 E ACameraDeviceVendor: onCaptureStarted: request = 0xb400007dc195da60
02-15 13:11:43.781  1743 11840 E SmcInvoke_MinkDescriptor: mem obj with id :36 not found in list
02-15 13:11:43.781  2472  2862 E SmcInvoke_MinkDescriptor: mem obj with id :20 not found in list
02-15 13:11:43.784  1743 11839 E SmcInvoke_MinkDescriptor: mem obj with id :36 not found in list
02-15 13:11:43.784  1743 12052 E sec_fr_FaceRecognizer: identify fails
02-15 13:11:43.784  1743 12052 E sec_fr_FaceRecognizer: No match count(5) is max, send status to Service
02-15 13:11:43.801  1811  3667 E DATC-IF : [ERROR][ChiNode] camxchinodesecofectrl.cpp:896 OverrideOFECGData() SecurePreview_OFE0 req 61 get metadata fail NULL pointer 0x0
02-15 13:11:43.811  1743  1925 E ACameraDeviceVendor: onCaptureStarted: request = 0xb400007dc195da60
02-15 13:11:43.842  1811  3668 E DATC-IF : [ERROR][ChiNode] camxchinodesecofectrl.cpp:896 OverrideOFECGData() SecurePreview_OFE0 req 62 get metadata fail NULL pointer 0x0
02-15 13:11:43.845  1743  1925 E ACameraDeviceVendor: onCaptureStarted: request = 0xb400007dc195da60
02-15 13:11:43.872  1811  3667 E DATC-IF : [ERROR][ChiNode] camxchinodesecofectrl.cpp:896 OverrideOFECGData() SecurePreview_OFE0 req 63 get metadata fail NULL pointer 0x0
02-15 13:11:43.878  1743  1925 E ACameraDeviceVendor: onCaptureStarted: request = 0xb400007dc195da60
02-15 13:11:43.902  1811  3670 E DATC-IF : [ERROR][ChiNode] camxchinodesecofectrl.cpp:896 OverrideOFECGData() SecurePreview_OFE0 req 64 get metadata fail NULL pointer 0x0
02-15 13:11:43.911  1743  1925 E ACameraDeviceVendor: onCaptureStarted: request = 0xb400007dc195da60
02-15 13:11:43.942  1811  3665 E DATC-IF : [ERROR][ChiNode] camxchinodesecofectrl.cpp:896 OverrideOFECGData() SecurePreview_OFE0 req 65 get metadata fail NULL pointer 0x0
02-15 13:11:43.945  1743  1925 E ACameraDeviceVendor: onCaptureStarted: request = 0xb400007dc195da60
02-15 13:11:43.972  1811  3668 E DATC-IF : [ERROR][ChiNode] camxchinodesecofectrl.cpp:896 OverrideOFECGData() SecurePreview_OFE0 req 66 get metadata fail NULL pointer 0x0
02-15 13:11:43.978  1743  1925 E ACameraDeviceVendor: onCaptureStarted: request = 0xb400007dc195da60
02-15 13:11:44.003  1811  3666 E DATC-IF : [ERROR][ChiNode] camxchinodesecofectrl.cpp:896 OverrideOFECGData() SecurePreview_OFE0 req 67 get metadata fail NULL pointer 0x0
02-15 13:11:44.011  1743  1925 E ACameraDeviceVendor: onCaptureStarted: request = 0xb400007dc195da60
02-15 13:11:44.033  1811  3665 E DATC-IF : [ERROR][ChiNode] camxchinodesecofectrl.cpp:896 OverrideOFECGData() SecurePreview_OFE0 req 68 get metadata fail NULL pointer 0x0
02-15 13:11:44.045  1743  1925 E ACameraDeviceVendor: onCaptureStarted: request = 0xb400007dc195da60
02-15 13:11:44.051  1743 11839 E SmcInvoke_MinkDescriptor: mem obj with id :36 not found in list
02-15 13:11:44.051  2472  2862 E SmcInvoke_MinkDescriptor: mem obj with id :20 not found in list
02-15 13:11:44.073  1811  3669 E DATC-IF : [ERROR][ChiNode] camxchinodesecofectrl.cpp:896 OverrideOFECGData() SecurePreview_OFE0 req 69 get metadata fail NULL pointer 0x0
02-15 13:11:44.077  1743 11839 E SmcInvoke_MinkDescriptor: mem obj with id :36 not found in list
02-15 13:11:44.078  1743  1925 E ACameraDeviceVendor: onCaptureStarted: request = 0xb400007dc195da60
02-15 13:11:44.079  1743 11839 E SmcInvoke_MinkDescriptor: mem obj with id :36 not found in list
02-15 13:11:44.079  1743 12052 E sec_fr_FaceRecognizer: identify fails
02-15 13:11:44.103  1811  3669 E DATC-IF : [ERROR][ChiNode] camxchinodesecofectrl.cpp:896 OverrideOFECGData() SecurePreview_OFE0 req 70 get metadata fail NULL pointer 0x0
02-15 13:11:44.111  1743  1925 E ACameraDeviceVendor: onCaptureStarted: request = 0xb400007dc195da60
02-15 13:11:44.144  1811  3665 E DATC-IF : [ERROR][ChiNode] camxchinodesecofectrl.cpp:896 OverrideOFECGData() SecurePreview_OFE0 req 71 get metadata fail NULL pointer 0x0
02-15 13:11:44.144  1743  1925 E ACameraDeviceVendor: onCaptureStarted: request = 0xb400007dc195da60
02-15 13:11:44.166  1776  1907 E PERFHAL-REQUEST: PERFHAL-REQUEST: Process() 384: Translate to physical failed
02-15 13:11:44.174  1811  3665 E DATC-IF : [ERROR][ChiNode] camxchinodesecofectrl.cpp:896 OverrideOFECGData() SecurePreview_OFE0 req 72 get metadata fail NULL pointer 0x0
02-15 13:11:44.178  1743  1925 E ACameraDeviceVendor: onCaptureStarted: request = 0xb400007dc195da60
02-15 13:11:44.204  1811  3670 E DATC-IF : [ERROR][ChiNode] camxchinodesecofectrl.cpp:896 OverrideOFECGData() SecurePreview_OFE0 req 73 get metadata fail NULL pointer 0x0
02-15 13:11:44.211  1743  1925 E ACameraDeviceVendor: onCaptureStarted: request = 0xb400007dc195da60
02-15 13:11:44.227  1855  1896 E HeatmapThread: ECT Thread time in milliseconds: 1771175504
02-15 13:11:44.229  1855  1896 E HeatmapThread: !@ CAM New BSOH: 100
02-15 13:11:44.234  1811  3665 E DATC-IF : [ERROR][ChiNode] camxchinodesecofectrl.cpp:896 OverrideOFECGData() SecurePreview_OFE0 req 74 get metadata fail NULL pointer 0x0
02-15 13:11:44.245  1743  1925 E ACameraDeviceVendor: onCaptureStarted: request = 0xb400007dc195da60
02-15 13:11:44.275  1811  3669 E DATC-IF : [ERROR][ChiNode] camxchinodesecofectrl.cpp:896 OverrideOFECGData() SecurePreview_OFE0 req 75 get metadata fail NULL pointer 0x0
02-15 13:11:44.278  1743  1925 E ACameraDeviceVendor: onCaptureStarted: request = 0xb400007dc195da60
02-15 13:11:44.305  1811  3670 E DATC-IF : [ERROR][ChiNode] camxchinodesecofectrl.cpp:896 OverrideOFECGData() SecurePreview_OFE0 req 76 get metadata fail NULL pointer 0x0
02-15 13:11:44.311  1743  1925 E ACameraDeviceVendor: onCaptureStarted: request = 0xb400007dc195da60
02-15 13:11:44.335  1811  3669 E DATC-IF : [ERROR][ChiNode] camxchinodesecofectrl.cpp:896 OverrideOFECGData() SecurePreview_OFE0 req 77 get metadata fail NULL pointer 0x0
02-15 13:11:44.336  1743 11839 E SmcInvoke_MinkDescriptor: mem obj with id :36 not found in list
02-15 13:11:44.345  1743  1925 E ACameraDeviceVendor: onCaptureStarted: request = 0xb400007dc195da60
02-15 13:11:44.362  1743 11839 E SmcInvoke_MinkDescriptor: mem obj with id :36 not found in list
02-15 13:11:44.364  1743 11839 E SmcInvoke_MinkDescriptor: mem obj with id :36 not found in list
02-15 13:11:44.364  1743 12052 E sec_fr_FaceRecognizer: identify fails
02-15 13:11:44.376  1811  3666 E DATC-IF : [ERROR][ChiNode] camxchinodesecofectrl.cpp:896 OverrideOFECGData() SecurePreview_OFE0 req 78 get metadata fail NULL pointer 0x0
02-15 13:11:44.378  1743  1925 E ACameraDeviceVendor: onCaptureStarted: request = 0xb400007dc195da60
02-15 13:11:44.406  1811  3671 E DATC-IF : [ERROR][ChiNode] camxchinodesecofectrl.cpp:896 OverrideOFECGData() SecurePreview_OFE0 req 79 get metadata fail NULL pointer 0x0
02-15 13:11:44.411  1743  1925 E ACameraDeviceVendor: onCaptureStarted: request = 0xb400007dc195da60
02-15 13:11:44.436  1811  3668 E DATC-IF : [ERROR][ChiNode] camxchinodesecofectrl.cpp:896 OverrideOFECGData() SecurePreview_OFE0 req 80 get metadata fail NULL pointer 0x0
02-15 13:11:44.445  1743  1925 E ACameraDeviceVendor: onCaptureStarted: request = 0xb400007dc195da60
02-15 13:11:44.450  1842 10432 E ConversionHelperAidl: Function: parseAndSetVendorParameters Line: 94 Failed 
02-15 13:11:44.451  1842 10432 E ConversionHelperAidl: Function: parseAndSetVendorParameters Line: 94 Failed 
02-15 13:11:44.451  1842 10432 E ConversionHelperAidl: Function: parseAndSetVendorParameters Line: 94 Failed 
02-15 13:11:44.451  1842 10432 E ConversionHelperAidl: Function: parseAndSetVendorParameters Line: 94 Failed 
02-15 13:11:44.466  1811  3670 E DATC-IF : [ERROR][ChiNode] camxchinodesecofectrl.cpp:896 OverrideOFECGData() SecurePreview_OFE0 req 81 get metadata fail NULL pointer 0x0
02-15 13:11:44.478  1743  1925 E ACameraDeviceVendor: onCaptureStarted: request = 0xb400007dc195da60
02-15 13:11:44.507  1811  3665 E DATC-IF : [ERROR][ChiNode] camxchinodesecofectrl.cpp:896 OverrideOFECGData() SecurePreview_OFE0 req 82 get metadata fail NULL pointer 0x0
02-15 13:11:44.511  1743  1925 E ACameraDeviceVendor: onCaptureStarted: request = 0xb400007dc195da60
02-15 13:11:44.537  1811  3669 E DATC-IF : [ERROR][ChiNode] camxchinodesecofectrl.cpp:896 OverrideOFECGData() SecurePreview_OFE0 req 83 get metadata fail NULL pointer 0x0
02-15 13:11:44.544  1743  1925 E ACameraDeviceVendor: onCaptureStarted: request = 0xb400007dc195da60
02-15 13:11:44.567  1811  3670 E DATC-IF : [ERROR][ChiNode] camxchinodesecofectrl.cpp:896 OverrideOFECGData() SecurePreview_OFE0 req 84 get metadata fail NULL pointer 0x0
02-15 13:11:44.578  1743  1925 E ACameraDeviceVendor: onCaptureStarted: request = 0xb400007dc195da60
02-15 13:11:44.597  2832  3585 E WifiStaIfaceAidlImpl: getCachedScanData failed with service-specific exception: android.os.ServiceSpecificException:  (code 4)
02-15 13:11:44.598  2832  3783 E SemWifiLinkQualityMonitor: Too old or invalid TMI: currentTime=1771175504598 lastDateWindow=1771118498000
02-15 13:11:44.608  1811  3666 E DATC-IF : [ERROR][ChiNode] camxchinodesecofectrl.cpp:896 OverrideOFECGData() SecurePreview_OFE0 req 85 get metadata fail NULL pointer 0x0
02-15 13:11:44.611  1743  1925 E ACameraDeviceVendor: onCaptureStarted: request = 0xb400007dc195da60
02-15 13:11:44.621  1743 11839 E SmcInvoke_MinkDescriptor: mem obj with id :36 not found in list
02-15 13:11:44.638  1811  3673 E DATC-IF : [ERROR][ChiNode] camxchinodesecofectrl.cpp:896 OverrideOFECGData() SecurePreview_OFE0 req 86 get metadata fail NULL pointer 0x0
02-15 13:11:44.645  1743  1925 E ACameraDeviceVendor: onCaptureStarted: request = 0xb400007dc195da60
02-15 13:11:44.648  1743 11839 E SmcInvoke_MinkDescriptor: mem obj with id :36 not found in list
02-15 13:11:44.650  1743 11839 E SmcInvoke_MinkDescriptor: mem obj with id :36 not found in list
02-15 13:11:44.650  1743 12052 E sec_fr_FaceRecognizer: identify fails
02-15 13:11:44.668  1811  3669 E DATC-IF : [ERROR][ChiNode] camxchinodesecofectrl.cpp:896 OverrideOFECGData() SecurePreview_OFE0 req 87 get metadata fail NULL pointer 0x0
02-15 13:11:44.678  1743  1925 E ACameraDeviceVendor: onCaptureStarted: request = 0xb400007dc195da60
02-15 13:11:44.708  1811  3668 E DATC-IF : [ERROR][ChiNode] camxchinodesecofectrl.cpp:896 OverrideOFECGData() SecurePreview_OFE0 req 88 get metadata fail NULL pointer 0x0
02-15 13:11:44.711  1743  1925 E ACameraDeviceVendor: onCaptureStarted: request = 0xb400007dc195da60
02-15 13:11:44.738  1811  3669 E DATC-IF : [ERROR][ChiNode] camxchinodesecofectrl.cpp:896 OverrideOFECGData() SecurePreview_OFE0 req 89 get metadata fail NULL pointer 0x0
02-15 13:11:44.744  1743  1925 E ACameraDeviceVendor: onCaptureStarted: request = 0xb400007dc195da60
02-15 13:11:44.749  1874  4869 E NativeCustomFrequencyManager: [NativeCFMS] BpCustomFrequencyManager::acquire()
02-15 13:11:44.769  1811  3668 E DATC-IF : [ERROR][ChiNode] camxchinodesecofectrl.cpp:896 OverrideOFECGData() SecurePreview_OFE0 req 90 get metadata fail NULL pointer 0x0
02-15 13:11:44.778  1743  1925 E ACameraDeviceVendor: onCaptureStarted: request = 0xb400007dc195da60
02-15 13:11:44.809  1811  3673 E DATC-IF : [ERROR][ChiNode] camxchinodesecofectrl.cpp:896 OverrideOFECGData() SecurePreview_OFE0 req 91 get metadata fail NULL pointer 0x0
02-15 13:11:44.809  1750  1750 E hwvault_tee: [[31mERR[0m] (nwd_hv_kv_common.cpp:103) _kv2_init onlypower 0 1
02-15 13:11:44.811  1743  1925 E ACameraDeviceVendor: onCaptureStarted: request = 0xb400007dc195da60
02-15 13:11:44.838  1811  3668 E DATC-IF : [ERROR][ChiNode] camxchinodesecofectrl.cpp:896 OverrideOFECGData() SecurePreview_OFE0 req 92 get metadata fail NULL pointer 0x0
02-15 13:11:44.844  1743  1925 E ACameraDeviceVendor: onCaptureStarted: request = 0xb400007dc195da60
02-15 13:11:44.868  1811  3667 E DATC-IF : [ERROR][ChiNode] camxchinodesecofectrl.cpp:896 OverrideOFECGData() SecurePreview_OFE0 req 93 get metadata fail NULL pointer 0x0
02-15 13:11:44.878  1743  1925 E ACameraDeviceVendor: onCaptureStarted: request = 0xb400007dc195da60
02-15 13:11:44.909  1811  3671 E DATC-IF : [ERROR][ChiNode] camxchinodesecofectrl.cpp:896 OverrideOFECGData() SecurePreview_OFE0 req 94 get metadata fail NULL pointer 0x0
02-15 13:11:44.911  1743  1925 E ACameraDeviceVendor: onCaptureStarted: request = 0xb400007dc195da60
02-15 13:11:44.917  1743 11839 E SmcInvoke_MinkDescriptor: mem obj with id :36 not found in list
02-15 13:11:44.939  1811  3671 E DATC-IF : [ERROR][ChiNode] camxchinodesecofectrl.cpp:896 OverrideOFECGData() SecurePreview_OFE0 req 95 get metadata fail NULL pointer 0x0
02-15 13:11:44.945  1743  1925 E ACameraDeviceVendor: onCaptureStarted: request = 0xb400007dc195da60
02-15 13:11:44.970  1811  3666 E DATC-IF : [ERROR][ChiNode] camxchinodesecofectrl.cpp:896 OverrideOFECGData() SecurePreview_OFE0 req 96 get metadata fail NULL pointer 0x0
02-15 13:11:44.978  1743  1925 E ACameraDeviceVendor: onCaptureStarted: request = 0xb400007dc195da60
02-15 13:11:45.000  1811  3673 E DATC-IF : [ERROR][ChiNode] camxchinodesecofectrl.cpp:896 OverrideOFECGData() SecurePreview_OFE0 req 97 get metadata fail NULL pointer 0x0
02-15 13:11:45.002  3938  3938 E KeyguardSecAbsKeyInputViewController: onPasswordChecked
02-15 13:11:45.011  2832  3597 E WindowManager: win=Window{10d4e5c u0 FP Iconview} destroySurfaces: appStopped=true cleanupOnResume=false win.mWindowRemovalAllowed=false win.mRemoveOnExit=false win.mViewVisibility=8 caller=com.android.server.wm.WindowManagerService.tryStartExitingAnimation:134 com.android.server.wm.WindowManagerService.relayoutWindow:1138 com.android.server.wm.Session.relayout:27 android.view.IWindowSession$Stub.onTransact:829 com.android.server.wm.Session.onTransact:1 android.os.Binder.execTransactInternal:1457 android.os.Binder.execTransact:1401 
02-15 13:11:45.011  1743 21106 E ACameraDeviceVendor: onCaptureStarted: request = 0xb400007dc195da60
02-15 13:11:45.031  1743 11839 E SmcInvoke_MinkDescriptor: mem obj with id :36 not found in list
02-15 13:11:45.031  1743 12052 E sec_fr_FaceRecognizer: not ready state(7)
02-15 13:11:45.031  1743 12053 E sec_fr_FaceWorkerManager: mState(6), mode(0x2)
02-15 13:11:45.031  1743 12053 E sec_fr_FaceWorkerManager: needKeepBuffer: mState is not init
02-15 13:11:45.032  2472  2862 E SmcInvoke_MinkDescriptor: mem obj with id :20 not found in list
02-15 13:11:45.036  2173 11337 E CameraDeviceClient: notifyError: pid=1743, errorCode=4, errorStreamId=0, frameNumber=97
02-15 13:11:45.036  2173 11337 E CameraDeviceClient: notifyError: pid=1743, skipClientNotification=false
02-15 13:11:45.037  2173 11337 E CameraDeviceClient: notifyError: pid=1743, errorCode=4, errorStreamId=0, frameNumber=99
02-15 13:11:45.037  2173 11337 E CameraDeviceClient: notifyError: pid=1743, skipClientNotification=false
02-15 13:11:45.037  2173  6617 E CameraDeviceClient: notifyError: pid=1743, errorCode=4, errorStreamId=0, frameNumber=98
02-15 13:11:45.037  2173  6617 E CameraDeviceClient: notifyError: pid=1743, skipClientNotification=false
02-15 13:11:45.037  2173  6617 E CameraDeviceClient: notifyError: pid=1743, errorCode=4, errorStreamId=0, frameNumber=100
02-15 13:11:45.037  2173  6617 E CameraDeviceClient: notifyError: pid=1743, skipClientNotification=false
02-15 13:11:45.037  2173 11337 E CameraDeviceClient: notifyError: pid=1743, errorCode=5, errorStreamId=0, frameNumber=97
02-15 13:11:45.037  2173 11337 E CameraDeviceClient: notifyError: pid=1743, skipClientNotification=false
02-15 13:11:45.037  2173 11337 E CameraDeviceClient: notifyError: pid=1743, errorCode=5, errorStreamId=0, frameNumber=98
02-15 13:11:45.037  2173 11337 E CameraDeviceClient: notifyError: pid=1743, skipClientNotification=false
02-15 13:11:45.037  2173  6617 E CameraDeviceClient: notifyError: pid=1743, errorCode=4, errorStreamId=0, frameNumber=101
02-15 13:11:45.037  2173  6617 E CameraDeviceClient: notifyError: pid=1743, skipClientNotification=false
02-15 13:11:45.037  2173 11337 E CameraDeviceClient: notifyError: pid=1743, errorCode=5, errorStreamId=0, frameNumber=99
02-15 13:11:45.037  2173 11337 E CameraDeviceClient: notifyError: pid=1743, skipClientNotification=false
02-15 13:11:45.037  2173  6617 E CameraDeviceClient: notifyError: pid=1743, errorCode=5, errorStreamId=0, frameNumber=100
02-15 13:11:45.037  2173  6617 E CameraDeviceClient: notifyError: pid=1743, skipClientNotification=false
02-15 13:11:45.037  2173  6617 E CameraDeviceClient: notifyError: pid=1743, errorCode=5, errorStreamId=0, frameNumber=101
02-15 13:11:45.037  2173  6617 E CameraDeviceClient: notifyError: pid=1743, skipClientNotification=false
02-15 13:11:45.043  2472  2862 E SmcInvoke_MinkDescriptor: mem obj with id :20 not found in list
02-15 13:11:45.044  2173 11207 E CameraDeviceClient: notifyError: pid=1743, errorCode=3, errorStreamId=0, frameNumber=102
02-15 13:11:45.044  2173 11207 E CameraDeviceClient: notifyError: pid=1743, skipClientNotification=false
02-15 13:11:45.047  2832  3751 E AidlResponseHandler: Client monitor is not an instance of com.android.server.biometrics.sensors.fingerprint.aidl.FingerprintResetLockoutClient
02-15 13:11:45.050  2472  2862 E SmcInvoke_MinkDescriptor: mem obj with id :20 not found in list
02-15 13:11:45.053  2472  2862 E SmcInvoke_MinkDescriptor: mem obj with id :20 not found in list
02-15 13:11:45.054  2832  3393 E AuthSessionCoordinator: Error unable to find auth operation : authEndedFor(userId=0 ,biometricStrength=15, sensorId=0, requestId=294, wasSuccessful=false)
02-15 13:11:45.054  2832  3751 E SensorService: BigData:Pakage) 5 already disabled. 
02-15 13:11:45.057  2173 11207 E Camera2-FrameProcessorBase: removeListener: 
02-15 13:11:45.126  1811  1844 E CamX    : [ERROR][CORE   ] camxpipeline.cpp:235 Destroy() SecurePreview_0: Updated m_referenceCount=1
02-15 13:11:45.126  1811  1844 E CamX    : [ERROR][CORE   ] camxpipeline.cpp:235 Destroy() SecurePreview_0: Updated m_referenceCount=0
02-15 13:11:45.127  1811  3681 E CamX    : [ERROR][CORE   ] camxpipeline.cpp:4967 NodeDestroy() Destroying node: SecurePreview_Sensor0_cam4
02-15 13:11:45.127  1811  3681 E CamX    : [ERROR][SENSOR ] camxsensorcache.cpp:261 ReleaseOneSubDevice() Device[4][Actuator] refCount:3 hDev:0x6e0106 hCSLCached:0x1c0200 isAcquired:1 pipelineRefCount:1
02-15 13:11:45.127  1811  3681 E CamX    : [ERROR][SENSOR ] camxsensorcache.cpp:269 ReleaseOneSubDevice() [SUBDEV_DBG]Camera[4] IsAcquired[1] PipelineRefcount[1] hDevice[0x6e0106]
02-15 13:11:45.127  1811  3681 E CamX    : [ERROR][CSL    ] camxcslhw.cpp:1474 CSLReleaseDeviceHW() [SUBDEV_DBG] hCSL[0x1c0200] hDevice[0x6e0106] hSession[0x1c0200]
02-15 13:11:45.127  1811  3681 E CamX    : [ERROR][CSL    ] camxcslhw.cpp:1501 CSLReleaseDeviceHW() [SUBDEV_DBG] hDevice[0x6e0106] hAcquired[0x6e0106] hSession[0x1c0200]                                     devName[] deviceIdx[21] deviceType[2] refCount[0] isStreamActive[0] session_name[SecurePreview]
02-15 13:11:45.127  1811  3674 E CamX    : [ERROR][CORE   ] camxpipeline.cpp:4967 NodeDestroy() Destroying node: SecurePreview_Stats0_cam4
02-15 13:11:45.127  1811  3677 E CamX    : [ERROR][CORE   ] camxpipeline.cpp:4967 NodeDestroy() Destroying node: SecurePreview_AWB0_cam4
02-15 13:11:45.127  1811  3676 E CamX    : [ERROR][CORE   ] camxpipeline.cpp:4967 NodeDestroy() Destroying node: SecurePreview_com.qti.node.gme0_cam4
02-15 13:11:45.127  1811  3679 E CamX    : [ERROR][CORE   ] camxpipeline.cpp:4967 NodeDestroy() Destroying node: SecurePreview_com.qti.node.fd8_cam4
02-15 13:11:45.127  1811  3680 E CamX    : [ERROR][CORE   ] camxpipeline.cpp:4967 NodeDestroy() Destroying node: SecurePreview_AutoFocus0_cam4
02-15 13:11:45.127  1811  3682 E CamX    : [ERROR][CORE   ] camxpipeline.cpp:4967 NodeDestroy() Destroying node: SecurePreview_IPE0_cam4
02-15 13:11:45.127  1811  3678 E CamX    : [ERROR][CORE   ] camxpipeline.cpp:4967 NodeDestroy() Destroying node: SecurePreview_EVA0_cam4
02-15 13:11:45.127  1811  3675 E CamX    : [ERROR][CORE   ] camxpipeline.cpp:4967 NodeDestroy() Destroying node: SecurePreview_MCTFE0_cam4
02-15 13:11:45.127  1811  3675 E CamX    : [ERROR][CSL    ] camxcslhw.cpp:1474 CSLReleaseDeviceHW() [SUBDEV_DBG] hCSL[0x1c0200] hDevice[0x2e0102] hSession[0x1c0200]
02-15 13:11:45.127  1811  3680 E AF_DEBUG: ProcessPafEndModule(170) : [cam_id_4] Memory for PAF Main Window Free OK!
02-15 13:11:45.129  1738  1738 E sensors-hal: register_cb:315, all callbacks are null for new suid. no need to register it
02-15 13:11:45.129  1811  3676 E CamX    : [ERROR][CORE   ] camxpipeline.cpp:4967 NodeDestroy() Destroying node: SecurePreview_OFE0_cam4
02-15 13:11:45.130  1701  1794 E minksocket: MinkIPC ERROR: ( 1701:1794 ) MinkIPC_preProcess:272 Client down, but cannot find corresponding minksession
02-15 13:11:45.130  1811  3676 E CamX    : [ERROR][CSL    ] camxcslhw.cpp:1474 CSLReleaseDeviceHW() [SUBDEV_DBG] hCSL[0x1c0200] hDevice[0xf50104] hSession[0x1c0200]
02-15 13:11:45.130  1701  1804 E minksocket: MinkIPC ERROR: ( 1701:1804 ) MinkIPC_preProcess:272 Client down, but cannot find corresponding minksession
02-15 13:11:45.130  1811  3680 E CamX    : [ERROR][CORE   ] camxpipeline.cpp:4967 NodeDestroy() Destroying node: SecurePreview_StatsParse0_cam4
02-15 13:11:45.130  1811  3681 E CamX    : [ERROR][SENSOR ] camxsensorcache.cpp:309 ReleaseOneSubDevice() [SUBDEV_DBG]CSLReleased CameraId= 4 hCSLSession= 0x1c0200 refCount= 2Subdevice: Actuator hDevice= 0x6e0106 pipelineRefCount= 0
02-15 13:11:45.130  1811  3681 E CamX    : [ERROR][SENSOR ] camxsensorcache.cpp:261 ReleaseOneSubDevice() Device[4][CSIPHY] refCount:2 hDev:0xd10105 hCSLCached:0x1c0200 isAcquired:1 pipelineRefCount:1
02-15 13:11:45.130  1811  3681 E CamX    : [ERROR][SENSOR ] camxsensorcache.cpp:269 ReleaseOneSubDevice() [SUBDEV_DBG]Camera[4] IsAcquired[1] PipelineRefcount[1] hDevice[0xd10105]
02-15 13:11:45.130  1811  3681 E CamX    : [ERROR][CSL    ] camxcslhw.cpp:1474 CSLReleaseDeviceHW() [SUBDEV_DBG] hCSL[0x1c0200] hDevice[0xd10105] hSession[0x1c0200]
02-15 13:11:45.130  1811  3681 E CamX    : [ERROR][CSL    ] camxcslhw.cpp:1501 CSLReleaseDeviceHW() [SUBDEV_DBG] hDevice[0xd10105] hAcquired[0xd10105] hSession[0x1c0200]                                     devName[] deviceIdx[5] deviceType[5] refCount[0] isStreamActive[0] session_name[SecurePreview]
02-15 13:11:45.130  1811  3681 E CamX    : [ERROR][SENSOR ] camxsensorcache.cpp:309 ReleaseOneSubDevice() [SUBDEV_DBG]CSLReleased CameraId= 4 hCSLSession= 0x1c0200 refCount= 1Subdevice: CSIPHY hDevice= 0xd10105 pipelineRefCount= 0
02-15 13:11:45.131  1701  1794 E minksocket: MinkIPC ERROR: ( 1701:1794 ) MinkIPC_preProcess:272 Client down, but cannot find corresponding minksession
02-15 13:11:45.131  1701  1804 E minksocket: MinkIPC ERROR: ( 1701:1804 ) MinkIPC_preProcess:272 Client down, but cannot find corresponding minksession
02-15 13:11:45.131  1811  3676 E CamX    : [ERROR][CSL    ] camxcslhw.cpp:1501 CSLReleaseDeviceHW() [SUBDEV_DBG] hDevice[0xf50104] hAcquired[0xf50104] hSession[0x1c0200]                                     devName[] deviceIdx[18] deviceType[16] refCount[0] isStreamActive[0] session_name[SecurePreview]
02-15 13:11:45.131  1811  3675 E CamX    : [ERROR][CSL    ] camxcslhw.cpp:1501 CSLReleaseDeviceHW() [SUBDEV_DBG] hDevice[0x2e0102] hAcquired[0x2e0102] hSession[0x1c0200]                                     devName[] deviceIdx[0] deviceType[23] refCount[0] isStreamActive[0] session_name[SecurePreview]
02-15 13:11:45.132  1811  3682 E CamX    : [ERROR][CSL    ] camxcslhw.cpp:1474 CSLReleaseDeviceHW() [SUBDEV_DBG] hCSL[0x1c0200] hDevice[0x890103] hSession[0x1c0200]
02-15 13:11:45.132  1811  3681 E CamX    : [ERROR][SENSOR ] camxsensorcache.cpp:261 ReleaseOneSubDevice() Device[4][Sensor] refCount:1 hDev:0xd20101 hCSLCached:0x1c0200 isAcquired:1 pipelineRefCount:1
02-15 13:11:45.132  1811  3681 E CamX    : [ERROR][SENSOR ] camxsensorcache.cpp:269 ReleaseOneSubDevice() [SUBDEV_DBG]Camera[4] IsAcquired[1] PipelineRefcount[1] hDevice[0xd20101]
02-15 13:11:45.132  1811  3681 E CamX    : [ERROR][CSL    ] camxcslhw.cpp:1474 CSLReleaseDeviceHW() [SUBDEV_DBG] hCSL[0x1c0200] hDevice[0xd20101] hSession[0x1c0200]
02-15 13:11:45.133  1701  1794 E minksocket: MinkIPC ERROR: ( 1701:1794 ) MinkIPC_preProcess:272 Client down, but cannot find corresponding minksession
02-15 13:11:45.133  1701  1804 E minksocket: MinkIPC ERROR: ( 1701:1804 ) MinkIPC_preProcess:272 Client down, but cannot find corresponding minksession
02-15 13:11:45.133  1811  3682 E CamX    : [ERROR][CSL    ] camxcslhw.cpp:1501 CSLReleaseDeviceHW() [SUBDEV_DBG] hDevice[0x890103] hAcquired[0x890103] hSession[0x1c0200]                                     devName[] deviceIdx[17] deviceType[16] refCount[0] isStreamActive[0] session_name[SecurePreview]
02-15 13:11:45.134  1811  3677 E snap_api::V6: adapter class instance doesn't exist/Already closed
02-15 13:11:45.136  1811  3681 E CamX    : [ERROR][CSL    ] camxcslhw.cpp:1501 CSLReleaseDeviceHW() [SUBDEV_DBG] hDevice[0xd20101] hAcquired[0xd20101] hSession[0x1c0200]                                     devName[] deviceIdx[29] deviceType[1] refCount[0] isStreamActive[0] session_name[SecurePreview]
02-15 13:11:45.145  1811  3681 E CamX    : [ERROR][SENSOR ] camxsensorcache.cpp:309 ReleaseOneSubDevice() [SUBDEV_DBG]CSLReleased CameraId= 4 hCSLSession= 0x1c0200 refCount= 0Subdevice: Sensor hDevice= 0xd20101 pipelineRefCount= 0
02-15 13:11:45.145  1811  3681 E CamX    : [ERROR][SENSOR ] camxsensorcache.cpp:336 ReleaseOneSubDevice() [SUBDEV_DBG]CameraId= 4, Closing hCSLSession= 0x70001c0200
02-15 13:11:45.161  1811  1844 E CamX    : [ERROR][SENSOR ] camxsensorcache.cpp:436 ReleaseAllCache() [SUBDEV_DBG]Camera[0] ReleaseAllCache:hCSLSession0[0x940200] hCSLSession1[0x0]refcount[0]<subdeviceSensor: isAcquired[0] deviceIndex[25] hDevice[0xeb0101]  pipelineRefCount[0]><subdeviceCSIPHY: isAcquired[0] deviceIndex[2] hDevice[0x970103]  pipelineRefCount[0]><subdeviceOIS: isAcquired[0] deviceIndex[22] hDevice[0xc60107]  pipelineRefCount[0]><subdeviceActuator: isAcquired[0] deviceIndex[7] hDevice[0xc80106]  pipelineRefCount[0]><subdeviceFlash: isAcquired[0] deviceIndex[14] hDevice[0x3d010c]  pipelineRefCount[0]><subdeviceTPG: isAcquired[0] deviceIndex[0] hDevice[0x0]  pipelineRefCount[0]>
02-15 13:11:45.161  1811  1844 E CamX    : [ERROR][SENSOR ] camxsensorcache.cpp:436 ReleaseAllCache() [SUBDEV_DBG]Camera[1] ReleaseAllCache:hCSLSession0[0x0] hCSLSession1[0x0]refcount[0]<subdeviceSensor: isAcquired[0] deviceIndex[0] hDevice[0x0]  pipelineRefCount[0]><subdeviceCSIPHY: isAcquired[0] deviceIndex[0] hDevice[0x0]  pipelineRefCount[0]><subdeviceOIS: isAcquired[0] deviceIndex[0] hDevice[0x0]  pipelineRefCount[0]><subdeviceActuator: isAcquired[0] deviceIndex[0] hDevice[0x0]  pipelineRefCount[0]><subdeviceFlash: isAcquired[0] deviceIndex[0] hDevice[0x0]  pipelineRefCount[0]><subdeviceTPG: isAcquired[0] deviceIndex[0] hDevice[0x0]  pipelineRefCount[0]>
02-15 13:11:45.161  1811  1844 E CamX    : [ERROR][SENSOR ] camxsensorcache.cpp:436 ReleaseAllCache() [SUBDEV_DBG]Camera[2] ReleaseAllCache:hCSLSession0[0x940200] hCSLSession1[0x0]refcount[0]<subdeviceSensor: isAcquired[0] deviceIndex[27] hDevice[0x8f0105]  pipelineRefCount[0]><subdeviceCSIPHY: isAcquired[0] deviceIndex[3] hDevice[0xb5010e]  pipelineRefCount[0]><subdeviceOIS: isAcquired[0] deviceIndex[0] hDevice[0x0]  pipelineRefCount[0]><subdeviceActuator: isAcquired[0] deviceIndex[0] hDevice[0x0]  pipelineRefCount[0]><subdeviceFlash: isAcquired[0] deviceIndex[15] hDevice[0x73010f]  pipelineRefCount[0]><subdeviceTPG: isAcquired[0] deviceIndex[0] hDevice[0x0]  pipelineRefCount[0]>
02-15 13:11:45.161  1811  1844 E CamX    : [ERROR][SENSOR ] camxsensorcache.cpp:436 ReleaseAllCache() [SUBDEV_DBG]Camera[3] ReleaseAllCache:hCSLSession0[0x940200] hCSLSession1[0x0]refcount[0]<subdeviceSensor: isAcquired[0] deviceIndex[28] hDevice[0xc20108]  pipelineRefCount[0]><subdeviceCSIPHY: isAcquired[0] deviceIndex[1] hDevice[0xd0110]  pipelineRefCount[0]><subdeviceOIS: isAcquired[0] deviceIndex[23] hDevice[0x2f0109]  pipelineRefCount[0]><subdeviceActuator: isAcquired[0] deviceIndex[20] hDevice[0x490111]  pipelineRefCount[0]><subdeviceFlash: isAcquired[0] deviceIndex[16] hDevice[0xec0112]  pipelineRefCount[0]><subdeviceTPG: isAcquired[0] deviceIndex[0] hDevice[0x0]  pipelineRefCount[0]>
02-15 13:11:45.161  1811  1844 E CamX    : [ERROR][SENSOR ] camxsensorcache.cpp:436 ReleaseAllCache() [SUBDEV_DBG]Camera[4] ReleaseAllCache:hCSLSession0[0x1c0200] hCSLSession1[0x0]refcount[0]<subdeviceSensor: isAcquired[0] deviceIndex[29] hDevice[0xd20101]  pipelineRefCount[0]><subdeviceCSIPHY: isAcquired[0] deviceIndex[5] hDevice[0xd10105]  pipelineRefCount[0]><subdeviceOIS: isAcquired[0] deviceIndex[0] hDevice[0x0]  pipelineRefCount[0]><subdeviceActuator: isAcquired[0] deviceIndex[21] hDevice[0x6e0106]  pipelineRefCount[0]><subdeviceFlash: isAcquired[0] deviceIndex[0] hDevice[0x0]  pipelineRefCount[0]><subdeviceTPG: isAcquired[0] deviceIndex[0] hDevice[0x0]  pipelineRefCount[0]>
02-15 13:11:45.161  1811  1844 E CamX    : [ERROR][SENSOR ] camxsensorcache.cpp:436 ReleaseAllCache() [SUBDEV_DBG]Camera[5] ReleaseAllCache:hCSLSession0[0x0] hCSLSession1[0x0]refcount[0]<subdeviceSensor: isAcquired[0] deviceIndex[0] hDevice[0x0]  pipelineRefCount[0]><subdeviceCSIPHY: isAcquired[0] deviceIndex[0] hDevice[0x0]  pipelineRefCount[0]><subdeviceOIS: isAcquired[0] deviceIndex[0] hDevice[0x0]  pipelineRefCount[0]><subdeviceActuator: isAcquired[0] deviceIndex[0] hDevice[0x0]  pipelineRefCount[0]><subdeviceFlash: isAcquired[0] deviceIndex[0] hDevice[0x0]  pipelineRefCount[0]><subdeviceTPG: isAcquired[0] deviceIndex[0] hDevice[0x0]  pipelineRefCount[0]>
02-15 13:11:45.161  1811  1844 E CamX    : [ERROR][SENSOR ] camxsensorcache.cpp:436 ReleaseAllCache() [SUBDEV_DBG]Camera[6] ReleaseAllCache:hCSLSession0[0x0] hCSLSession1[0x0]refcount[0]<subdeviceSensor: isAcquired[0] deviceIndex[0] hDevice[0x0]  pipelineRefCount[0]><subdeviceCSIPHY: isAcquired[0] deviceIndex[0] hDevice[0x0]  pipelineRefCount[0]><subdeviceOIS: isAcquired[0] deviceIndex[0] hDevice[0x0]  pipelineRefCount[0]><subdeviceActuator: isAcquired[0] deviceIndex[0] hDevice[0x0]  pipelineRefCount[0]><subdeviceFlash: isAcquired[0] deviceIndex[0] hDevice[0x0]  pipelineRefCount[0]><subdeviceTPG: isAcquired[0] deviceIndex[0] hDevice[0x0]  pipelineRefCount[0]>
02-15 13:11:45.161  1811  1844 E CamX    : [ERROR][SENSOR ] camxsensorcache.cpp:436 ReleaseAllCache() [SUBDEV_DBG]Camera[7] ReleaseAllCache:hCSLSession0[0x0] hCSLSession1[0x0]refcount[0]<subdeviceSensor: isAcquired[0] deviceIndex[0] hDevice[0x0]  pipelineRefCount[0]><subdeviceCSIPHY: isAcquired[0] deviceIndex[0] hDevice[0x0]  pipelineRefCount[0]><subdeviceOIS: isAcquired[0] deviceIndex[0] hDevice[0x0]  pipelineRefCount[0]><subdeviceActuator: isAcquired[0] deviceIndex[0] hDevice[0x0]  pipelineRefCount[0]><subdeviceFlash: isAcquired[0] deviceIndex[0] hDevice[0x0]  pipelineRefCount[0]><subdeviceTPG: isAcquired[0] deviceIndex[0] hDevice[0x0]  pipelineRefCount[0]>
02-15 13:11:45.161  1811  1844 E CamX    : [ERROR][SENSOR ] camxsensorcache.cpp:436 ReleaseAllCache() [SUBDEV_DBG]Camera[8] ReleaseAllCache:hCSLSession0[0x0] hCSLSession1[0x0]refcount[0]<subdeviceSensor: isAcquired[0] deviceIndex[0] hDevice[0x0]  pipelineRefCount[0]><subdeviceCSIPHY: isAcquired[0] deviceIndex[0] hDevice[0x0]  pipelineRefCount[0]><subdeviceOIS: isAcquired[0] deviceIndex[0] hDevice[0x0]  pipelineRefCount[0]><subdeviceActuator: isAcquired[0] deviceIndex[0] hDevice[0x0]  pipelineRefCount[0]><subdeviceFlash: isAcquired[0] deviceIndex[0] hDevice[0x0]  pipelineRefCount[0]><subdeviceTPG: isAcquired[0] deviceIndex[0] hDevice[0x0]  pipelineRefCount[0]>
02-15 13:11:45.161  1811  1844 E CamX    : [ERROR][SENSOR ] camxsensorcache.cpp:436 ReleaseAllCache() [SUBDEV_DBG]Camera[9] ReleaseAllCache:hCSLSession0[0x0] hCSLSession1[0x0]refcount[0]<subdeviceSensor: isAcquired[0] deviceIndex[0] hDevice[0x0]  pipelineRefCount[0]><subdeviceCSIPHY: isAcquired[0] deviceIndex[0] hDevice[0x0]  pipelineRefCount[0]><subdeviceOIS: isAcquired[0] deviceIndex[0] hDevice[0x0]  pipelineRefCount[0]><subdeviceActuator: isAcquired[0] deviceIndex[0] hDevice[0x0]  pipelineRefCount[0]><subdeviceFlash: isAcquired[0] deviceIndex[0] hDevice[0x0]  pipelineRefCount[0]><subdeviceTPG: isAcquired[0] deviceIndex[0] hDevice[0x0]  pipelineRefCount[0]>
02-15 13:11:45.161  1811  1844 E CamX    : [ERROR][SENSOR ] camxsensorcache.cpp:436 ReleaseAllCache() [SUBDEV_DBG]Camera[10] ReleaseAllCache:hCSLSession0[0x0] hCSLSession1[0x0]refcount[0]<subdeviceSensor: isAcquired[0] deviceIndex[0] hDevice[0x0]  pipelineRefCount[0]><subdeviceCSIPHY: isAcquired[0] deviceIndex[0] hDevice[0x0]  pipelineRefCount[0]><subdeviceOIS: isAcquired[0] deviceIndex[0] hDevice[0x0]  pipelineRefCount[0]><subdeviceActuator: isAcquired[0] deviceIndex[0] hDevice[0x0]  pipelineRefCount[0]><subdeviceFlash: isAcquired[0] deviceIndex[0] hDevice[0x0]  pipelineRefCount[0]><subdeviceTPG: isAcquired[0] deviceIndex[0] hDevice[0x0]  pipelineRefCount[0]>
02-15 13:11:45.161  1811  1844 E CamX    : [ERROR][SENSOR ] camxsensorcache.cpp:436 ReleaseAllCache() [SUBDEV_DBG]Camera[11] ReleaseAllCache:hCSLSession0[0x0] hCSLSession1[0x0]refcount[0]<subdeviceSensor: isAcquired[0] deviceIndex[0] hDevice[0x0]  pipelineRefCount[0]><subdeviceCSIPHY: isAcquired[0] deviceIndex[0] hDevice[0x0]  pipelineRefCount[0]><subdeviceOIS: isAcquired[0] deviceIndex[0] hDevice[0x0]  pipelineRefCount[0]><subdeviceActuator: isAcquired[0] deviceIndex[0] hDevice[0x0]  pipelineRefCount[0]><subdeviceFlash: isAcquired[0] deviceIndex[0] hDevice[0x0]  pipelineRefCount[0]><subdeviceTPG: isAcquired[0] deviceIndex[0] hDevice[0x0]  pipelineRefCount[0]>
02-15 13:11:45.161  1811  1844 E CamX    : [ERROR][SENSOR ] camxsensorcache.cpp:436 ReleaseAllCache() [SUBDEV_DBG]Camera[12] ReleaseAllCache:hCSLSession0[0x0] hCSLSession1[0x0]refcount[0]<subdeviceSensor: isAcquired[0] deviceIndex[0] hDevice[0x0]  pipelineRefCount[0]><subdeviceCSIPHY: isAcquired[0] deviceIndex[0] hDevice[0x0]  pipelineRefCount[0]><subdeviceOIS: isAcquired[0] deviceIndex[0] hDevice[0x0]  pipelineRefCount[0]><subdeviceActuator: isAcquired[0] deviceIndex[0] hDevice[0x0]  pipelineRefCount[0]><subdeviceFlash: isAcquired[0] deviceIndex[0] hDevice[0x0]  pipelineRefCount[0]><subdeviceTPG: isAcquired[0] deviceIndex[0] hDevice[0x0]  pipelineRefCount[0]>
02-15 13:11:45.161  1811  1844 E CamX    : [ERROR][SENSOR ] camxsensorcache.cpp:436 ReleaseAllCache() [SUBDEV_DBG]Camera[13] ReleaseAllCache:hCSLSession0[0x0] hCSLSession1[0x0]refcount[0]<subdeviceSensor: isAcquired[0] deviceIndex[0] hDevice[0x0]  pipelineRefCount[0]><subdeviceCSIPHY: isAcquired[0] deviceIndex[0] hDevice[0x0]  pipelineRefCount[0]><subdeviceOIS: isAcquired[0] deviceIndex[0] hDevice[0x0]  pipelineRefCount[0]><subdeviceActuator: isAcquired[0] deviceIndex[0] hDevice[0x0]  pipelineRefCount[0]><subdeviceFlash: isAcquired[0] deviceIndex[0] hDevice[0x0]  pipelineRefCount[0]><subdeviceTPG: isAcquired[0] deviceIndex[0] hDevice[0x0]  pipelineRefCount[0]>
02-15 13:11:45.161  1811  1844 E CamX    : [ERROR][SENSOR ] camxsensorcache.cpp:436 ReleaseAllCache() [SUBDEV_DBG]Camera[14] ReleaseAllCache:hCSLSession0[0x0] hCSLSession1[0x0]refcount[0]<subdeviceSensor: isAcquired[0] deviceIndex[0] hDevice[0x0]  pipelineRefCount[0]><subdeviceCSIPHY: isAcquired[0] deviceIndex[0] hDevice[0x0]  pipelineRefCount[0]><subdeviceOIS: isAcquired[0] deviceIndex[0] hDevice[0x0]  pipelineRefCount[0]><subdeviceActuator: isAcquired[0] deviceIndex[0] hDevice[0x0]  pipelineRefCount[0]><subdeviceFlash: isAcquired[0] deviceIndex[0] hDevice[0x0]  pipelineRefCount[0]><subdeviceTPG: isAcquired[0] deviceIndex[0] hDevice[0x0]  pipelineRefCount[0]>
02-15 13:11:45.161  1811  1844 E CamX    : [ERROR][SENSOR ] camxsensorcache.cpp:436 ReleaseAllCache() [SUBDEV_DBG]Camera[15] ReleaseAllCache:hCSLSession0[0x0] hCSLSession1[0x0]refcount[0]<subdeviceSensor: isAcquired[0] deviceIndex[0] hDevice[0x0]  pipelineRefCount[0]><subdeviceCSIPHY: isAcquired[0] deviceIndex[0] hDevice[0x0]  pipelineRefCount[0]><subdeviceOIS: isAcquired[0] deviceIndex[0] hDevice[0x0]  pipelineRefCount[0]><subdeviceActuator: isAcquired[0] deviceIndex[0] hDevice[0x0]  pipelineRefCount[0]><subdeviceFlash: isAcquired[0] deviceIndex[0] hDevice[0x0]  pipelineRefCount[0]><subdeviceTPG: isAcquired[0] deviceIndex[0] hDevice[0x0]  pipelineRefCount[0]>
02-15 13:11:45.161  1811  1844 E CamX    : [ERROR][SENSOR ] camxsensorcache.cpp:450 ReleaseAllCache() [SUBDEV_DBG]Sensor[4]SubDev[0]PipelineRefCount[0]hDevice[13762817]isAcquired[0]
02-15 13:11:45.161  1811  1844 E CamX    : [ERROR][SENSOR ] camxsensorcache.cpp:450 ReleaseAllCache() [SUBDEV_DBG]Sensor[4]SubDev[1]PipelineRefCount[0]hDevice[13697285]isAcquired[0]
02-15 13:11:45.161  1811  1844 E CamX    : [ERROR][SENSOR ] camxsensorcache.cpp:450 ReleaseAllCache() [SUBDEV_DBG]Sensor[4]SubDev[2]PipelineRefCount[0]hDevice[0]isAcquired[0]
02-15 13:11:45.161  1811  1844 E CamX    : [ERROR][SENSOR ] camxsensorcache.cpp:450 ReleaseAllCache() [SUBDEV_DBG]Sensor[4]SubDev[3]PipelineRefCount[0]hDevice[7209222]isAcquired[0]
02-15 13:11:45.161  1811  1844 E CamX    : [ERROR][SENSOR ] camxsensorcache.cpp:450 ReleaseAllCache() [SUBDEV_DBG]Sensor[4]SubDev[4]PipelineRefCount[0]hDevice[0]isAcquired[0]
02-15 13:11:45.161  1811  1844 E CamX    : [ERROR][SENSOR ] camxsensorcache.cpp:450 ReleaseAllCache() [SUBDEV_DBG]Sensor[4]SubDev[5]PipelineRefCount[0]hDevice[0]isAcquired[0]
02-15 13:11:45.170  1757  1894 E HYPER-HAL: [HandlerUClamp.cpp]set_uclamp_max(): sched_setattr failed for thread 12052, err = -1
02-15 13:11:45.227  1855  1896 E HeatmapThread: ECT Thread time in milliseconds: 1771175505
02-15 13:11:45.229  1855  1896 E HeatmapThread: !@ CAM New BSOH: 100
02-15 13:11:45.232  1874  1874 E SurfaceFlinger: alpha changed 1.000 -> 0.000 - Surface(name=Task=4126)/@0x410e7dc_transition-leash#32541
02-15 13:11:45.232  1874  1874 E SurfaceFlinger: alpha changed 0.000 -> 1.000 - Surface(name=Task=4126)/@0x410e7dc_transition-leash#32541
02-15 13:11:45.232  1874  1874 E SurfaceFlinger: alpha changed 1.000 -> 0.000 - Bouncer$_3938#32535
02-15 13:11:45.238  3938  3938 E NowBarCardViewModel: updateExpandedClickPanelVisibility screen on = true expanded false isTopCardSettingViewOpened = false
02-15 13:11:45.239  2832  3557 E MotionRecognitionService: Receiver: ACTION_USER_PRESENT - UNLOCK SCREEN
02-15 13:11:45.247  3938 18518 E engmode_client_list: Cannot find client
02-15 13:11:45.247  3938 18518 E engmode_client_aidl: Client error
02-15 13:11:45.251  3938  3938 E SystemUIImageView: white-bg res invalid = 0
02-15 13:11:45.252  3938  3938 E NowBarCardViewModel: updateExpandedClickPanelVisibility screen on = true expanded false isTopCardSettingViewOpened = false
02-15 13:11:45.253  3938  3938 E NowBarCardViewModel: updateExpandedClickPanelVisibility screen on = true expanded false isTopCardSettingViewOpened = false
02-15 13:11:45.254  3938  3938 E NowBarCardViewModel: updateExpandedClickPanelVisibility screen on = true expanded false isTopCardSettingViewOpened = false
02-15 13:11:45.255  4925  6188 E ScanManager: [GSIM LOG]: gsimLogHandler, msg: MESSAGE_SCAN_START, appName: com.google.android.gms, scannerId: 3, reportDelayMillis=0
02-15 13:11:45.256 13564  5927 E perf_hint: Session ID too large, must fit 32-bit integer
02-15 13:11:45.257  1566  1566 E engmode_world: Unknown token(00/00/00)
02-15 13:11:45.258  1193  1193 E engmode_aidl_service: error to server(0xd0060012)
02-15 13:11:45.265  3938  3938 E NowBarCardViewModel: updateExpandedClickPanelVisibility screen on = true expanded false isTopCardSettingViewOpened = false
02-15 13:11:45.265  3938  3938 E NowBarCardViewModel: updateExpandedClickPanelVisibility screen on = true expanded false isTopCardSettingViewOpened = false
02-15 13:11:45.266  3938  3938 E NowBarCardViewModel: updateExpandedClickPanelVisibility screen on = true expanded false isTopCardSettingViewOpened = false
02-15 13:11:45.266  3938  3938 E NowBarCardViewModel: updateExpandedClickPanelVisibility screen on = true expanded false isTopCardSettingViewOpened = false
02-15 13:11:45.278  2832  2886 E WindowManager: win=Window{7a0e1e7 u0 Bouncer} destroySurfaces: appStopped=true cleanupOnResume=false win.mWindowRemovalAllowed=false win.mRemoveOnExit=false win.mViewVisibility=4 caller=com.android.server.wm.WindowManagerService.tryStartExitingAnimation:134 com.android.server.wm.WindowManagerService.relayoutWindow:1138 com.android.server.wm.Session.relayout:27 android.view.IWindowSession$Stub.onTransact:829 com.android.server.wm.Session.onTransact:1 android.os.Binder.execTransactInternal:1462 android.os.Binder.execTransact:1401 
02-15 13:11:45.280  1186  1186 E keystore2: system/security/keystore2/src/error.rs:183 - system/security/keystore2/src/security_level.rs:343
02-15 13:11:45.280  1186  1186 E keystore2: 
02-15 13:11:45.280  1186  1186 E keystore2: Caused by:
02-15 13:11:45.280  1186  1186 E keystore2:     0: system/security/keystore2/src/enforcements.rs:609: matching auth token (challenge=0, userId=-1270989118210416819, authId=8600037133634523247, authType=0x2, timestamp=188488762ms) rcved=BootTime(188482815) for sids [8600037133634523247] type Some(r#FINGERPRINT) is expired (5799s old > timeout=5s)
02-15 13:11:45.280  1186  1186 E keystore2:     1: Error::Km(r#KEY_USER_NOT_AUTHENTICATED)
02-15 13:11:45.282 29948 18479 E SamsungAccount: [FamilyGroupUtil] getCountryCodeListWithRegionMcc - no country code with region mcc
02-15 13:11:45.311  4508  7389 E perf_hint: Session ID too large, must fit 32-bit integer
02-15 13:11:45.488  2832  7440 E WindowManager: win=Window{7035b76 u0 NotificationShade} destroySurfaces: appStopped=true cleanupOnResume=false win.mWindowRemovalAllowed=false win.mRemoveOnExit=false win.mViewVisibility=4 caller=com.android.server.wm.WindowManagerService.tryStartExitingAnimation:134 com.android.server.wm.WindowManagerService.relayoutWindow:1138 com.android.server.wm.Session.relayout:27 android.view.IWindowSession$Stub.onTransact:829 com.android.server.wm.Session.onTransact:1 android.os.Binder.execTransactInternal:1462 android.os.Binder.execTransact:1401 
02-15 13:11:45.515  2832  2913 E WindowManager: win=Window{42bdd31 u0 SnapshotStartingWindow for taskId=4126 EXITING} destroySurfaces: appStopped=false cleanupOnResume=false win.mWindowRemovalAllowed=true win.mRemoveOnExit=true win.mViewVisibility=0 caller=com.android.server.wm.WindowState.onExitAnimationDone:224 com.android.server.wm.WindowState.onAnimationFinished:161 com.android.server.wm.WindowContainer$$ExternalSyntheticLambda8.onAnimationFinished:3 com.android.server.wm.SurfaceAnimator$$ExternalSyntheticLambda0.onAnimationFinished:69 com.android.server.wm.LocalAnimationAdapter$$ExternalSyntheticLambda0.run:10 android.os.Handler.handleCallback:995 android.os.Handler.dispatchMessage:103 
02-15 13:11:45.523  1874  1874 E SurfaceFlinger: alpha changed 0.053 -> 0.000 - Surface(name=42bdd31 SnapshotStartingWindow for taskId=4126)/@0x6e20609 - animation-leash of window_animation#32548
02-15 13:11:46.116  1772  2380 E SDM     : ScalarConfig::GetAIScaleSettingsInfo: AI Scaler Config for display 68 is not present
02-15 13:11:46.182  5009  5009 E pageboostd: Received HALT command code 2
02-15 13:11:46.206  5009  5009 E pageboostd: Received HALT command code 2
02-15 13:11:46.208  3938  4156 E perf_hint: Session ID too large, must fit 32-bit integer
02-15 13:11:46.221 11334 11460 E perf_hint: Session ID too large, must fit 32-bit integer
02-15 13:11:46.227  1855  1896 E HeatmapThread: ECT Thread time in milliseconds: 1771175506
02-15 13:11:46.228  1855  1896 E HeatmapThread: !@ CAM New BSOH: 100
02-15 13:11:46.242  2832  5680 E SemWifiService: getCurrentNetworkScore - invalid score data
02-15 13:11:46.242  2832  5680 E WifiProfileShare.Caster: failed to generate qos array, need to check network score data
02-15 13:11:46.265  1874  1874 E SurfaceFlinger: alpha changed 1.000 -> 0.000 - Task=4127#32551
02-15 13:11:46.265  1874  1874 E SurfaceFlinger: alpha changed 1.000 -> 0.000 - DimTransitionLayer for Surface(name=Task=4127)/@0x94988ec#32563
02-15 13:11:46.265  1874  1874 E SurfaceFlinger: alpha changed 0.000 -> 1.000 - Task=4127#32551
02-15 13:11:46.265  1874  1874 E SurfaceFlinger: alpha changed 0.000 -> 0.000 - DimTransitionLayer for Surface(name=Task=4127)/@0x94988ec#32563
02-15 13:11:46.268  1874  4869 E NativeCustomFrequencyManager: [NativeCFMS] BpCustomFrequencyManager::acquire()
02-15 13:11:46.277 11334 11460 E perf_hint: Session ID too large, must fit 32-bit integer
02-15 13:11:46.281  1874  1874 E SurfaceFlinger: alpha changed 0.000 -> 0.010 - DimTransitionLayer for Surface(name=Task=4127)/@0x94988ec#32563
02-15 13:11:46.285  5009  5009 E pageboostd: Received HALT command code 2
02-15 13:11:46.298  2832  3598 E NotificationService: isPkgBlocked = true
02-15 13:11:46.298  2832  3598 E NotificationService: isRecordBlocked = false
02-15 13:11:46.298  2832  3598 E NotificationService: Suppressing notification from package host.exp.exponent by user request.
02-15 13:11:46.302 11334 11334 E o       : java.lang.NoSuchFieldException: No field numActivities in class Landroid/app/ActivityManager$RecentTaskInfo; (declaration of 'android.app.ActivityManager$RecentTaskInfo' appears in /system/framework/framework.jar)
02-15 13:11:46.320 11334 11450 E perf_hint: Session ID too large, must fit 32-bit integer
02-15 13:11:46.323  1738  1738 E sensors-hal: flush:384, invalid flush request, active=0, oneshot=0
02-15 13:11:46.324  1701  1794 E minksocket: MinkIPC ERROR: ( 1701:1794 ) MinkIPC_preProcess:272 Client down, but cannot find corresponding minksession
02-15 13:11:46.324  1701  1794 E minksocket: MinkIPC ERROR: ( 1701:1794 ) MinkIPC_preProcess:272 Client down, but cannot find corresponding minksession
02-15 13:11:46.324  1701  1794 E minksocket: MinkIPC ERROR: ( 1701:1794 ) MinkIPC_preProcess:272 Client down, but cannot find corresponding minksession
02-15 13:11:46.324  1701  1804 E minksocket: MinkIPC ERROR: ( 1701:1804 ) MinkIPC_preProcess:272 Client down, but cannot find corresponding minksession
02-15 13:11:46.324  1701  1804 E minksocket: MinkIPC ERROR: ( 1701:1804 ) MinkIPC_preProcess:272 Client down, but cannot find corresponding minksession
02-15 13:11:46.324  1701  1804 E minksocket: MinkIPC ERROR: ( 1701:1804 ) MinkIPC_preProcess:272 Client down, but cannot find corresponding minksession
02-15 13:11:46.324  1701  1804 E minksocket: MinkIPC ERROR: ( 1701:1804 ) MinkIPC_preProcess:272 Client down, but cannot find corresponding minksession
02-15 13:11:46.325  1701  1794 E minksocket: MinkIPC ERROR: ( 1701:1794 ) MinkIPC_preProcess:272 Client down, but cannot find corresponding minksession
02-15 13:11:46.327 29948 18479 E SamsungAccount: [FamilyGroupUtil] getCountryCodeListWithRegionMcc - no country code with region mcc
02-15 13:11:46.332  1874  1874 E SurfaceFlinger: alpha changed 1.000 -> 0.000 - Surface(name=7b9cbc8 InputMethod)/@0x836fb86 - animation-leash of insets_animation#32572
02-15 13:11:46.338 11334 11334 E g       : java.lang.RuntimeException: A TaskDescription's primary color should be opaque
02-15 13:11:46.338 11334 11334 E g       : java.lang.RuntimeException: A TaskDescription's primary color should be opaque
02-15 13:11:46.347  4925  6188 E ScanManager: [GSIM LOG]: gsimLogHandler, msg: MESSAGE_SCAN_START, appName: com.samsung.android.mcfserver, scannerId: 4, reportDelayMillis=0
02-15 13:11:46.359 11334 11460 E perf_hint: Session ID too large, must fit 32-bit integer
02-15 13:11:46.735  2832  7310 E WindowManager: win=Window{d8b9f2c u0 host.exp.exponent/host.exp.exponent.experience.HomeActivity} destroySurfaces: appStopped=true cleanupOnResume=false win.mWindowRemovalAllowed=false win.mRemoveOnExit=false win.mViewVisibility=8 caller=com.android.server.wm.ActivityRecord.destroySurfaces:25 com.android.server.wm.ActivityRecord.activityStopped:192 com.android.server.wm.ActivityClientController.activityStopped:97 android.app.IActivityClientController$Stub.onTransact:740 com.android.server.wm.ActivityClientController.onTransact:1 android.os.Binder.execTransactInternal:1462 android.os.Binder.execTransact:1401 
02-15 13:11:47.227  1855  1896 E HeatmapThread: ECT Thread time in milliseconds: 1771175507
02-15 13:11:47.228  1855  1896 E HeatmapThread: !@ CAM New BSOH: 100
02-15 13:11:47.240  1772  2380 E SDM     : ScalarConfig::GetAIScaleSettingsInfo: AI Scaler Config for display 68 is not present
02-15 13:11:47.341  1772  2380 E SDM     : ScalarConfig::GetAIScaleSettingsInfo: AI Scaler Config for display 68 is not present
02-15 13:11:47.507  1772  2380 E SDM     : ScalarConfig::GetAIScaleSettingsInfo: AI Scaler Config for display 68 is not present
02-15 13:11:47.605  2832  3585 E WifiStaIfaceAidlImpl: getCachedScanData failed with service-specific exception: android.os.ServiceSpecificException:  (code 4)
02-15 13:11:47.617  2832  3783 E SemWifiLinkQualityMonitor: Too old or invalid TMI: currentTime=1771175507617 lastDateWindow=1771118498000
02-15 13:11:48.227  1855  1896 E HeatmapThread: ECT Thread time in milliseconds: 1771175508
02-15 13:11:48.230  1855  1896 E HeatmapThread: !@ CAM New BSOH: 100
02-15 13:11:48.259  1772  2380 E SDM     : ScalarConfig::GetAIScaleSettingsInfo: AI Scaler Config for display 68 is not present
02-15 13:11:48.366  1772  2380 E SDM     : ScalarConfig::GetAIScaleSettingsInfo: AI Scaler Config for display 68 is not present
02-15 13:11:49.068 17301 17316 E perf_hint: Session ID too large, must fit 32-bit integer
02-15 13:11:49.101  1772  2380 E SDM     : ScalarConfig::GetAIScaleSettingsInfo: AI Scaler Config for display 68 is not present
02-15 13:11:49.227  1855  1896 E HeatmapThread: ECT Thread time in milliseconds: 1771175509
02-15 13:11:49.230  1855  1896 E HeatmapThread: !@ CAM New BSOH: 100
02-15 13:11:50.201  2832  7095 E TaskPersister: File error accessing recents directory (directory doesn't exist?).
02-15 13:11:50.227  1855  1896 E HeatmapThread: ECT Thread time in milliseconds: 1771175510
02-15 13:11:50.230  1855  1896 E HeatmapThread: !@ CAM New BSOH: 100
02-15 13:11:50.627  2832  3585 E WifiStaIfaceAidlImpl: getCachedScanData failed with service-specific exception: android.os.ServiceSpecificException:  (code 4)
02-15 13:11:50.630  2832  3783 E SemWifiLinkQualityMonitor: Too old or invalid TMI: currentTime=1771175510630 lastDateWindow=1771118498000
02-15 13:11:51.228  1855  1896 E HeatmapThread: ECT Thread time in milliseconds: 1771175511
02-15 13:11:51.232  1855  1896 E HeatmapThread: !@ CAM New BSOH: 100
02-15 13:11:51.264  4925  6188 E ScanManager: [GSIM LOG]: gsimLogHandler, msg: MESSAGE_SCAN_STOP, appName: com.google.android.gms, scannerId: 3, reportDelayMillis=0
02-15 13:11:51.264  4925  6165 E ScannerMap: Context not found for ID 3
02-15 13:11:51.264  4925  6165 E ScanController: app Null scannerId = 3
02-15 13:11:51.264  4925  6165 E ScanController: Scan app or callback is null for scannerId = 3
02-15 13:11:51.268  4925  6188 E ScanManager: [GSIM LOG]: gsimLogHandler, msg: MESSAGE_SCAN_START, appName: com.google.android.gms, scannerId: 3, reportDelayMillis=0
02-15 13:11:52.228  1855  1896 E HeatmapThread: ECT Thread time in milliseconds: 1771175512
02-15 13:11:52.232  1855  1896 E HeatmapThread: !@ CAM New BSOH: 100
02-15 13:11:52.302  1772  2380 E SDM     : ScalarConfig::GetAIScaleSettingsInfo: AI Scaler Config for display 68 is not present
02-15 13:11:52.482  1772  2380 E SDM     : ScalarConfig::GetAIScaleSettingsInfo: AI Scaler Config for display 68 is not present
02-15 13:11:52.599  1772  2380 E SDM     : ScalarConfig::GetAIScaleSettingsInfo: AI Scaler Config for display 68 is not present
02-15 13:11:52.833  1772  2380 E SDM     : ScalarConfig::GetAIScaleSettingsInfo: AI Scaler Config for display 68 is not present
02-15 13:11:52.966  1772  2380 E SDM     : ScalarConfig::GetAIScaleSettingsInfo: AI Scaler Config for display 68 is not present
02-15 13:11:53.166  1772  2380 E SDM     : ScalarConfig::GetAIScaleSettingsInfo: AI Scaler Config for display 68 is not present
02-15 13:11:53.228  1855  1896 E HeatmapThread: ECT Thread time in milliseconds: 1771175513
02-15 13:11:53.231  1855  1896 E HeatmapThread: !@ CAM New BSOH: 100
02-15 13:11:53.300  1772  2380 E SDM     : ScalarConfig::GetAIScaleSettingsInfo: AI Scaler Config for display 68 is not present
02-15 13:11:53.517  1772  2380 E SDM     : ScalarConfig::GetAIScaleSettingsInfo: AI Scaler Config for display 68 is not present
02-15 13:11:53.632  1772  2380 E SDM     : ScalarConfig::GetAIScaleSettingsInfo: AI Scaler Config for display 68 is not present
02-15 13:11:53.637  2832  3585 E WifiStaIfaceAidlImpl: getCachedScanData failed with service-specific exception: android.os.ServiceSpecificException:  (code 4)
02-15 13:11:53.639  2832  3783 E SemWifiLinkQualityMonitor: Too old or invalid TMI: currentTime=1771175513639 lastDateWindow=1771118498000
02-15 13:11:53.732  1772  2380 E SDM     : ScalarConfig::GetAIScaleSettingsInfo: AI Scaler Config for display 68 is not present
02-15 13:11:54.117  1772  2380 E SDM     : ScalarConfig::GetAIScaleSettingsInfo: AI Scaler Config for display 68 is not present
02-15 13:11:54.228  1855  1896 E HeatmapThread: ECT Thread time in milliseconds: 1771175514
02-15 13:11:54.231  1855  1896 E HeatmapThread: !@ CAM New BSOH: 100
02-15 13:11:54.253  2832  5680 E SemWifiService: getCurrentNetworkScore - invalid score data
02-15 13:11:54.253  2832  5680 E WifiProfileShare.Caster: failed to generate qos array, need to check network score data
02-15 13:11:54.298  1772  2380 E SDM     : ScalarConfig::GetAIScaleSettingsInfo: AI Scaler Config for display 68 is not present
02-15 13:11:54.492  1842 27722 E ConversionHelperAidl: Function: parseAndSetVendorParameters Line: 94 Failed 
02-15 13:11:54.492  1842 27722 E ConversionHelperAidl: Function: parseAndSetVendorParameters Line: 94 Failed 
02-15 13:11:54.494  1842 27722 E ConversionHelperAidl: Function: parseAndSetVendorParameters Line: 94 Failed 
02-15 13:11:54.494  1842 27722 E ConversionHelperAidl: Function: parseAndSetVendorParameters Line: 94 Failed 
02-15 13:11:54.532  1772  2380 E SDM     : ScalarConfig::GetAIScaleSettingsInfo: AI Scaler Config for display 68 is not present
02-15 13:11:55.227  1855  1896 E HeatmapThread: ECT Thread time in milliseconds: 1771175515
02-15 13:11:55.230  1855  1896 E HeatmapThread: !@ CAM New BSOH: 100
02-15 13:11:55.500  1772  2380 E SDM     : ScalarConfig::GetAIScaleSettingsInfo: AI Scaler Config for display 68 is not present
02-15 13:11:55.957  1772  2380 E SDM     : ScalarConfig::GetAIScaleSettingsInfo: AI Scaler Config for display 68 is not present
02-15 13:11:56.120  2832  3585 E WifiStaIfaceAidlImpl: getCachedScanData failed with service-specific exception: android.os.ServiceSpecificException:  (code 4)
02-15 13:11:56.228  1855  1896 E HeatmapThread: ECT Thread time in milliseconds: 1771175516
02-15 13:11:56.231  1855  1896 E HeatmapThread: !@ CAM New BSOH: 100
02-15 13:11:56.645  2832  3585 E WifiStaIfaceAidlImpl: getCachedScanData failed with service-specific exception: android.os.ServiceSpecificException:  (code 4)
02-15 13:11:56.649  2832  3783 E SemWifiLinkQualityMonitor: Too old or invalid TMI: currentTime=1771175516649 lastDateWindow=1771118498000
02-15 13:11:56.833  1772  2380 E SDM     : ScalarConfig::GetAIScaleSettingsInfo: AI Scaler Config for display 68 is not present
02-15 13:11:57.207  1772  2380 E SDM     : ScalarConfig::GetAIScaleSettingsInfo: AI Scaler Config for display 68 is not present
02-15 13:11:57.228  1855  1896 E HeatmapThread: ECT Thread time in milliseconds: 1771175517
02-15 13:11:57.231  1855  1896 E HeatmapThread: !@ CAM New BSOH: 100
02-15 13:11:58.207  1772  2380 E SDM     : ScalarConfig::GetAIScaleSettingsInfo: AI Scaler Config for display 68 is not present
02-15 13:11:58.227  1855  1896 E HeatmapThread: ECT Thread time in milliseconds: 1771175518
02-15 13:11:58.231  1855  1896 E HeatmapThread: !@ CAM New BSOH: 100
02-15 13:11:58.832  1772  2380 E SDM     : ScalarConfig::GetAIScaleSettingsInfo: AI Scaler Config for display 68 is not present
02-15 13:11:59.210  1772  2380 E SDM     : ScalarConfig::GetAIScaleSettingsInfo: AI Scaler Config for display 68 is not present
02-15 13:11:59.227  1855  1896 E HeatmapThread: ECT Thread time in milliseconds: 1771175519
02-15 13:11:59.230  1855  1896 E HeatmapThread: !@ CAM New BSOH: 100
02-15 13:11:59.660  2832  3585 E WifiStaIfaceAidlImpl: getCachedScanData failed with service-specific exception: android.os.ServiceSpecificException:  (code 4)
02-15 13:11:59.664  2832  3783 E SemWifiLinkQualityMonitor: Too old or invalid TMI: currentTime=1771175519664 lastDateWindow=1771118498000
02-15 13:12:00.008  3938  4156 E perf_hint: Session ID too large, must fit 32-bit integer
02-15 13:12:00.030  1772  2380 E SDM     : ScalarConfig::GetAIScaleSettingsInfo: AI Scaler Config for display 68 is not present
02-15 13:12:00.228  1855  1896 E HeatmapThread: ECT Thread time in milliseconds: 1771175520
02-15 13:12:00.231  1855  1896 E HeatmapThread: !@ CAM New BSOH: 100
02-15 13:12:01.228  1855  1896 E HeatmapThread: ECT Thread time in milliseconds: 1771175521
02-15 13:12:01.231  1855  1896 E HeatmapThread: !@ CAM New BSOH: 100
02-15 13:12:02.227  1855  1896 E HeatmapThread: ECT Thread time in milliseconds: 1771175522
02-15 13:12:02.232  1855  1896 E HeatmapThread: !@ CAM New BSOH: 100
02-15 13:12:02.314  1772  2380 E SDM     : ScalarConfig::GetAIScaleSettingsInfo: AI Scaler Config for display 68 is not present
02-15 13:12:02.675  2832  3585 E WifiStaIfaceAidlImpl: getCachedScanData failed with service-specific exception: android.os.ServiceSpecificException:  (code 4)
02-15 13:12:02.679  2832  3783 E SemWifiLinkQualityMonitor: Too old or invalid TMI: currentTime=1771175522679 lastDateWindow=1771118498000
02-15 13:12:03.228  1855  1896 E HeatmapThread: ECT Thread time in milliseconds: 1771175523
02-15 13:12:03.231  1855  1896 E HeatmapThread: !@ CAM New BSOH: 100
02-15 13:12:03.840  1772  2380 E SDM     : ScalarConfig::GetAIScaleSettingsInfo: AI Scaler Config for display 68 is not present
02-15 13:12:04.228  1855  1896 E HeatmapThread: ECT Thread time in milliseconds: 1771175524
02-15 13:12:04.232  1855  1896 E HeatmapThread: !@ CAM New BSOH: 100
02-15 13:12:04.262  1772  2380 E SDM     : ScalarConfig::GetAIScaleSettingsInfo: AI Scaler Config for display 68 is not present
02-15 13:12:04.500  1742  2809 E PAL: CustomVAInterface: GetParameter: 297: Unsupported param id 18
02-15 13:12:04.516 16911 16911 E BWU@DspControlUtil: Ph_OnRecognitionEvent 10 [main] 
02-15 13:12:04.532  1842 10432 E ConversionHelperAidl: Function: parseAndSetVendorParameters Line: 94 Failed 
02-15 13:12:04.532  1842 10432 E ConversionHelperAidl: Function: parseAndSetVendorParameters Line: 94 Failed 
02-15 13:12:04.533  1842 10432 E ConversionHelperAidl: Function: parseAndSetVendorParameters Line: 94 Failed 
02-15 13:12:04.533  1842 10432 E ConversionHelperAidl: Function: parseAndSetVendorParameters Line: 94 Failed 
02-15 13:12:04.538  1842 10432 E ConversionHelperAidl: Function: parseAndSetVendorParameters Line: 94 Failed 
02-15 13:12:04.539  1842 10432 E ConversionHelperAidl: Function: parseAndSetVendorParameters Line: 94 Failed 
02-15 13:12:04.565  1742  6768 E AHAL_StreamIn_QTI: updateMetadataCommon: stream was closed
02-15 13:12:04.573  1842 10432 E AudioEffectStageHandle: command DEAD_OBJECT
02-15 13:12:04.580 16911 17024 E DspControlService: Ph_[onStateChanged, Recording] [VF-ATP-3] 
02-15 13:12:04.585  1742  6768 E AHAL_StreamIn_QTI: updateMetadataCommon : usecase: HOTWORD_RECORD IoHandle:2638: stream was closed
02-15 13:12:04.585  2832  3225 E SensorService: [EARPROXIMITY] Update the first event 
02-15 13:12:04.586  1742  6768 E AHAL_StreamIn_QTI: updateMetadataCommon : usecase: HOTWORD_RECORD IoHandle:2638: stream was closed
02-15 13:12:04.587  1842  2854 E ConversionHelperAidl: Function: parseAndSetVendorParameters Line: 94 Failed 
02-15 13:12:04.587  1842  2854 E ConversionHelperAidl: Function: parseAndSetVendorParameters Line: 94 Failed 
02-15 13:12:04.599 16911 12525 E MdwUtils: Ph_createConfig :: no loginID [ForkJoinPool.commonPool-worker-81] 
02-15 13:12:04.609 16911 12546 E MDW@Android: (WearMgr) com.google.android.gms.common.api.ApiException: 17: API: Wearable.API is not available on this device. Connection failed with: a{statusCode=API_UNAVAILABLE, resolution=null, message=null}
02-15 13:12:04.614 16911 12525 E VoiceActivityDetector: instance is null
02-15 13:12:04.615 16911 17012 E BWU@SeamlessRecorder: Ph_available is : 6480 wait === [VF-ATP-2] 
02-15 13:12:04.635 16911 17012 E BWU@SeamlessRecorder: Ph_available is : 7040 wait === [VF-ATP-2] 
02-15 13:12:04.656 16911 17012 E BWU@SeamlessRecorder: Ph_available is : 7040 wait === [VF-ATP-2] 
02-15 13:12:04.676 16911 17012 E BWU@SeamlessRecorder: Ph_available is : 7040 wait === [VF-ATP-2] 
02-15 13:12:04.696 16911 17012 E BWU@SeamlessRecorder: Ph_available is : 7040 wait === [VF-ATP-2] 
02-15 13:12:04.716 16911 17012 E BWU@SeamlessRecorder: Ph_available is : 7040 wait === [VF-ATP-2] 
02-15 13:12:04.848 16911 17012 E BWU@WakeupAudioService: Ph_call stopSelf [VF-ATP-2] 
02-15 13:12:04.848  1842  2846 E ConversionHelperAidl: Function: parseAndSetVendorParameters Line: 94 Failed 
02-15 13:12:04.849  1842  2846 E ConversionHelperAidl: Function: parseAndSetVendorParameters Line: 94 Failed 
02-15 13:12:04.849 16911 17012 E DspControlService: Ph_[onStateChanged, Recording finished] [VF-ATP-2] 
02-15 13:12:04.852 16911 12525 E MDW@Android: (MdwState) State changed [Unknown] -> [Unknown]
02-15 13:12:04.852 16911 17012 E BWU@VoicePreProcessPCM: Ph_openFile, Don't write dump [VF-ATP-2] 
02-15 13:12:04.855  1742  6768 E PAL: CustomVAInterface: GetParameter: 297: Unsupported param id 30
02-15 13:12:04.856  1742  4921 E AHAL_StreamIn_QTI: updateMetadataCommon : usecase: HOTWORD_RECORD IoHandle:2638: stream was closed
02-15 13:12:04.865 16911 16911 E BWU@DspControlUtil: Ph_OnServiceStateChanged 0 [main] 
02-15 13:12:04.866  1742  6768 E AHAL_StreamIn_QTI: updateMetadataCommon : usecase: HOTWORD_RECORD IoHandle:2638: stream was closed
02-15 13:12:04.866  1742  4921 E AHAL_Platform_QTI: configureAndFetchPalDevices the set devices is empty
02-15 13:12:04.866  1742  4921 E AHAL_Platform_QTI: configureSecPalDevicesForCapture the set devices is empty
02-15 13:12:05.228  1855  1896 E HeatmapThread: ECT Thread time in milliseconds: 1771175525
02-15 13:12:05.231  1855  1896 E HeatmapThread: !@ CAM New BSOH: 100
02-15 13:12:05.548  1772  2380 E SDM     : ScalarConfig::GetAIScaleSettingsInfo: AI Scaler Config for display 68 is not present
02-15 13:12:05.656  1772  2380 E SDM     : ScalarConfig::GetAIScaleSettingsInfo: AI Scaler Config for display 68 is not present
02-15 13:12:05.686  2832  3585 E WifiStaIfaceAidlImpl: getCachedScanData failed with service-specific exception: android.os.ServiceSpecificException:  (code 4)
02-15 13:12:05.691  2832  3783 E SemWifiLinkQualityMonitor: Too old or invalid TMI: currentTime=1771175525691 lastDateWindow=1771118498000
02-15 13:12:06.228  1855  1896 E HeatmapThread: ECT Thread time in milliseconds: 1771175526
02-15 13:12:06.230  1772  2380 E SDM     : ScalarConfig::GetAIScaleSettingsInfo: AI Scaler Config for display 68 is not present
02-15 13:12:06.233  1855  1896 E HeatmapThread: !@ CAM New BSOH: 100
02-15 13:12:06.597  1772  2380 E SDM     : ScalarConfig::GetAIScaleSettingsInfo: AI Scaler Config for display 68 is not present
02-15 13:12:07.228  1855  1896 E HeatmapThread: ECT Thread time in milliseconds: 1771175527
02-15 13:12:07.231  1855  1896 E HeatmapThread: !@ CAM New BSOH: 100
02-15 13:12:07.929  1772  2380 E SDM     : ScalarConfig::GetAIScaleSettingsInfo: AI Scaler Config for display 68 is not present
02-15 13:12:08.228  1855  1896 E HeatmapThread: ECT Thread time in milliseconds: 1771175528
02-15 13:12:08.231  1855  1896 E HeatmapThread: !@ CAM New BSOH: 100
02-15 13:12:08.702  2832  3585 E WifiStaIfaceAidlImpl: getCachedScanData failed with service-specific exception: android.os.ServiceSpecificException:  (code 4)
02-15 13:12:08.706  2832  3783 E SemWifiLinkQualityMonitor: Too old or invalid TMI: currentTime=1771175528706 lastDateWindow=1771118498000
02-15 13:12:08.888  1772  2380 E SDM     : ScalarConfig::GetAIScaleSettingsInfo: AI Scaler Config for display 68 is not present
02-15 13:12:09.137  1772  2380 E SDM     : ScalarConfig::GetAIScaleSettingsInfo: AI Scaler Config for display 68 is not present
02-15 13:12:09.227  1855  1896 E HeatmapThread: ECT Thread time in milliseconds: 1771175529
02-15 13:12:09.231  1855  1896 E HeatmapThread: !@ CAM New BSOH: 100
02-15 13:12:10.096  1772  2380 E SDM     : ScalarConfig::GetAIScaleSettingsInfo: AI Scaler Config for display 68 is not present
02-15 13:12:10.227  1855  1896 E HeatmapThread: ECT Thread time in milliseconds: 1771175530
02-15 13:12:10.231  1855  1896 E HeatmapThread: !@ CAM New BSOH: 100
02-15 13:12:10.469  1772  2380 E SDM     : ScalarConfig::GetAIScaleSettingsInfo: AI Scaler Config for display 68 is not present
02-15 13:12:11.227  1855  1896 E HeatmapThread: ECT Thread time in milliseconds: 1771175531
02-15 13:12:11.229  1855  1896 E HeatmapThread: !@ CAM New BSOH: 100
02-15 13:12:11.263 11334 11450 E perf_hint: Session ID too large, must fit 32-bit integer
02-15 13:12:11.538  1874  1965 E HwcComposer: getLuts failed Status(-129, EX_TRANSACTION_FAILED): 'UNKNOWN_TRANSACTION: '
02-15 13:12:11.661  1814  1895 E BatteryDump: !@new_battery_dump : 4208,-400,100,100,80,316,299,331,316,0,324,332,0,Discharging,NO_CHARGING,None,Good,NONE,0,Normal,0,0,9300,0x40000000,0x10000,0x0,0,0,311,v0002,0000,0000,00000000,0,0,0,0,141,4229,7907,980,0,
02-15 13:12:11.710  2832  3585 E WifiStaIfaceAidlImpl: getCachedScanData failed with service-specific exception: android.os.ServiceSpecificException:  (code 4)
02-15 13:12:11.713  2832  3783 E SemWifiLinkQualityMonitor: Too old or invalid TMI: currentTime=1771175531712 lastDateWindow=1771118498000
02-15 13:12:11.720  1772  2380 E SDM     : ScalarConfig::GetAIScaleSettingsInfo: AI Scaler Config for display 68 is not present
02-15 13:12:11.722  2832  5680 E SemWifiService: getCurrentNetworkScore - invalid score data
02-15 13:12:11.722  2832  5680 E WifiProfileShare.Caster: failed to generate qos array, need to check network score data
02-15 13:12:12.227  1855  1896 E HeatmapThread: ECT Thread time in milliseconds: 1771175532
02-15 13:12:12.229  1855  1896 E HeatmapThread: !@ CAM New BSOH: 100
02-15 13:12:12.526  2832  3345 E a       : e = write failed: EIO (I/O error)
02-15 13:12:12.527  2832  3345 E a       : e = /sys/block/sda/diskios: open failed: ENOENT (No such file or directory)
02-15 13:12:12.560 11334 12585 I ReactNativeJS: Running "main" with {"rootTag":1,"initialProps":{"exp":{"initialUri":"exp://10.0.0.108:8081","shell":false,"manifestString":"{\"id\":\"3469e8bb-26a2-4624-b01e-c358fc5cbdf2\",\"createdAt\":\"2026-02-15T17:11:46.197Z\",\"runtimeVersion\":\"exposdk:55.0.0\",\"launchAsset\":{\"key\":\"bundle\",\"contentType\":\"application\\/javascript\",\"url\":\"http:\\/\\/10.0.0.108:8081\\/index.ts.bundle?platform=android&dev=true&hot=false&lazy=true&transform.engine=hermes&transform.bytecode=1&transform.routerRoot=app&unstable_transformProfile=hermes-stable\"},\"assets\":[],\"metadata\":{},\"extra\":{\"eas\":{},\"expoClient\":{\"name\":\"MOVOPos\",\"slug\":\"movopos-mobile\",\"version\":\"1.0.0\",\"orientation\":\"portrait\",\"icon\":\".\\/assets\\/icon.png\",\"userInterfaceStyle\":\"light\",\"scheme\":\"movopos\",\"backgroundColor\":\"#ffffff\",\"androidStatusBar\":{\"backgroundColor\":\"#1a73e8\",\"barStyle\":\"light-content\",\"translucent\":false},\"splash\":{\"image\":\".\\/assets\\/splash-icon.png\",\"resizeMode\":\"contain\",\"backgroundColor\":\"#1a73e8\",\"imageUrl\":\"http:\\/\\/10.0.0.108:8081\\/assets\\/.\\/assets\\/splash-icon.png\"},\"ios\":{\"supportsTablet\":true,\"bundleIdentifier\":\"com.movopos.app\",\"infoPlist\":{\"NSCameraUsageDescription\":\"MOVOPos necesita acceso a la cámara para escanear códigos de barras\",\"NSFaceIDUsageDescription\":\"MOVOPos usa Face ID para autenticación segura\",\"NSBluetoothAlwaysUsageDescription\":\"MOVOPos necesita Bluetooth para conectar con impresoras térmicas\",\"NSBluetoothPeripheralUsageDescription\":\"MOVOPos necesita Bluetooth para conectar con impresoras térmicas\",\"NSLocationWhenInUseUsageDescription\":\"MOVOPos usa tu ubicación para registrar el lugar de las ventas\"}},\"android\":{\"package\":\"com.movopos.app\",\"adaptiveIcon\":{\"foregroundImage\":\".\\/assets\\/adaptive-icon.png\",\"backgroundColor\":\"#1a73e8\",\"foregroundImageUrl\":\"http:\\/\\/10.0.0.108:8081\\/assets\\/.\\/assets\\/adaptive-icon.png\"},\"predictiveBackGestureEnabled\":false,\"permissions\":[\"CAMERA\",\"BLUETOOTH\",\"BLUETOOTH_ADMIN\",\"BLUETOOTH_CONNECT\",\"BLUETOOTH_SCAN\",\"ACCESS_FINE_LOCATION\",\"ACCESS_COARSE_LOCATION\",\"VIBRATE\",\"RECEIVE_BOOT_COMPLETED\",\"android.permission.CAMERA\",\"android.permission.RECORD_AUDIO\",\"android.permission.USE_BIOMETRIC\",\"android.permission.USE_FINGERPRINT\"]},\"web\":{\"favicon\":\".\\/assets\\/favicon.png\"},\"plugins\":[\"expo-secure-store\",[\"expo-camera\",{\"cameraPermission\":\"MOVOPos necesita acceso a la cámara para escanear códigos de barras\"}],[\"expo-local-authentication\",{\"faceIDPermission\":\"MOVOPos usa Face ID para autenticación segura\"}],\"expo-sharing\",\"expo-sqlite\",\"expo-web-browser\"],\"extra\":{},\"_internal\":{\"isDebug\":false,\"projectRoot\":\"C:\\\\Users\\\\Albin Rodriguez\\\\Documents\\\\movopos-mobile\",\"dynamicConfigPath\":{},\"staticConfigPath\":\"C:\\\\Users\\\\Albin Rodriguez\\\\Documents\\\\movopos-mobile\\\\app.json\",\"packageJsonPath\":\"C:\\\\Users\\\\Albin Rodriguez\\\\Documents\\\\movopos-mobile\\\\package.json\",\"pluginHistory\":{\"expo-secure-store\":{\"name\":\"expo-secure-store\",\"version\":\"55.0.5\"},\"expo-camera\":{\"name\":\"expo-camera\",\"version\":\"55.0.5\"},\"expo-local-authentication\":{\"name\":\"expo-local-authentication\",\"version\":\"55.0.5\"},\"expo-sharing\":{\"name\":\"expo-sharing\",\"version\":\"55.0.6\"},\"expo-sqlite\":{\"name\":\"expo-sqlite\",\"version\":\"55.0.5\"},\"expo-web-browser\":{\"name\":\"expo-web-browser\",\"version\":\"55.0.5\"}}},\"sdkVersion\":\"55.0.0\",\"platforms\":[\"ios\",\"android\",\"web\"],\"iconUrl\":\"http:\\/\\/10.0.0.108:8081\\/assets\\/.\\/assets\\/icon.png\",\"hostUri\":\"10.0.0.108:8081\"},\"expoGo\":{\"debuggerHost\":\"10.0.0.108:8081\",\"developer\":{\"tool\":\"expo-cli\",\"projectRoot\":\"C:\\\\Users\\\\Albin Rodriguez\\\\Documents\\\\movopos-mobile\"},\"packagerOpts\":{\"dev\":true},\"mainModuleName\":\"index.ts\"},\"scopeKey\":\"@anonymous\\/movopos-mobile-e2689c69-7360-43d2-8876-b732e94bf4ab\
02-15 13:12:12.710  1772  2380 E SDM     : ScalarConfig::GetAIScaleSettingsInfo: AI Scaler Config for display 68 is not present
02-15 13:12:12.748 11334 11460 E perf_hint: Session ID too large, must fit 32-bit integer
02-15 13:12:12.780 11334 11334 I ReactNative: [GESTURE HANDLER] Initialize gesture handler for root view com.facebook.react.runtime.ReactSurfaceView{5400dd5 V.E...... ......ID 0,0-1080,2340 #1}
02-15 13:12:12.809 29948 18479 E SamsungAccount: [FamilyGroupUtil] getCountryCodeListWithRegionMcc - no country code with region mcc
02-15 13:12:12.818  1874  1874 E SurfaceFlinger: alpha changed 1.000 -> 0.000 - Surface(name=7b9cbc8 InputMethod)/@0x836fb86 - animation-leash of insets_animation#32580
02-15 13:12:12.848 11334 11334 I ReactNative: [GESTURE HANDLER] Gesture handler is already enabled for a parent view
02-15 13:12:12.849 11334 11334 I ReactNative: [GESTURE HANDLER] Gesture handler is already enabled for a parent view
02-15 13:12:12.862 11334 12585 W ReactNativeJS: InteractionManager has been deprecated and will be removed in a future release. Please refactor long tasks into smaller ones, and  use 'requestIdleCallback' instead.
02-15 13:12:13.227  1855  1896 E HeatmapThread: ECT Thread time in milliseconds: 1771175533
02-15 13:12:13.230  1855  1896 E HeatmapThread: !@ CAM New BSOH: 100
02-15 13:12:13.402  1772  2380 E SDM     : ScalarConfig::GetAIScaleSettingsInfo: AI Scaler Config for display 68 is not present
02-15 13:12:13.493 11334 11334 I ReactNative: [GESTURE HANDLER] Gesture handler is already enabled for a parent view
02-15 13:12:13.495 11334 11334 I ReactNative: [GESTURE HANDLER] Gesture handler is already enabled for a parent view
02-15 13:12:13.518  1772  2380 E SDM     : ScalarConfig::GetAIScaleSettingsInfo: AI Scaler Config for display 68 is not present
02-15 13:12:13.545  2832  2915 E Watchdog: !@Sync: 3424 heap(MB): 145 / 169 FD: 1456 [2026-02-15 13:12:13.545]
02-15 13:12:14.227  1855  1896 E HeatmapThread: ECT Thread time in milliseconds: 1771175534
02-15 13:12:14.231  1855  1896 E HeatmapThread: !@ CAM New BSOH: 100
02-15 13:12:14.418  1772  2380 E SDM     : ScalarConfig::GetAIScaleSettingsInfo: AI Scaler Config for display 68 is not present
02-15 13:12:14.426  1874  1874 E SurfaceFlinger: alpha changed 1.000 -> 0.000 - Surface(name=ed0ce19 host.exp.exponent/host.exp.exponent.experience.ExperienceActivity)/@0x41abfb5 - animation-leash of window_animation#32581
02-15 13:12:14.426  1874  1874 E SurfaceFlinger: alpha changed 0.000 -> 0.000 - Surface(name=ed0ce19 host.exp.exponent/host.exp.exponent.experience.ExperienceActivity)/@0x41abfb5 - animation-leash of window_animation#32581
02-15 13:12:14.444 29948 18479 E SamsungAccount: [FamilyGroupUtil] getCountryCodeListWithRegionMcc - no country code with region mcc
02-15 13:12:14.451  1874  1874 E SurfaceFlinger: alpha changed 1.000 -> 0.000 - Surface(name=7b9cbc8 InputMethod)/@0x836fb86 - animation-leash of insets_animation#32584
02-15 13:12:14.574  1842 10432 E ConversionHelperAidl: Function: parseAndSetVendorParameters Line: 94 Failed 
02-15 13:12:14.574  1842 10432 E ConversionHelperAidl: Function: parseAndSetVendorParameters Line: 94 Failed 
02-15 13:12:14.575  1842 10432 E ConversionHelperAidl: Function: parseAndSetVendorParameters Line: 94 Failed 
02-15 13:12:14.575  1842 10432 E ConversionHelperAidl: Function: parseAndSetVendorParameters Line: 94 Failed 
02-15 13:12:14.718  2832  3585 E WifiStaIfaceAidlImpl: getCachedScanData failed with service-specific exception: android.os.ServiceSpecificException:  (code 4)
02-15 13:12:14.724  2832  3783 E SemWifiLinkQualityMonitor: Too old or invalid TMI: currentTime=1771175534724 lastDateWindow=1771118498000
02-15 13:12:14.733  2832  5680 E SemWifiService: getCurrentNetworkScore - invalid score data
02-15 13:12:14.733  2832  5680 E WifiProfileShare.Caster: failed to generate qos array, need to check network score data
02-15 13:12:15.227  1855  1896 E HeatmapThread: ECT Thread time in milliseconds: 1771175535
02-15 13:12:15.230  1855  1896 E HeatmapThread: !@ CAM New BSOH: 100
02-15 13:12:15.428  2832  2913 E WindowManager: win=Window{ed0ce19 u0 host.exp.exponent/host.exp.exponent.experience.ExperienceActivity EXITING} destroySurfaces: appStopped=false cleanupOnResume=false win.mWindowRemovalAllowed=true win.mRemoveOnExit=true win.mViewVisibility=0 caller=com.android.server.wm.WindowState.onExitAnimationDone:224 com.android.server.wm.WindowState.onAnimationFinished:161 com.android.server.wm.WindowContainer$$ExternalSyntheticLambda8.onAnimationFinished:3 com.android.server.wm.SurfaceAnimator$$ExternalSyntheticLambda0.onAnimationFinished:69 com.android.server.wm.LocalAnimationAdapter$$ExternalSyntheticLambda0.run:10 android.os.Handler.handleCallback:995 android.os.Handler.dispatchMessage:103 
02-15 13:12:16.227  1855  1896 E HeatmapThread: ECT Thread time in milliseconds: 1771175536
02-15 13:12:16.231  1855  1896 E HeatmapThread: !@ CAM New BSOH: 100
02-15 13:12:17.227  1855  1896 E HeatmapThread: ECT Thread time in milliseconds: 1771175537
02-15 13:12:17.231  1855  1896 E HeatmapThread: !@ CAM New BSOH: 100
02-15 13:12:17.427  1772  2380 E SDM     : ScalarConfig::GetAIScaleSettingsInfo: AI Scaler Config for display 68 is not present
02-15 13:12:17.579  1868  3209 E PerfHint: REPORT_BOTTLENECK_HINT_TRANSACTION :: name = perfmond
02-15 13:12:17.580  1868  3209 E perfmond: "LOCKC_SUM_OWNERS":"[N_audio.AudioService.getMode(),N_audio.AudioService.~DeviceSetForStrea,N_audio.AudioDeviceBr~dler.handleMessag]","LOCKC_SUM_DELAYS":"[9771,1758,1596]"
02-15 13:12:17.580  1868  3209 E perfmond: "LOCKC_MAX_OWNERS":"[N_audio.AudioService.getMode(),N_audio.AudioService.~eAudioModeHandler,N_audio.AudioDeviceBr~dler.handleMessag]","LOCKC_MAX_DELAYS":"[1147,1146,916]"
02-15 13:12:17.581  1868  3209 E PerfHint: REPORT_BOTTLENECK_HINT_TRANSACTION :: name = perfmond
02-15 13:12:17.581  1868  3209 E perfmond: "MAINL_SUM_HANDLS":"[notification.Notific~ficationListeners$,wifi.SemL4sController$2 c=null m=4,LoadedApk$ReceiverDi~nalSyntheticLambda]","MAINL_SUM_DELAYS":"[4843,836,570]"
02-15 13:12:17.581  1868  3209 E perfmond: "MAINL_MAX_HANDLS":"[LoadedApk$ReceiverDi~nalSyntheticLambda,notification.Notific~ficationListeners$,wifi.SemL4sController$2 c=null m=4]","MAINL_MAX_DELAYS":"[570,531,211]"
02-15 13:12:17.581  1868  3209 E PerfHint: REPORT_BOTTLENECK_HINT_TRANSACTION :: name = perfmond
02-15 13:12:17.582  1868  3209 E perfmond: "INPUTD_SUM_ACTIS":"[caeef79 app.revanced.android.youtube/co,ab49d0c com.sec.android.mimage.photoret,-]","INPUTD_SUM_DELAYS":"[1071,615,0]"
02-15 13:12:17.582  1868  3209 E perfmond: "INPUTD_MAX_ACTIS":"[caeef79 app.revanced.android.youtube/co,ab49d0c com.sec.android.mimage.photoret,-]","INPUTD_MAX_DELAYS":"[706,615,0]"
02-15 13:12:17.582  1868  3209 E PerfHint: REPORT_BOTTLENECK_HINT_TRANSACTION :: name = perfmond
02-15 13:12:17.585  1868  3209 E perfmond: "AMPSS_SUM_PROCS":"[-,-,-]","AMPSS_SUM_VALUES":"[0,0,0]"
02-15 13:12:17.586  1868  3209 E perfmond: "AMPSS_AVG_VALUES":"[0,0,0]","AMPSS_MAX_PROCS":"[-,-,-]","AMPSS_MAX_VALUES":"[0,0,0]"
02-15 13:12:17.586  1868  3209 E PerfHint: REPORT_BOTTLENECK_HINT_TRANSACTION :: name = perfmond
02-15 13:12:17.588  1868  3209 E perfmond: "MEMPSI_CNT":361,"MEMPSI_MAX":8
02-15 13:12:17.588  1868  3209 E perfmond: "MEMPSI_AVG":1,"MEMPSI_HIST0":353,"MEMPSI_HIST1":8,"MEMPSI_HIST2":0,"MEMPSI_HIST3":0,"MEMPSI_HIST4":0,"MEMPSI_HIST5":0,"MEMPSI_HIST6":0,"MEMPSI_HIST7":0,"MEMPSI_HIST8":0,"MEMPSI_HIST9":0,"MEMPSI_HIST10":0,"MEMPSI_HIST11":0,"MEMPSI_HIST12":0,"MEMPSI_HIST13":0,"MEMPSI_HIST14":0,"MEMPSI_HIST15":0,"MEMPSI_HIST16":0,"MEMPSI_HIST17":0,"MEMPSI_HIST18":0,"MEMPSI_HIST19":0
02-15 13:12:17.588  1868  3209 E PerfHint: REPORT_BOTTLENECK_HINT_TRANSACTION :: name = perfmond
02-15 13:12:17.611  1738  1738 E sensors-hal: flush:384, invalid flush request, active=0, oneshot=0
02-15 13:12:17.611  1701  1794 E minksocket: MinkIPC ERROR: ( 1701:1794 ) MinkIPC_preProcess:272 Client down, but cannot find corresponding minksession
02-15 13:12:17.611  1701  1804 E minksocket: MinkIPC ERROR: ( 1701:1804 ) MinkIPC_preProcess:272 Client down, but cannot find corresponding minksession
02-15 13:12:17.612  1701  1794 E minksocket: MinkIPC ERROR: ( 1701:1794 ) MinkIPC_preProcess:272 Client down, but cannot find corresponding minksession
02-15 13:12:17.612  1701  1804 E minksocket: MinkIPC ERROR: ( 1701:1804 ) MinkIPC_preProcess:272 Client down, but cannot find corresponding minksession
02-15 13:12:17.612 20144 12703 E SmsApplication: com.google.android.apps.messaging lost android:read_cell_broadcasts:  (fixing)
02-15 13:12:17.612  1701  1804 E minksocket: MinkIPC ERROR: ( 1701:1804 ) MinkIPC_preProcess:272 Client down, but cannot find corresponding minksession
02-15 13:12:17.612  1701  1794 E minksocket: MinkIPC ERROR: ( 1701:1794 ) MinkIPC_preProcess:272 Client down, but cannot find corresponding minksession
02-15 13:12:17.612  1701  1794 E minksocket: MinkIPC ERROR: ( 1701:1794 ) MinkIPC_preProcess:272 Client down, but cannot find corresponding minksession
02-15 13:12:17.612  1701  1804 E minksocket: MinkIPC ERROR: ( 1701:1804 ) MinkIPC_preProcess:272 Client down, but cannot find corresponding minksession
02-15 13:12:17.615  1701  1794 E minksocket: MinkIPC ERROR: ( 1701:1794 ) MinkIPC_preProcess:272 Client down, but cannot find corresponding minksession
02-15 13:12:17.615  1701  1804 E minksocket: MinkIPC ERROR: ( 1701:1804 ) MinkIPC_preProcess:272 Client down, but cannot find corresponding minksession
02-15 13:12:17.616  1701  1794 E minksocket: MinkIPC ERROR: ( 1701:1794 ) MinkIPC_preProcess:272 Client down, but cannot find corresponding minksession
02-15 13:12:17.616  1701  1804 E minksocket: MinkIPC ERROR: ( 1701:1804 ) MinkIPC_preProcess:272 Client down, but cannot find corresponding minksession
02-15 13:12:17.616  1701  1794 E minksocket: MinkIPC ERROR: ( 1701:1794 ) MinkIPC_preProcess:272 Client down, but cannot find corresponding minksession
02-15 13:12:17.616  1701  1804 E minksocket: MinkIPC ERROR: ( 1701:1804 ) MinkIPC_preProcess:272 Client down, but cannot find corresponding minksession
02-15 13:12:17.616  1701  1794 E minksocket: MinkIPC ERROR: ( 1701:1794 ) MinkIPC_preProcess:272 Client down, but cannot find corresponding minksession
02-15 13:12:17.616  1701  1804 E minksocket: MinkIPC ERROR: ( 1701:1804 ) MinkIPC_preProcess:272 Client down, but cannot find corresponding minksession
02-15 13:12:17.616  7262  7262 E SDHMS:SDHMS_UTIL_IO: e = /sys/kernel/asv/power_model_0: open failed: ENOENT (No such file or directory)
02-15 13:12:17.616  7262  7262 E SDHMS:SDHMS_UTIL_IO: e = /sys/kernel/asv/power_model_1: open failed: ENOENT (No such file or directory)
02-15 13:12:17.616  7262  7262 E SDHMS:SDHMS_UTIL_IO: e = /sys/kernel/asv/power_model_2: open failed: ENOENT (No such file or directory)
02-15 13:12:17.616  7262  7262 E SDHMS:SDHMS_UTIL_IO: e = /sys/kernel/asv/power_model_3: open failed: ENOENT (No such file or directory)
02-15 13:12:17.730  2832  3585 E WifiStaIfaceAidlImpl: getCachedScanData failed with service-specific exception: android.os.ServiceSpecificException:  (code 4)
02-15 13:12:17.734  2832  3783 E SemWifiLinkQualityMonitor: Too old or invalid TMI: currentTime=1771175537734 lastDateWindow=1771118498000
02-15 13:12:17.743  2832  5680 E SemWifiService: getCurrentNetworkScore - invalid score data
02-15 13:12:17.743  2832  5680 E WifiProfileShare.Caster: failed to generate qos array, need to check network score data
02-15 13:12:17.750 11953 11953 E SLPASVC : disconnect key: -1146534185                                                                         [at com.samsung.euicc.lpaService.worker.RxHandler.preProcessRequest(RxHandler.java:298)]
02-15 13:12:17.765 11953 11953 E SLPASVC : disconnect key: 1348482573                                                                          [at com.samsung.euicc.lpaService.worker.RxHandler.preProcessRequest(RxHandler.java:298)]
02-15 13:12:17.765 11953 11953 E SLPASVC : To Client messenger is NULL                                                                         [at com.samsung.euicc.lpaService.worker.RxHandler.sendToClient(RxHandler.java:380)]
02-15 13:12:17.832 11953 11953 E SLPASVC : available memory: 614848                                                                            [at com.samsung.euicc.lpaService.gsma.phase2.es10.Es10MepBase.getAvailableMemory(Es10MepBase.java:36)]
02-15 13:12:17.867 11953 11953 E SLPASVC : initHandlerIfNeed                                                                                   [at com.samsung.euicc.lpaService.bootstrap.VsimNetworkRequester.initHandlerIfNeed(VsimNetworkRequester.java:47)]
02-15 13:12:18.227  1855  1896 E HeatmapThread: ECT Thread time in milliseconds: 1771175538
02-15 13:12:18.230  1855  1896 E HeatmapThread: !@ CAM New BSOH: 100
02-15 13:12:18.915  1738  1738 E sensors-hal: register_cb:315, all callbacks are null for new suid. no need to register it
02-15 13:12:18.917  1701  1804 E minksocket: MinkIPC ERROR: ( 1701:1804 ) MinkIPC_preProcess:272 Client down, but cannot find corresponding minksession
02-15 13:12:18.917  1701  1794 E minksocket: MinkIPC ERROR: ( 1701:1794 ) MinkIPC_preProcess:272 Client down, but cannot find corresponding minksession
02-15 13:12:19.228  1855  1896 E HeatmapThread: ECT Thread time in milliseconds: 1771175539
02-15 13:12:19.231  1855  1896 E HeatmapThread: !@ CAM New BSOH: 100
02-15 13:12:20.227  1855  1896 E HeatmapThread: ECT Thread time in milliseconds: 1771175540
02-15 13:12:20.231  1855  1896 E HeatmapThread: !@ CAM New BSOH: 100
02-15 13:12:20.741  2832  3585 E WifiStaIfaceAidlImpl: getCachedScanData failed with service-specific exception: android.os.ServiceSpecificException:  (code 4)
02-15 13:12:20.746  2832  3783 E SemWifiLinkQualityMonitor: Too old or invalid TMI: currentTime=1771175540746 lastDateWindow=1771118498000
02-15 13:12:21.227  1855  1896 E HeatmapThread: ECT Thread time in milliseconds: 1771175541
02-15 13:12:21.229  1855  1896 E HeatmapThread: !@ CAM New BSOH: 100
02-15 13:12:21.486  1701  1794 E minksocket: MinkIPC ERROR: ( 1701:1794 ) MinkIPC_preProcess:272 Client down, but cannot find corresponding minksession
02-15 13:12:21.486  1701  1804 E minksocket: MinkIPC ERROR: ( 1701:1804 ) MinkIPC_preProcess:272 Client down, but cannot find corresponding minksession
02-15 13:12:22.228  1855  1896 E HeatmapThread: ECT Thread time in milliseconds: 1771175542
02-15 13:12:22.233  1855  1896 E HeatmapThread: !@ Entered Update Heatmap 
02-15 13:12:22.233  1855  1896 E HeatmapThread: !@Entered the read from path function
02-15 13:12:22.236  1855  1896 E HeatmapThread: !@Read Heatmap from efs is: 0 0 27383 8227 327 0 0 0 0 0 544 5462 696 0 0 0 0 0 1018 7411 1241 0 0 0 0 0 259 7492 1955 0 0 0 0 0 64 6325 2530 0 0 0 0 0 10686 62423 32126 49 0 0 0 0 444 2993 1849 51 0 0 0 0 0 182 79 0 0 0 
02-15 13:12:22.236  1855  1896 E HeatmapThread: !@Write Heatmap to efs is: 0 0 27383 8227 327 0 0 0 0 0 544 5462 696 0 0 0 0 0 1018 7411 1241 0 0 0 0 0 259 7492 1955 0 0 0 0 0 64 6355 2530 0 0 0 0 0 10686 62423 32126 49 0 0 0 0 444 2993 1849 51 0 0 0 0 0 182 79 0 0 0 
02-15 13:12:22.237  1855  1896 E HeatmapThread: !@ Heatmap Updated prevtime: 29519592
02-15 13:12:22.237  1855  1896 E HeatmapThread: !@ Heatmap Updated Cycle Count: 4594.118164
02-15 13:12:22.237  1855  1896 E HeatmapThread: !@Write Heatmap to sysfs is: 0 0 19 5 0 0 0 0 0 0 0 3 0 0 0 0 0 0 0 5 0 0 0 0 0 0 0 5 1 0 0 0 0 0 0 4 1 0 0 0 0 0 7 43 22 0 0 0 0 0 0 2 1 0 0 0 0 0 0 0 0 0 0 0 
02-15 13:12:22.237  1855  1896 E HeatmapThread: !@Could not open '/sys/class/power_supply/sec_auth/batt_heatmap', errno = 2
02-15 13:12:22.237  1855  1896 E HeatmapThread: !@ Heatmap Updated prevtime: 29519592
02-15 13:12:22.238  1855  1896 E HeatmapThread: !@ CAM New BSOH: 100
02-15 13:12:23.228  1855  1896 E HeatmapThread: ECT Thread time in milliseconds: 1771175543
02-15 13:12:23.231  1855  1896 E HeatmapThread: !@ CAM New BSOH: 100
02-15 13:12:23.751  2832  3585 E WifiStaIfaceAidlImpl: getCachedScanData failed with service-specific exception: android.os.ServiceSpecificException:  (code 4)
02-15 13:12:23.754  2832  3783 E SemWifiLinkQualityMonitor: Too old or invalid TMI: currentTime=1771175543754 lastDateWindow=1771118498000
02-15 13:12:24.227  1855  1896 E HeatmapThread: ECT Thread time in milliseconds: 1771175544
02-15 13:12:24.231  1855  1896 E HeatmapThread: !@ CAM New BSOH: 100
02-15 13:12:24.615  1842  1932 E ConversionHelperAidl: Function: parseAndSetVendorParameters Line: 94 Failed 
02-15 13:12:24.615  1842  1932 E ConversionHelperAidl: Function: parseAndSetVendorParameters Line: 94 Failed 
02-15 13:12:24.616  1842  1932 E ConversionHelperAidl: Function: parseAndSetVendorParameters Line: 94 Failed 
02-15 13:12:24.616  1842  1932 E ConversionHelperAidl: Function: parseAndSetVendorParameters Line: 94 Failed 
02-15 13:12:25.227  1855  1896 E HeatmapThread: ECT Thread time in milliseconds: 1771175545
02-15 13:12:25.230  1855  1896 E HeatmapThread: !@ CAM New BSOH: 100
02-15 13:12:26.228  1855  1896 E HeatmapThread: ECT Thread time in milliseconds: 1771175546
02-15 13:12:26.232  1855  1896 E HeatmapThread: !@ CAM New BSOH: 100
02-15 13:12:26.759  2832  3585 E WifiStaIfaceAidlImpl: getCachedScanData failed with service-specific exception: android.os.ServiceSpecificException:  (code 4)
02-15 13:12:26.763  2832  3783 E SemWifiLinkQualityMonitor: Too old or invalid TMI: currentTime=1771175546763 lastDateWindow=1771118498000
02-15 13:12:27.228  1855  1896 E HeatmapThread: ECT Thread time in milliseconds: 1771175547
02-15 13:12:27.232  1855  1896 E HeatmapThread: !@ CAM New BSOH: 100
02-15 13:12:27.462 11334 12331 E unknown:ReactHost: Unhandled SoftException
02-15 13:12:27.462 11334 12331 E unknown:ReactHost: com.facebook.react.bridge.ReactNoCrashSoftException: raiseSoftException(getOrCreateDestroyTask()): ReactHostImpl.invalidate()
02-15 13:12:27.462 11334 12331 E unknown:ReactHost: 	at com.facebook.react.runtime.ReactHostImpl.raiseSoftException(r8-map-id-729244c2c702b12ab82c9b924bd7600a43848511c8bdcfc0f245ffcf2662a0e5:50)
02-15 13:12:27.462 11334 12331 E unknown:ReactHost: 	at com.facebook.react.runtime.ReactHostImpl.getOrCreateDestroyTask(r8-map-id-729244c2c702b12ab82c9b924bd7600a43848511c8bdcfc0f245ffcf2662a0e5:10)
02-15 13:12:27.462 11334 12331 E unknown:ReactHost: 	at com.facebook.react.runtime.ReactHostImpl.destroy$lambda$11(r8-map-id-729244c2c702b12ab82c9b924bd7600a43848511c8bdcfc0f245ffcf2662a0e5:26)
02-15 13:12:27.462 11334 12331 E unknown:ReactHost: 	at com.facebook.react.runtime.ReactHostImpl.v(r8-map-id-729244c2c702b12ab82c9b924bd7600a43848511c8bdcfc0f245ffcf2662a0e5:1)
02-15 13:12:27.462 11334 12331 E unknown:ReactHost: 	at com.facebook.react.runtime.K.call(r8-map-id-729244c2c702b12ab82c9b924bd7600a43848511c8bdcfc0f245ffcf2662a0e5:7)
02-15 13:12:27.462 11334 12331 E unknown:ReactHost: 	at com.facebook.react.runtime.internal.bolts.Task$Companion.call$lambda$2(r8-map-id-729244c2c702b12ab82c9b924bd7600a43848511c8bdcfc0f245ffcf2662a0e5:6)
02-15 13:12:27.462 11334 12331 E unknown:ReactHost: 	at com.facebook.react.runtime.internal.bolts.Task$Companion.b(r8-map-id-729244c2c702b12ab82c9b924bd7600a43848511c8bdcfc0f245ffcf2662a0e5:1)
02-15 13:12:27.462 11334 12331 E unknown:ReactHost: 	at com.facebook.react.runtime.internal.bolts.g.run(r8-map-id-729244c2c702b12ab82c9b924bd7600a43848511c8bdcfc0f245ffcf2662a0e5:5)
02-15 13:12:27.462 11334 12331 E unknown:ReactHost: 	at java.util.concurrent.ThreadPoolExecutor.runWorker(ThreadPoolExecutor.java:1156)
02-15 13:12:27.462 11334 12331 E unknown:ReactHost: 	at java.util.concurrent.ThreadPoolExecutor$Worker.run(ThreadPoolExecutor.java:651)
02-15 13:12:27.462 11334 12331 E unknown:ReactHost: 	at java.lang.Thread.run(Thread.java:1119)
02-15 13:12:27.472 11334 11334 E unknown:ReactHost: Unhandled SoftException
02-15 13:12:27.472 11334 11334 E unknown:ReactHost: com.facebook.react.bridge.ReactNoCrashSoftException: raiseSoftException(callWithExistingReactInstance(callFunctionOnModule("RCTDeviceEventEmitter", "emit"))): Execute: reactInstance is null. Dropping work.
02-15 13:12:27.472 11334 11334 E unknown:ReactHost: 	at com.facebook.react.runtime.ReactHostImpl.raiseSoftException(r8-map-id-729244c2c702b12ab82c9b924bd7600a43848511c8bdcfc0f245ffcf2662a0e5:50)
02-15 13:12:27.472 11334 11334 E unknown:ReactHost: 	at com.facebook.react.runtime.ReactHostImpl.raiseSoftException$default(r8-map-id-729244c2c702b12ab82c9b924bd7600a43848511c8bdcfc0f245ffcf2662a0e5:6)
02-15 13:12:27.472 11334 11334 E unknown:ReactHost: 	at com.facebook.react.runtime.ReactHostImpl.callWithExistingReactInstance$lambda$31(r8-map-id-729244c2c702b12ab82c9b924bd7600a43848511c8bdcfc0f245ffcf2662a0e5:42)
02-15 13:12:27.472 11334 11334 E unknown:ReactHost: 	at com.facebook.react.runtime.ReactHostImpl.G(r8-map-id-729244c2c702b12ab82c9b924bd7600a43848511c8bdcfc0f245ffcf2662a0e5:1)
02-15 13:12:27.472 11334 11334 E unknown:ReactHost: 	at com.facebook.react.runtime.F.then(r8-map-id-729244c2c702b12ab82c9b924bd7600a43848511c8bdcfc0f245ffcf2662a0e5:7)
02-15 13:12:27.472 11334 11334 E unknown:ReactHost: 	at com.facebook.react.runtime.internal.bolts.Task$Companion.completeImmediately$lambda$3(r8-map-id-729244c2c702b12ab82c9b924bd7600a43848511c8bdcfc0f245ffcf2662a0e5:1)
02-15 13:12:27.472 11334 11334 E unknown:ReactHost: 	at com.facebook.react.runtime.internal.bolts.Task$Companion.e(r8-map-id-729244c2c702b12ab82c9b924bd7600a43848511c8bdcfc0f245ffcf2662a0e5:1)
02-15 13:12:27.472 11334 11334 E unknown:ReactHost: 	at com.facebook.react.runtime.internal.bolts.i.run(r8-map-id-729244c2c702b12ab82c9b924bd7600a43848511c8bdcfc0f245ffcf2662a0e5:7)
02-15 13:12:27.472 11334 11334 E unknown:ReactHost: 	at com.facebook.react.runtime.internal.bolts.Executors$ImmediateExecutor.execute(r8-map-id-729244c2c702b12ab82c9b924bd7600a43848511c8bdcfc0f245ffcf2662a0e5:6)
02-15 13:12:27.472 11334 11334 E unknown:ReactHost: 	at com.facebook.react.runtime.internal.bolts.Task$Companion.completeImmediately(r8-map-id-729244c2c702b12ab82c9b924bd7600a43848511c8bdcfc0f245ffcf2662a0e5:6)
02-15 13:12:27.472 11334 11334 E unknown:ReactHost: 	at com.facebook.react.runtime.internal.bolts.Task$Companion.access$completeImmediately(r8-map-id-729244c2c702b12ab82c9b924bd7600a43848511c8bdcfc0f245ffcf2662a0e5:1)
02-15 13:12:27.472 11334 11334 E unknown:ReactHost: 	at com.facebook.react.runtime.internal.bolts.Task.continueWith(r8-map-id-729244c2c702b12ab82c9b924bd7600a43848511c8bdcfc0f245ffcf2662a0e5:8)
02-15 13:12:27.472 11334 11334 E unknown:ReactHost: 	at com.facebook.react.runtime.internal.bolts.Task.continueWith$default(r8-map-id-729244c2c702b12ab82c9b924bd7600a43848511c8bdcfc0f245ffcf2662a0e5:7)
02-15 13:12:27.472 11334 11334 E unknown:ReactHost: 	at com.facebook.react.runtime.internal.bolts.Task.onSuccess$lambda$12(r8-map-id-729244c2c702b12ab82c9b924bd7600a43848511c8bdcfc0f245ffcf2662a0e5:38)
02-15 13:12:27.472 11334 11334 E unknown:ReactHost: 	at com.facebook.react.runtime.internal.bolts.Task.e(r8-map-id-729244c2c702b12ab82c9b924bd7600a43848511c8bdcfc0f245ffcf2662a0e5:1)
02-15 13:12:27.472 11334 11334 E unknown:ReactHost: 	at com.facebook.react.runtime.internal.bolts.c.then(r8-map-id-729244c2c702b12ab82c9b924bd7600a43848511c8bdcfc0f245ffcf2662a0e5:3)
02-15 13:12:27.472 11334 11334 E unknown:ReactHost: 	at com.facebook.react.runtime.internal.bolts.Task$Companion.completeAfterTask$lambda$5(r8-map-id-729244c2c702b12ab82c9b924bd7600a43848511c8bdcfc0f245ffcf2662a0e5:1)
02-15 13:12:27.472 11334 11334 E unknown:ReactHost: 	at com.facebook.react.runtime.internal.bolts.Task$Companion.a(r8-map-id-729244c2c702b12ab82c9b924bd7600a43848511c8bdcfc0f245ffcf2662a0e5:1)
02-15 13:12:27.472 11334 11334 E unknown:ReactHost: 	at com.facebook.react.runtime.internal.bolts.j.run(r8-map-id-729244c2c702b12ab82c9b924bd7600a43848511c8bdcfc0f245ffcf2662a0e5:7)
02-15 13:12:27.472 11334 11334 E unknown:ReactHost: 	at com.facebook.react.runtime.internal.bolts.Executors$ImmediateExecutor.execute(r8-map-id-729244c2c702b12ab82c9b924bd7600a43848511c8bdcfc0f245ffcf2662a0e5:6)
02-15 13:12:27.472 11334 11334 E unknown:ReactHost: 	at com.facebook.react.runtime.internal.bolts.Task$Companion.completeAfterTask(r8-map-id-729244c2c702b12ab82c9b924bd7600a43848511c8bdcfc0f245ffcf2662a0e5:6)
02-15 13:12:27.472 11334 11334 E unknown:ReactHost: 	at com.facebook.react.runtime.internal.bolts.Task$Companion.access$completeAfterTask(r8-map-id-729244c2c702b12ab82c9b924bd7600a43848511c8bdcfc0f245ffcf2662a0e5:1)
02-15 13:12:27.472 11334 11334 E unknown:ReactHost: 	at com.facebook.react.runtime.internal.bolts.Task.continueWithTask(r8-map-id-729244c2c702b12ab82c9b924bd7600a43848511c8bdcfc0f245ffcf2662a0e5:8)
02-15 13:12:27.472 11334 11334 E unknown:ReactHost: 	at com.facebook.react.runtime.internal.bolts.Task.onSuccess(r8-map-id-729244c2c702b12ab82c9b924bd7600a43848511c8bdcfc0f245ffcf2662a0e5:16)
02-15 13:12:27.472 11334 11334 E unknown:ReactHost: 	at com.facebook.react.runtime.ReactHostImpl.callWithExistingReactInstance(r8-map-id-729244c2c702b12ab82c9b924bd7600a43848511c8bdcfc0f245ffcf2662a0e5:14)
02-15 13:12:27.472 11334 11334 E unknown:ReactHost: 	at com.facebook.react.runtime.ReactHostImpl.callWithExistingReactInstance$default(r8-map-id-729244c2c702b12ab82c9b924bd7600a43848511c8bdcfc0f245ffcf2662a0e5:7)
02-15 13:12:27.472 11334 11334 E unknown:ReactHost: 	at com.facebook.react.runtime.ReactHostImpl.callFunctionOnModule$ReactAndroid_release(r8-map-id-729244c2c702b12ab82c9b924bd7600a43848511c8bdcfc0f245ffcf2662a0e5:55)
02-15 13:12:27.472 11334 11334 E unknown:ReactHost: 	at com.facebook.react.runtime.BridgelessReactContext.emitDeviceEvent(r8-map-id-729244c2c702b12ab82c9b924bd7600a43848511c8bdcfc0f245ffcf2662a0e5:20)
02-15 13:12:27.472 11334 11334 E unknown:ReactHost: 	at com.facebook.react.modules.appstate.AppStateModule.sendEvent(r8-map-id-729244c2c702b12ab82c9b924bd7600a43848511c8bdcfc0f245ffcf2662a0e5:15)
02-15 13:12:27.472 11334 11334 E unknown:ReactHost: 	at com.facebook.react.modules.appstate.AppStateModule.sendAppStateChangeEvent(r8-map-id-729244c2c702b12ab82c9b924bd7600a43848511c8bdcfc0f245ffcf2662a0e5:7)
02-15 13:12:27.472 11334 11334 E unknown:ReactHost: 	at com.facebook.react.modules.appstate.AppStateModule.onHostPause(r8-map-id-729244c2c702b12ab82c9b924bd7600a43848511c8bdcfc0f245ffcf2662a0e5:5)
02-15 13:12:27.472 11334 11334 E unknown:ReactHost: 	at com.facebook.react.bridge.ReactContext.onHostPause(r8-map-id-729244c2c702b12ab82c9b924bd7600a43848511c8bdcfc0f245ffcf2662a0e5:28)
02-15 13:12:27.472 11334 11334 E unknown:ReactHost: 	at com.facebook.react.runtime.ReactLifecycleStateManager.moveToOnHostDestroy(r8-map-id-729244c2c702b12ab82c9b924bd7600a43848511c8bdcfc0f245ffcf2662a0e5:39)
02-15 13:12:27.472 11334 11334 E unknown:ReactHost: 	at com.facebook.react.runtime.ReactHostImpl.getOrCreateDestroyTask$lambda$60(r8-map-id-729244c2c702b12ab82c9b924bd7600a43848511c8bdcfc0f245ffcf2662a0e5:103)
02-15 13:12:27.472 11334 11334 E unknown:ReactHost: 	at com.facebook.react.runtime.ReactHostImpl.x(r8-map-id-729244c2c702b12ab82c9b924bd7600a43848511c8bdcfc0f245ffcf2662a0e5:1)
02-15 13:12:27.472 11334 11334 E unknown:ReactHost: 	at com.facebook.react.runtime.z.then(r8-map-id-729244c2c702b12ab82c9b924bd7600a43848511c8bdcfc0f245ffcf2662a0e5:9)
02-15 13:12:27.472 11334 11334 E unknown:ReactHost: 	at com.facebook.react.runtime.internal.bolts.Task$Companion.completeAfterTask$lambda$5(r8-map-id-729244c2c702b12ab82c9b924bd7600a43848511c8bdcfc0f245ffcf2662a0e5:1)
02-15 13:12:27.472 11334 11334 E unknown:ReactHost: 	at com.facebook.react.runtime.internal.bolts.Task$Companion.a(r8-map-id-729244c2c702b12ab82c9b924bd7600a43848511c8bdcfc0f245ffcf2662a0e5:1)
02-15 13:12:27.472 11334 11334 E unknown:ReactHost: 	at com.facebook.react.runtime.internal.bolts.j.run(r8-map-id-729244c2c702b12ab82c9b924bd7600a43848511c8bdcfc0f245ffcf2662a0e5:7)
02-15 13:12:27.472 11334 11334 E unknown:ReactHost: 	at android.os.Handler.handleCallback(Handler.java:995)
02-15 13:12:27.472 11334 11334 E unknown:ReactHost: 	at android.os.Handler.dispatchMessage(Handler.java:103)
02-15 13:12:27.472 11334 11334 E unknown:ReactHost: 	at android.os.Looper.loopOnce(Looper.java:273)
02-15 13:12:27.472 11334 11334 E unknown:ReactHost: 	at android.os.Looper.loop(Looper.java:363)
02-15 13:12:27.472 11334 11334 E unknown:ReactHost: 	at android.app.ActivityThread.main(ActivityThread.java:10060)
02-15 13:12:27.472 11334 11334 E unknown:ReactHost: 	at java.lang.reflect.Method.invoke(Native Method)
02-15 13:12:27.472 11334 11334 E unknown:ReactHost: 	at com.android.internal.os.RuntimeInit$MethodAndArgsCaller.run(RuntimeInit.java:632)
02-15 13:12:27.472 11334 11334 E unknown:ReactHost: 	at com.android.internal.os.ZygoteInit.main(ZygoteInit.java:975)
02-15 13:12:27.476  1772  2380 E SDM     : ScalarConfig::GetAIScaleSettingsInfo: AI Scaler Config for display 68 is not present
02-15 13:12:27.479  2832  7095 E TaskPersister: File error accessing recents directory (directory doesn't exist?).
02-15 13:12:27.480  5009  5009 E pageboostd: Received HALT command code 2
02-15 13:12:27.481  3938  4157 E perf_hint: Session ID too large, must fit 32-bit integer
02-15 13:12:27.481 11334 11334 E unknown:ReactNative: Tried to remove non-existent frame callback
02-15 13:12:27.481 11334 12331 E unknown:SurfaceMountingManager: Stopping surface [1]
02-15 13:12:27.487 11334 11334 I ReactNative: [GESTURE HANDLER] Tearing down gesture handler registered for root view com.facebook.react.runtime.ReactSurfaceView{5400dd5 V.E...... ........ 0,0-1080,2340 #1}
02-15 13:12:27.487 11334 11334 E unknown:SurfaceMountingManager: Surface [1] was stopped on SurfaceMountingManager.
02-15 13:12:27.494 11334 12617 E unknown:ReactHost: Unhandled SoftException
02-15 13:12:27.494 11334 12617 E unknown:ReactHost: com.facebook.react.bridge.ReactNoCrashSoftException: raiseSoftException(callWithExistingReactInstance(callFunctionOnModule("RCTDeviceEventEmitter", "emit"))): Execute: reactInstance is null. Dropping work.
02-15 13:12:27.494 11334 12617 E unknown:ReactHost: 	at com.facebook.react.runtime.ReactHostImpl.raiseSoftException(r8-map-id-729244c2c702b12ab82c9b924bd7600a43848511c8bdcfc0f245ffcf2662a0e5:50)
02-15 13:12:27.494 11334 12617 E unknown:ReactHost: 	at com.facebook.react.runtime.ReactHostImpl.raiseSoftException$default(r8-map-id-729244c2c702b12ab82c9b924bd7600a43848511c8bdcfc0f245ffcf2662a0e5:6)
02-15 13:12:27.494 11334 12617 E unknown:ReactHost: 	at com.facebook.react.runtime.ReactHostImpl.callWithExistingReactInstance$lambda$31(r8-map-id-729244c2c702b12ab82c9b924bd7600a43848511c8bdcfc0f245ffcf2662a0e5:42)
02-15 13:12:27.494 11334 12617 E unknown:ReactHost: 	at com.facebook.react.runtime.ReactHostImpl.G(r8-map-id-729244c2c702b12ab82c9b924bd7600a43848511c8bdcfc0f245ffcf2662a0e5:1)
02-15 13:12:27.494 11334 12617 E unknown:ReactHost: 	at com.facebook.react.runtime.F.then(r8-map-id-729244c2c702b12ab82c9b924bd7600a43848511c8bdcfc0f245ffcf2662a0e5:7)
02-15 13:12:27.494 11334 12617 E unknown:ReactHost: 	at com.facebook.react.runtime.internal.bolts.Task$Companion.completeImmediately$lambda$3(r8-map-id-729244c2c702b12ab82c9b924bd7600a43848511c8bdcfc0f245ffcf2662a0e5:1)
02-15 13:12:27.494 11334 12617 E unknown:ReactHost: 	at com.facebook.react.runtime.internal.bolts.Task$Companion.e(r8-map-id-729244c2c702b12ab82c9b924bd7600a43848511c8bdcfc0f245ffcf2662a0e5:1)
02-15 13:12:27.494 11334 12617 E unknown:ReactHost: 	at com.facebook.react.runtime.internal.bolts.i.run(r8-map-id-729244c2c702b12ab82c9b924bd7600a43848511c8bdcfc0f245ffcf2662a0e5:7)
02-15 13:12:27.494 11334 12617 E unknown:ReactHost: 	at com.facebook.react.runtime.internal.bolts.Executors$ImmediateExecutor.execute(r8-map-id-729244c2c702b12ab82c9b924bd7600a43848511c8bdcfc0f245ffcf2662a0e5:6)
02-15 13:12:27.494 11334 12617 E unknown:ReactHost: 	at com.facebook.react.runtime.internal.bolts.Task$Companion.completeImmediately(r8-map-id-729244c2c702b12ab82c9b924bd7600a43848511c8bdcfc0f245ffcf2662a0e5:6)
02-15 13:12:27.494 11334 12617 E unknown:ReactHost: 	at com.facebook.react.runtime.internal.bolts.Task$Companion.access$completeImmediately(r8-map-id-729244c2c702b12ab82c9b924bd7600a43848511c8bdcfc0f245ffcf2662a0e5:1)
02-15 13:12:27.494 11334 12617 E unknown:ReactHost: 	at com.facebook.react.runtime.internal.bolts.Task.continueWith(r8-map-id-729244c2c702b12ab82c9b924bd7600a43848511c8bdcfc0f245ffcf2662a0e5:8)
02-15 13:12:27.494 11334 12617 E unknown:ReactHost: 	at com.facebook.react.runtime.internal.bolts.Task.continueWith$default(r8-map-id-729244c2c702b12ab82c9b924bd7600a43848511c8bdcfc0f245ffcf2662a0e5:7)
02-15 13:12:27.494 11334 12617 E unknown:ReactHost: 	at com.facebook.react.runtime.internal.bolts.Task.onSuccess$lambda$12(r8-map-id-729244c2c702b12ab82c9b924bd7600a43848511c8bdcfc0f245ffcf2662a0e5:38)
02-15 13:12:27.494 11334 12617 E unknown:ReactHost: 	at com.facebook.react.runtime.internal.bolts.Task.e(r8-map-id-729244c2c702b12ab82c9b924bd7600a43848511c8bdcfc0f245ffcf2662a0e5:1)
02-15 13:12:27.494 11334 12617 E unknown:ReactHost: 	at com.facebook.react.runtime.internal.bolts.c.then(r8-map-id-729244c2c702b12ab82c9b924bd7600a43848511c8bdcfc0f245ffcf2662a0e5:3)
02-15 13:12:27.494 11334 12617 E unknown:ReactHost: 	at com.facebook.react.runtime.internal.bolts.Task$Companion.completeAfterTask$lambda$5(r8-map-id-729244c2c702b12ab82c9b924bd7600a43848511c8bdcfc0f245ffcf2662a0e5:1)
02-15 13:12:27.494 11334 12617 E unknown:ReactHost: 	at com.facebook.react.runtime.internal.bolts.Task$Companion.a(r8-map-id-729244c2c702b12ab82c9b924bd7600a43848511c8bdcfc0f245ffcf2662a0e5:1)
02-15 13:12:27.494 11334 12617 E unknown:ReactHost: 	at com.facebook.react.runtime.internal.bolts.j.run(r8-map-id-729244c2c702b12ab82c9b924bd7600a43848511c8bdcfc0f245ffcf2662a0e5:7)
02-15 13:12:27.494 11334 12617 E unknown:ReactHost: 	at com.facebook.react.runtime.internal.bolts.Executors$ImmediateExecutor.execute(r8-map-id-729244c2c702b12ab82c9b924bd7600a43848511c8bdcfc0f245ffcf2662a0e5:6)
02-15 13:12:27.494 11334 12617 E unknown:ReactHost: 	at com.facebook.react.runtime.internal.bolts.Task$Companion.completeAfterTask(r8-map-id-729244c2c702b12ab82c9b924bd7600a43848511c8bdcfc0f245ffcf2662a0e5:6)
02-15 13:12:27.494 11334 12617 E unknown:ReactHost: 	at com.facebook.react.runtime.internal.bolts.Task$Companion.access$completeAfterTask(r8-map-id-729244c2c702b12ab82c9b924bd7600a43848511c8bdcfc0f245ffcf2662a0e5:1)
02-15 13:12:27.494 11334 12617 E unknown:ReactHost: 	at com.facebook.react.runtime.internal.bolts.Task.continueWithTask(r8-map-id-729244c2c702b12ab82c9b924bd7600a43848511c8bdcfc0f245ffcf2662a0e5:8)
02-15 13:12:27.494 11334 12617 E unknown:ReactHost: 	at com.facebook.react.runtime.internal.bolts.Task.onSuccess(r8-map-id-729244c2c702b12ab82c9b924bd7600a43848511c8bdcfc0f245ffcf2662a0e5:16)
02-15 13:12:27.494 11334 12617 E unknown:ReactHost: 	at com.facebook.react.runtime.ReactHostImpl.callWithExistingReactInstance(r8-map-id-729244c2c702b12ab82c9b924bd7600a43848511c8bdcfc0f245ffcf2662a0e5:14)
02-15 13:12:27.494 11334 12617 E unknown:ReactHost: 	at com.facebook.react.runtime.ReactHostImpl.callWithExistingReactInstance$default(r8-map-id-729244c2c702b12ab82c9b924bd7600a43848511c8bdcfc0f245ffcf2662a0e5:7)
02-15 13:12:27.494 11334 12617 E unknown:ReactHost: 	at com.facebook.react.runtime.ReactHostImpl.callFunctionOnModule$ReactAndroid_release(r8-map-id-729244c2c702b12ab82c9b924bd7600a43848511c8bdcfc0f245ffcf2662a0e5:55)
02-15 13:12:27.494 11334 12617 E unknown:ReactHost: 	at com.facebook.react.runtime.BridgelessReactContext.emitDeviceEvent(r8-map-id-729244c2c702b12ab82c9b924bd7600a43848511c8bdcfc0f245ffcf2662a0e5:20)
02-15 13:12:27.494 11334 12617 E unknown:ReactHost: 	at com.facebook.react.modules.network.NetworkEventUtil.onResponseReceived(r8-map-id-729244c2c702b12ab82c9b924bd7600a43848511c8bdcfc0f245ffcf2662a0e5:16)
02-15 13:12:27.494 11334 12617 E unknown:ReactHost: 	at com.facebook.react.modules.network.NetworkingModule$sendRequestInternalReal$2.onResponse(r8-map-id-729244c2c702b12ab82c9b924bd7600a43848511c8bdcfc0f245ffcf2662a0e5:36)
02-15 13:12:27.494 11334 12617 E unknown:ReactHost: 	at okhttp3.internal.connection.RealCall$AsyncCall.run(r8-map-id-729244c2c702b12ab82c9b924bd7600a43848511c8bdcfc0f245ffcf2662a0e5:52)
02-15 13:12:27.494 11334 12617 E unknown:ReactHost: 	at java.util.concurrent.ThreadPoolExecutor.runWorker(ThreadPoolExecutor.java:1156)
02-15 13:12:27.494 11334 12617 E unknown:ReactHost: 	at java.util.concurrent.ThreadPoolExecutor$Worker.run(ThreadPoolExecutor.java:651)
02-15 13:12:27.494 11334 12617 E unknown:ReactHost: 	at java.lang.Thread.run(Thread.java:1119)
02-15 13:12:27.495 11334 12617 E unknown:ReactHost: Unhandled SoftException
02-15 13:12:27.495 11334 12617 E unknown:ReactHost: com.facebook.react.bridge.ReactNoCrashSoftException: raiseSoftException(callWithExistingReactInstance(callFunctionOnModule("RCTDeviceEventEmitter", "emit"))): Execute: reactInstance is null. Dropping work.
02-15 13:12:27.495 11334 12617 E unknown:ReactHost: 	at com.facebook.react.runtime.ReactHostImpl.raiseSoftException(r8-map-id-729244c2c702b12ab82c9b924bd7600a43848511c8bdcfc0f245ffcf2662a0e5:50)
02-15 13:12:27.495 11334 12617 E unknown:ReactHost: 	at com.facebook.react.runtime.ReactHostImpl.raiseSoftException$default(r8-map-id-729244c2c702b12ab82c9b924bd7600a43848511c8bdcfc0f245ffcf2662a0e5:6)
02-15 13:12:27.495 11334 12617 E unknown:ReactHost: 	at com.facebook.react.runtime.ReactHostImpl.callWithExistingReactInstance$lambda$31(r8-map-id-729244c2c702b12ab82c9b924bd7600a43848511c8bdcfc0f245ffcf2662a0e5:42)
02-15 13:12:27.495 11334 12617 E unknown:ReactHost: 	at com.facebook.react.runtime.ReactHostImpl.G(r8-map-id-729244c2c702b12ab82c9b924bd7600a43848511c8bdcfc0f245ffcf2662a0e5:1)
02-15 13:12:27.495 11334 12617 E unknown:ReactHost: 	at com.facebook.react.runtime.F.then(r8-map-id-729244c2c702b12ab82c9b924bd7600a43848511c8bdcfc0f245ffcf2662a0e5:7)
02-15 13:12:27.495 11334 12617 E unknown:ReactHost: 	at com.facebook.react.runtime.internal.bolts.Task$Companion.completeImmediately$lambda$3(r8-map-id-729244c2c702b12ab82c9b924bd7600a43848511c8bdcfc0f245ffcf2662a0e5:1)
02-15 13:12:27.495 11334 12617 E unknown:ReactHost: 	at com.facebook.react.runtime.internal.bolts.Task$Companion.e(r8-map-id-729244c2c702b12ab82c9b924bd7600a43848511c8bdcfc0f245ffcf2662a0e5:1)
02-15 13:12:27.495 11334 12617 E unknown:ReactHost: 	at com.facebook.react.runtime.internal.bolts.i.run(r8-map-id-729244c2c702b12ab82c9b924bd7600a43848511c8bdcfc0f245ffcf2662a0e5:7)
02-15 13:12:27.495 11334 12617 E unknown:ReactHost: 	at com.facebook.react.runtime.internal.bolts.Executors$ImmediateExecutor.execute(r8-map-id-729244c2c702b12ab82c9b924bd7600a43848511c8bdcfc0f245ffcf2662a0e5:6)
02-15 13:12:27.495 11334 12617 E unknown:ReactHost: 	at com.facebook.react.runtime.internal.bolts.Task$Companion.completeImmediately(r8-map-id-729244c2c702b12ab82c9b924bd7600a43848511c8bdcfc0f245ffcf2662a0e5:6)
02-15 13:12:27.495 11334 12617 E unknown:ReactHost: 	at com.facebook.react.runtime.internal.bolts.Task$Companion.access$completeImmediately(r8-map-id-729244c2c702b12ab82c9b924bd7600a43848511c8bdcfc0f245ffcf2662a0e5:1)
02-15 13:12:27.495 11334 12617 E unknown:ReactHost: 	at com.facebook.react.runtime.internal.bolts.Task.continueWith(r8-map-id-729244c2c702b12ab82c9b924bd7600a43848511c8bdcfc0f245ffcf2662a0e5:8)
02-15 13:12:27.495 11334 12617 E unknown:ReactHost: 	at com.facebook.react.runtime.internal.bolts.Task.continueWith$default(r8-map-id-729244c2c702b12ab82c9b924bd7600a43848511c8bdcfc0f245ffcf2662a0e5:7)
02-15 13:12:27.495 11334 12617 E unknown:ReactHost: 	at com.facebook.react.runtime.internal.bolts.Task.onSuccess$lambda$12(r8-map-id-729244c2c702b12ab82c9b924bd7600a43848511c8bdcfc0f245ffcf2662a0e5:38)
02-15 13:12:27.495 11334 12617 E unknown:ReactHost: 	at com.facebook.react.runtime.internal.bolts.Task.e(r8-map-id-729244c2c702b12ab82c9b924bd7600a43848511c8bdcfc0f245ffcf2662a0e5:1)
02-15 13:12:27.495 11334 12617 E unknown:ReactHost: 	at com.facebook.react.runtime.internal.bolts.c.then(r8-map-id-729244c2c702b12ab82c9b924bd7600a43848511c8bdcfc0f245ffcf2662a0e5:3)
02-15 13:12:27.495 11334 12617 E unknown:ReactHost: 	at com.facebook.react.runtime.internal.bolts.Task$Companion.completeAfterTask$lambda$5(r8-map-id-729244c2c702b12ab82c9b924bd7600a43848511c8bdcfc0f245ffcf2662a0e5:1)
02-15 13:12:27.495 11334 12617 E unknown:ReactHost: 	at com.facebook.react.runtime.internal.bolts.Task$Companion.a(r8-map-id-729244c2c702b12ab82c9b924bd7600a43848511c8bdcfc0f245ffcf2662a0e5:1)
02-15 13:12:27.495 11334 12617 E unknown:ReactHost: 	at com.facebook.react.runtime.internal.bolts.j.run(r8-map-id-729244c2c702b12ab82c9b924bd7600a43848511c8bdcfc0f245ffcf2662a0e5:7)
02-15 13:12:27.495 11334 12617 E unknown:ReactHost: 	at com.facebook.react.runtime.internal.bolts.Executors$ImmediateExecutor.execute(r8-map-id-729244c2c702b12ab82c9b924bd7600a43848511c8bdcfc0f245ffcf2662a0e5:6)
02-15 13:12:27.495 11334 12617 E unknown:ReactHost: 	at com.facebook.react.runtime.internal.bolts.Task$Companion.completeAfterTask(r8-map-id-729244c2c702b12ab82c9b924bd7600a43848511c8bdcfc0f245ffcf2662a0e5:6)
02-15 13:12:27.495 11334 12617 E unknown:ReactHost: 	at com.facebook.react.runtime.internal.bolts.Task$Companion.access$completeAfterTask(r8-map-id-729244c2c702b12ab82c9b924bd7600a43848511c8bdcfc0f245ffcf2662a0e5:1)
02-15 13:12:27.495 11334 12617 E unknown:ReactHost: 	at com.facebook.react.runtime.internal.bolts.Task.continueWithTask(r8-map-id-729244c2c702b12ab82c9b924bd7600a43848511c8bdcfc0f245ffcf2662a0e5:8)
02-15 13:12:27.495 11334 12617 E unknown:ReactHost: 	at com.facebook.react.runtime.internal.bolts.Task.onSuccess(r8-map-id-729244c2c702b12ab82c9b924bd7600a43848511c8bdcfc0f245ffcf2662a0e5:16)
02-15 13:12:27.495 11334 12617 E unknown:ReactHost: 	at com.facebook.react.runtime.ReactHostImpl.callWithExistingReactInstance(r8-map-id-729244c2c702b12ab82c9b924bd7600a43848511c8bdcfc0f245ffcf2662a0e5:14)
02-15 13:12:27.495 11334 12617 E unknown:ReactHost: 	at com.facebook.react.runtime.ReactHostImpl.callWithExistingReactInstance$default(r8-map-id-729244c2c702b12ab82c9b924bd7600a43848511c8bdcfc0f245ffcf2662a0e5:7)
02-15 13:12:27.495 11334 12617 E unknown:ReactHost: 	at com.facebook.react.runtime.ReactHostImpl.callFunctionOnModule$ReactAndroid_release(r8-map-id-729244c2c702b12ab82c9b924bd7600a43848511c8bdcfc0f245ffcf2662a0e5:55)
02-15 13:12:27.495 11334 12617 E unknown:ReactHost: 	at com.facebook.react.runtime.BridgelessReactContext.emitDeviceEvent(r8-map-id-729244c2c702b12ab82c9b924bd7600a43848511c8bdcfc0f245ffcf2662a0e5:20)
02-15 13:12:27.495 11334 12617 E unknown:ReactHost: 	at com.facebook.react.modules.network.NetworkEventUtil.onDataReceived(r8-map-id-729244c2c702b12ab82c9b924bd7600a43848511c8bdcfc0f245ffcf2662a0e5:10)
02-15 13:12:27.495 11334 12617 E unknown:ReactHost: 	at com.facebook.react.modules.network.NetworkingModule$sendRequestInternalReal$2.onResponse(r8-map-id-729244c2c702b12ab82c9b924bd7600a43848511c8bdcfc0f245ffcf2662a0e5:288)
02-15 13:12:27.495 11334 12617 E unknown:ReactHost: 	at okhttp3.internal.connection.RealCall$AsyncCall.run(r8-map-id-729244c2c702b12ab82c9b924bd7600a43848511c8bdcfc0f245ffcf2662a0e5:52)
02-15 13:12:27.495 11334 12617 E unknown:ReactHost: 	at java.util.concurrent.ThreadPoolExecutor.runWorker(ThreadPoolExecutor.java:1156)
02-15 13:12:27.495 11334 12617 E unknown:ReactHost: 	at java.util.concurrent.ThreadPoolExecutor$Worker.run(ThreadPoolExecutor.java:651)
02-15 13:12:27.495 11334 12617 E unknown:ReactHost: 	at java.lang.Thread.run(Thread.java:1119)
02-15 13:12:27.495 11334 12617 E unknown:ReactHost: Unhandled SoftException
02-15 13:12:27.495 11334 12617 E unknown:ReactHost: com.facebook.react.bridge.ReactNoCrashSoftException: raiseSoftException(callWithExistingReactInstance(callFunctionOnModule("RCTDeviceEventEmitter", "emit"))): Execute: reactInstance is null. Dropping work.
02-15 13:12:27.495 11334 12617 E unknown:ReactHost: 	at com.facebook.react.runtime.ReactHostImpl.raiseSoftException(r8-map-id-729244c2c702b12ab82c9b924bd7600a43848511c8bdcfc0f245ffcf2662a0e5:50)
02-15 13:12:27.495 11334 12617 E unknown:ReactHost: 	at com.facebook.react.runtime.ReactHostImpl.raiseSoftException$default(r8-map-id-729244c2c702b12ab82c9b924bd7600a43848511c8bdcfc0f245ffcf2662a0e5:6)
02-15 13:12:27.495 11334 12617 E unknown:ReactHost: 	at com.facebook.react.runtime.ReactHostImpl.callWithExistingReactInstance$lambda$31(r8-map-id-729244c2c702b12ab82c9b924bd7600a43848511c8bdcfc0f245ffcf2662a0e5:42)
02-15 13:12:27.495 11334 12617 E unknown:ReactHost: 	at com.facebook.react.runtime.ReactHostImpl.G(r8-map-id-729244c2c702b12ab82c9b924bd7600a43848511c8bdcfc0f245ffcf2662a0e5:1)
02-15 13:12:27.495 11334 12617 E unknown:ReactHost: 	at com.facebook.react.runtime.F.then(r8-map-id-729244c2c702b12ab82c9b924bd7600a43848511c8bdcfc0f245ffcf2662a0e5:7)
02-15 13:12:27.495 11334 12617 E unknown:ReactHost: 	at com.facebook.react.runtime.internal.bolts.Task$Companion.completeImmediately$lambda$3(r8-map-id-729244c2c702b12ab82c9b924bd7600a43848511c8bdcfc0f245ffcf2662a0e5:1)
02-15 13:12:27.495 11334 12617 E unknown:ReactHost: 	at com.facebook.react.runtime.internal.bolts.Task$Companion.e(r8-map-id-729244c2c702b12ab82c9b924bd7600a43848511c8bdcfc0f245ffcf2662a0e5:1)
02-15 13:12:27.495 11334 12617 E unknown:ReactHost: 	at com.facebook.react.runtime.internal.bolts.i.run(r8-map-id-729244c2c702b12ab82c9b924bd7600a43848511c8bdcfc0f245ffcf2662a0e5:7)
02-15 13:12:27.495 11334 12617 E unknown:ReactHost: 	at com.facebook.react.runtime.internal.bolts.Executors$ImmediateExecutor.execute(r8-map-id-729244c2c702b12ab82c9b924bd7600a43848511c8bdcfc0f245ffcf2662a0e5:6)
02-15 13:12:27.495 11334 12617 E unknown:ReactHost: 	at com.facebook.react.runtime.internal.bolts.Task$Companion.completeImmediately(r8-map-id-729244c2c702b12ab82c9b924bd7600a43848511c8bdcfc0f245ffcf2662a0e5:6)
02-15 13:12:27.495 11334 12617 E unknown:ReactHost: 	at com.facebook.react.runtime.internal.bolts.Task$Companion.access$completeImmediately(r8-map-id-729244c2c702b12ab82c9b924bd7600a43848511c8bdcfc0f245ffcf2662a0e5:1)
02-15 13:12:27.495 11334 12617 E unknown:ReactHost: 	at com.facebook.react.runtime.internal.bolts.Task.continueWith(r8-map-id-729244c2c702b12ab82c9b924bd7600a43848511c8bdcfc0f245ffcf2662a0e5:8)
02-15 13:12:27.495 11334 12617 E unknown:ReactHost: 	at com.facebook.react.runtime.internal.bolts.Task.continueWith$default(r8-map-id-729244c2c702b12ab82c9b924bd7600a43848511c8bdcfc0f245ffcf2662a0e5:7)
02-15 13:12:27.495 11334 12617 E unknown:ReactHost: 	at com.facebook.react.runtime.internal.bolts.Task.onSuccess$lambda$12(r8-map-id-729244c2c702b12ab82c9b924bd7600a43848511c8bdcfc0f245ffcf2662a0e5:38)
02-15 13:12:27.495 11334 12617 E unknown:ReactHost: 	at com.facebook.react.runtime.internal.bolts.Task.e(r8-map-id-729244c2c702b12ab82c9b924bd7600a43848511c8bdcfc0f245ffcf2662a0e5:1)
02-15 13:12:27.495 11334 12617 E unknown:ReactHost: 	at com.facebook.react.runtime.internal.bolts.c.then(r8-map-id-729244c2c702b12ab82c9b924bd7600a43848511c8bdcfc0f245ffcf2662a0e5:3)
02-15 13:12:27.495 11334 12617 E unknown:ReactHost: 	at com.facebook.react.runtime.internal.bolts.Task$Companion.completeAfterTask$lambda$5(r8-map-id-729244c2c702b12ab82c9b924bd7600a43848511c8bdcfc0f245ffcf2662a0e5:1)
02-15 13:12:27.495 11334 12617 E unknown:ReactHost: 	at com.facebook.react.runtime.internal.bolts.Task$Companion.a(r8-map-id-729244c2c702b12ab82c9b924bd7600a43848511c8bdcfc0f245ffcf2662a0e5:1)
02-15 13:12:27.495 11334 12617 E unknown:ReactHost: 	at com.facebook.react.runtime.internal.bolts.j.run(r8-map-id-729244c2c702b12ab82c9b924bd7600a43848511c8bdcfc0f245ffcf2662a0e5:7)
02-15 13:12:27.495 11334 12617 E unknown:ReactHost: 	at com.facebook.react.runtime.internal.bolts.Executors$ImmediateExecutor.execute(r8-map-id-729244c2c702b12ab82c9b924bd7600a43848511c8bdcfc0f245ffcf2662a0e5:6)
02-15 13:12:27.495 11334 12617 E unknown:ReactHost: 	at com.facebook.react.runtime.internal.bolts.Task$Companion.completeAfterTask(r8-map-id-729244c2c702b12ab82c9b924bd7600a43848511c8bdcfc0f245ffcf2662a0e5:6)
02-15 13:12:27.495 11334 12617 E unknown:ReactHost: 	at com.facebook.react.runtime.internal.bolts.Task$Companion.access$completeAfterTask(r8-map-id-729244c2c702b12ab82c9b924bd7600a43848511c8bdcfc0f245ffcf2662a0e5:1)
02-15 13:12:27.495 11334 12617 E unknown:ReactHost: 	at com.facebook.react.runtime.internal.bolts.Task.continueWithTask(r8-map-id-729244c2c702b12ab82c9b924bd7600a43848511c8bdcfc0f245ffcf2662a0e5:8)
02-15 13:12:27.495 11334 12617 E unknown:ReactHost: 	at com.facebook.react.runtime.internal.bolts.Task.onSuccess(r8-map-id-729244c2c702b12ab82c9b924bd7600a43848511c8bdcfc0f245ffcf2662a0e5:16)
02-15 13:12:27.495 11334 12617 E unknown:ReactHost: 	at com.facebook.react.runtime.ReactHostImpl.callWithExistingReactInstance(r8-map-id-729244c2c702b12ab82c9b924bd7600a43848511c8bdcfc0f245ffcf2662a0e5:14)
02-15 13:12:27.495 11334 12617 E unknown:ReactHost: 	at com.facebook.react.runtime.ReactHostImpl.callWithExistingReactInstance$default(r8-map-id-729244c2c702b12ab82c9b924bd7600a43848511c8bdcfc0f245ffcf2662a0e5:7)
02-15 13:12:27.495 11334 12617 E unknown:ReactHost: 	at com.facebook.react.runtime.ReactHostImpl.callFunctionOnModule$ReactAndroid_release(r8-map-id-729244c2c702b12ab82c9b924bd7600a43848511c8bdcfc0f245ffcf2662a0e5:55)
02-15 13:12:27.495 11334 12617 E unknown:ReactHost: 	at com.facebook.react.runtime.BridgelessReactContext.emitDeviceEvent(r8-map-id-729244c2c702b12ab82c9b924bd7600a43848511c8bdcfc0f245ffcf2662a0e5:20)
02-15 13:12:27.495 11334 12617 E unknown:ReactHost: 	at com.facebook.react.modules.network.NetworkEventUtil.onRequestSuccess(r8-map-id-729244c2c702b12ab82c9b924bd7600a43848511c8bdcfc0f245ffcf2662a0e5:36)
02-15 13:12:27.495 11334 12617 E unknown:ReactHost: 	at com.facebook.react.modules.network.NetworkingModule$sendRequestInternalReal$2.onResponse(r8-map-id-729244c2c702b12ab82c9b924bd7600a43848511c8bdcfc0f245ffcf2662a0e5:301)
02-15 13:12:27.495 11334 12617 E unknown:ReactHost: 	at okhttp3.internal.connection.RealCall$AsyncCall.run(r8-map-id-729244c2c702b12ab82c9b924bd7600a43848511c8bdcfc0f245ffcf2662a0e5:52)
02-15 13:12:27.495 11334 12617 E unknown:ReactHost: 	at java.util.concurrent.ThreadPoolExecutor.runWorker(ThreadPoolExecutor.java:1156)
02-15 13:12:27.495 11334 12617 E unknown:ReactHost: 	at java.util.concurrent.ThreadPoolExecutor$Worker.run(ThreadPoolExecutor.java:651)
02-15 13:12:27.495 11334 12617 E unknown:ReactHost: 	at java.lang.Thread.run(Thread.java:1119)
02-15 13:12:27.502  1874  1874 E SurfaceFlinger: alpha changed 1.000 -> 0.000 - DimTransitionLayer for Surface(name=Task=4127)/@0x57234e6#32591
02-15 13:12:27.502  1874  1874 E SurfaceFlinger: alpha changed 0.000 -> 0.180 - DimTransitionLayer for Surface(name=Task=4127)/@0x57234e6#32591
02-15 13:12:27.510 11334 12331 E unknown:ReactNative: Tried to remove non-existent frame callback
02-15 13:12:27.514 11334 11460 E perf_hint: Session ID too large, must fit 32-bit integer
02-15 13:12:27.521 11334 11450 E perf_hint: Session ID too large, must fit 32-bit integer
02-15 13:12:27.529 11334 11334 E g       : java.lang.RuntimeException: A TaskDescription's primary color should be opaque
02-15 13:12:27.529  5009  5009 E pageboostd: Received HALT command code 2
02-15 13:12:27.537  2832  7625 E NotificationService: isPkgBlocked = true
02-15 13:12:27.537  2832  7625 E NotificationService: isRecordBlocked = false
02-15 13:12:27.537  2832  7625 E NotificationService: Suppressing notification from package host.exp.exponent by user request.
02-15 13:12:27.537 11334 11334 E g       : java.lang.RuntimeException: A TaskDescription's primary color should be opaque
02-15 13:12:27.539 11334 11334 E o       : java.lang.NoSuchFieldException: No field numActivities in class Landroid/app/ActivityManager$RecentTaskInfo; (declaration of 'android.app.ActivityManager$RecentTaskInfo' appears in /system/framework/framework.jar)
02-15 13:12:27.546 11334 11460 E perf_hint: Session ID too large, must fit 32-bit integer
02-15 13:12:27.556 29948 18479 E SamsungAccount: [FamilyGroupUtil] getCountryCodeListWithRegionMcc - no country code with region mcc
02-15 13:12:27.560  1874  1874 E SurfaceFlinger: alpha changed 1.000 -> 0.000 - Surface(name=7b9cbc8 InputMethod)/@0x836fb86 - animation-leash of insets_animation#32602
02-15 13:12:27.567 11334 11450 E perf_hint: Session ID too large, must fit 32-bit integer
02-15 13:12:27.660  1874  1874 E SurfaceFlinger: alpha changed 0.011 -> 0.000 - DimTransitionLayer for Surface(name=Task=4127)/@0x57234e6#32591
02-15 13:12:27.929  2832  7625 E WindowManager: win=Window{d8b9f2c u0 host.exp.exponent/host.exp.exponent.experience.HomeActivity} destroySurfaces: appStopped=true cleanupOnResume=false win.mWindowRemovalAllowed=false win.mRemoveOnExit=false win.mViewVisibility=4 caller=com.android.server.wm.ActivityRecord.destroySurfaces:25 com.android.server.wm.ActivityRecord.activityStopped:192 com.android.server.wm.ActivityClientController.activityStopped:97 android.app.IActivityClientController$Stub.onTransact:740 com.android.server.wm.ActivityClientController.onTransact:1 android.os.Binder.execTransactInternal:1462 android.os.Binder.execTransact:1401 
02-15 13:12:28.227  1855  1896 E HeatmapThread: ECT Thread time in milliseconds: 1771175548
02-15 13:12:28.232  1855  1896 E HeatmapThread: !@ CAM New BSOH: 100
02-15 13:12:28.511  1772  2380 E SDM     : ScalarConfig::GetAIScaleSettingsInfo: AI Scaler Config for display 68 is not present
02-15 13:12:29.227  1855  1896 E HeatmapThread: ECT Thread time in milliseconds: 1771175549
02-15 13:12:29.229  1855  1896 E HeatmapThread: !@ CAM New BSOH: 100
02-15 13:12:29.286 11334 12869 I ReactNativeJS: Running "main" with {"rootTag":11,"initialProps":{"exp":{"shell":false,"manifestString":"{\"id\":\"b3125c59-c636-4fb0-9e68-ae82efc2a797\",\"createdAt\":\"2026-02-15T17:12:27.438Z\",\"runtimeVersion\":\"exposdk:55.0.0\",\"launchAsset\":{\"key\":\"bundle\",\"contentType\":\"application\\/javascript\",\"url\":\"http:\\/\\/10.0.0.108:8081\\/index.ts.bundle?platform=android&dev=true&hot=false&lazy=true&transform.engine=hermes&transform.bytecode=1&transform.routerRoot=app&unstable_transformProfile=hermes-stable\"},\"assets\":[],\"metadata\":{},\"extra\":{\"eas\":{},\"expoClient\":{\"name\":\"MOVOPos\",\"slug\":\"movopos-mobile\",\"version\":\"1.0.0\",\"orientation\":\"portrait\",\"icon\":\".\\/assets\\/icon.png\",\"userInterfaceStyle\":\"light\",\"scheme\":\"movopos\",\"backgroundColor\":\"#ffffff\",\"androidStatusBar\":{\"backgroundColor\":\"#1a73e8\",\"barStyle\":\"light-content\",\"translucent\":false},\"splash\":{\"image\":\".\\/assets\\/splash-icon.png\",\"resizeMode\":\"contain\",\"backgroundColor\":\"#1a73e8\",\"imageUrl\":\"http:\\/\\/10.0.0.108:8081\\/assets\\/.\\/assets\\/splash-icon.png\"},\"ios\":{\"supportsTablet\":true,\"bundleIdentifier\":\"com.movopos.app\",\"infoPlist\":{\"NSCameraUsageDescription\":\"MOVOPos necesita acceso a la cámara para escanear códigos de barras\",\"NSFaceIDUsageDescription\":\"MOVOPos usa Face ID para autenticación segura\",\"NSBluetoothAlwaysUsageDescription\":\"MOVOPos necesita Bluetooth para conectar con impresoras térmicas\",\"NSBluetoothPeripheralUsageDescription\":\"MOVOPos necesita Bluetooth para conectar con impresoras térmicas\",\"NSLocationWhenInUseUsageDescription\":\"MOVOPos usa tu ubicación para registrar el lugar de las ventas\"}},\"android\":{\"package\":\"com.movopos.app\",\"adaptiveIcon\":{\"foregroundImage\":\".\\/assets\\/adaptive-icon.png\",\"backgroundColor\":\"#1a73e8\",\"foregroundImageUrl\":\"http:\\/\\/10.0.0.108:8081\\/assets\\/.\\/assets\\/adaptive-icon.png\"},\"predictiveBackGestureEnabled\":false,\"permissions\":[\"CAMERA\",\"BLUETOOTH\",\"BLUETOOTH_ADMIN\",\"BLUETOOTH_CONNECT\",\"BLUETOOTH_SCAN\",\"ACCESS_FINE_LOCATION\",\"ACCESS_COARSE_LOCATION\",\"VIBRATE\",\"RECEIVE_BOOT_COMPLETED\",\"android.permission.CAMERA\",\"android.permission.RECORD_AUDIO\",\"android.permission.USE_BIOMETRIC\",\"android.permission.USE_FINGERPRINT\"]},\"web\":{\"favicon\":\".\\/assets\\/favicon.png\"},\"plugins\":[\"expo-secure-store\",[\"expo-camera\",{\"cameraPermission\":\"MOVOPos necesita acceso a la cámara para escanear códigos de barras\"}],[\"expo-local-authentication\",{\"faceIDPermission\":\"MOVOPos usa Face ID para autenticación segura\"}],\"expo-sharing\",\"expo-sqlite\",\"expo-web-browser\"],\"extra\":{},\"_internal\":{\"isDebug\":false,\"projectRoot\":\"C:\\\\Users\\\\Albin Rodriguez\\\\Documents\\\\movopos-mobile\",\"dynamicConfigPath\":{},\"staticConfigPath\":\"C:\\\\Users\\\\Albin Rodriguez\\\\Documents\\\\movopos-mobile\\\\app.json\",\"packageJsonPath\":\"C:\\\\Users\\\\Albin Rodriguez\\\\Documents\\\\movopos-mobile\\\\package.json\",\"pluginHistory\":{\"expo-secure-store\":{\"name\":\"expo-secure-store\",\"version\":\"55.0.5\"},\"expo-camera\":{\"name\":\"expo-camera\",\"version\":\"55.0.5\"},\"expo-local-authentication\":{\"name\":\"expo-local-authentication\",\"version\":\"55.0.5\"},\"expo-sharing\":{\"name\":\"expo-sharing\",\"version\":\"55.0.6\"},\"expo-sqlite\":{\"name\":\"expo-sqlite\",\"version\":\"55.0.5\"},\"expo-web-browser\":{\"name\":\"expo-web-browser\",\"version\":\"55.0.5\"}}},\"sdkVersion\":\"55.0.0\",\"platforms\":[\"ios\",\"android\",\"web\"],\"iconUrl\":\"http:\\/\\/10.0.0.108:8081\\/assets\\/.\\/assets\\/icon.png\",\"hostUri\":\"10.0.0.108:8081\"},\"expoGo\":{\"debuggerHost\":\"10.0.0.108:8081\",\"developer\":{\"tool\":\"expo-cli\",\"projectRoot\":\"C:\\\\Users\\\\Albin Rodriguez\\\\Documents\\\\movopos-mobile\"},\"packagerOpts\":{\"dev\":true},\"mainModuleName\":\"index.ts\"},\"scopeKey\":\"@anonymous\\/movopos-mobile-e2689c69-7360-43d2-8876-b732e94bf4ab\"},\"isVerified\":true}"}},"fabric":
02-15 13:12:29.435  1772  2380 E SDM     : ScalarConfig::GetAIScaleSettingsInfo: AI Scaler Config for display 68 is not present
02-15 13:12:29.451 11334 11334 I ReactNative: [GESTURE HANDLER] Initialize gesture handler for root view com.facebook.react.runtime.ReactSurfaceView{b07c311 V.E...... ......ID 0,0-1080,2340 #b}
02-15 13:12:29.455 11334 11460 E perf_hint: Session ID too large, must fit 32-bit integer
02-15 13:12:29.511 29948 18479 E SamsungAccount: [FamilyGroupUtil] getCountryCodeListWithRegionMcc - no country code with region mcc
02-15 13:12:29.518  1874  1874 E SurfaceFlinger: alpha changed 1.000 -> 0.000 - Surface(name=7b9cbc8 InputMethod)/@0x836fb86 - animation-leash of insets_animation#32610
02-15 13:12:29.537 11334 11334 I ReactNative: [GESTURE HANDLER] Gesture handler is already enabled for a parent view
02-15 13:12:29.538 11334 11334 I ReactNative: [GESTURE HANDLER] Gesture handler is already enabled for a parent view
02-15 13:12:29.553 11334 12869 W ReactNativeJS: InteractionManager has been deprecated and will be removed in a future release. Please refactor long tasks into smaller ones, and  use 'requestIdleCallback' instead.
02-15 13:12:29.767  2832  3585 E WifiStaIfaceAidlImpl: getCachedScanData failed with service-specific exception: android.os.ServiceSpecificException:  (code 4)
02-15 13:12:29.772  2832  3783 E SemWifiLinkQualityMonitor: Too old or invalid TMI: currentTime=1771175549770 lastDateWindow=1771118498000
02-15 13:12:29.781  2832  5680 E SemWifiService: getCurrentNetworkScore - invalid score data
02-15 13:12:29.781  2832  5680 E WifiProfileShare.Caster: failed to generate qos array, need to check network score data
02-15 13:12:29.835 11334 11334 I ReactNative: [GESTURE HANDLER] Gesture handler is already enabled for a parent view
02-15 13:12:29.836 11334 11334 I ReactNative: [GESTURE HANDLER] Gesture handler is already enabled for a parent view
02-15 13:12:30.227  1855  1896 E HeatmapThread: ECT Thread time in milliseconds: 1771175550
02-15 13:12:30.231  1855  1896 E HeatmapThread: !@ CAM New BSOH: 100
02-15 13:12:30.510  1772  2380 E SDM     : ScalarConfig::GetAIScaleSettingsInfo: AI Scaler Config for display 68 is not present
02-15 13:12:30.925  2832  7095 E TaskPersister: File error accessing recents directory (directory doesn't exist?).
02-15 13:12:31.028  1772  2380 E SDM     : ScalarConfig::GetAIScaleSettingsInfo: AI Scaler Config for display 68 is not present
02-15 13:12:31.227  1855  1896 E HeatmapThread: ECT Thread time in milliseconds: 1771175551
02-15 13:12:31.231  1855  1896 E HeatmapThread: !@ CAM New BSOH: 100
02-15 13:12:31.526  1772  2380 E SDM     : ScalarConfig::GetAIScaleSettingsInfo: AI Scaler Config for display 68 is not present
02-15 13:12:31.542  1874  1874 E SurfaceFlinger: alpha changed 1.000 -> 0.000 - Surface(name=4cd34c1 host.exp.exponent/host.exp.exponent.experience.ExperienceActivity)/@0xe0529d9 - animation-leash of window_animation#32611
02-15 13:12:31.542  1874  1874 E SurfaceFlinger: alpha changed 0.000 -> 0.000 - Surface(name=4cd34c1 host.exp.exponent/host.exp.exponent.experience.ExperienceActivity)/@0xe0529d9 - animation-leash of window_animation#32611
02-15 13:12:31.555 29948 18479 E SamsungAccount: [FamilyGroupUtil] getCountryCodeListWithRegionMcc - no country code with region mcc
02-15 13:12:31.559  1874  1874 E SurfaceFlinger: alpha changed 1.000 -> 0.000 - Surface(name=7b9cbc8 InputMethod)/@0x836fb86 - animation-leash of insets_animation#32614
02-15 13:12:32.227  1855  1896 E HeatmapThread: ECT Thread time in milliseconds: 1771175552
02-15 13:12:32.231  1855  1896 E HeatmapThread: !@ CAM New BSOH: 100
02-15 13:12:32.535  2832  2913 E WindowManager: win=Window{4cd34c1 u0 host.exp.exponent/host.exp.exponent.experience.ExperienceActivity EXITING} destroySurfaces: appStopped=false cleanupOnResume=false win.mWindowRemovalAllowed=true win.mRemoveOnExit=true win.mViewVisibility=0 caller=com.android.server.wm.WindowState.onExitAnimationDone:224 com.android.server.wm.WindowState.onAnimationFinished:161 com.android.server.wm.WindowContainer$$ExternalSyntheticLambda8.onAnimationFinished:3 com.android.server.wm.SurfaceAnimator$$ExternalSyntheticLambda0.onAnimationFinished:69 com.android.server.wm.LocalAnimationAdapter$$ExternalSyntheticLambda0.run:10 android.os.Handler.handleCallback:995 android.os.Handler.dispatchMessage:103 
02-15 13:12:32.632  2832  3585 E WifiStaIfaceAidlImpl: getCachedScanData failed with service-specific exception: android.os.ServiceSpecificException:  (code 4)
02-15 13:12:32.643  2832  2938 E BluetoothPowerStatsCollector: Cannot acquire BluetoothActivityEnergyInfo
02-15 13:12:32.643  2832  2938 E BluetoothPowerStatsCollector: java.util.concurrent.ExecutionException: java.lang.RuntimeException: error: 11
02-15 13:12:32.643  2832  2938 E BluetoothPowerStatsCollector: 	at java.util.concurrent.CompletableFuture.reportGet(CompletableFuture.java:372)
02-15 13:12:32.643  2832  2938 E BluetoothPowerStatsCollector: 	at java.util.concurrent.CompletableFuture.get(CompletableFuture.java:2072)
02-15 13:12:32.643  2832  2938 E BluetoothPowerStatsCollector: 	at com.android.server.power.stats.BluetoothPowerStatsCollector.collectStats(qb/105202279 360c6b680040fadf330c49f6c5b9ba5e98c78f573d7285cb06fa9bc9a2c110fd:202)
02-15 13:12:32.643  2832  2938 E BluetoothPowerStatsCollector: 	at com.android.server.power.stats.PowerStatsCollector$$ExternalSyntheticLambda0.run(qb/105202279 360c6b680040fadf330c49f6c5b9ba5e98c78f573d7285cb06fa9bc9a2c110fd:3)
02-15 13:12:32.643  2832  2938 E BluetoothPowerStatsCollector: 	at android.os.Handler.handleCallback(Handler.java:995)
02-15 13:12:32.643  2832  2938 E BluetoothPowerStatsCollector: 	at android.os.Handler.dispatchMessage(Handler.java:103)
02-15 13:12:32.643  2832  2938 E BluetoothPowerStatsCollector: 	at android.os.Looper.loopOnce(Looper.java:273)
02-15 13:12:32.643  2832  2938 E BluetoothPowerStatsCollector: 	at android.os.Looper.loop(Looper.java:363)
02-15 13:12:32.643  2832  2938 E BluetoothPowerStatsCollector: 	at android.os.HandlerThread.run(HandlerThread.java:85)
02-15 13:12:32.643  2832  2938 E BluetoothPowerStatsCollector: Caused by: java.lang.RuntimeException: error: 11
02-15 13:12:32.643  2832  2938 E BluetoothPowerStatsCollector: 	at com.android.server.power.stats.BluetoothPowerStatsCollector$1.onBluetoothActivityEnergyInfoError(qb/105202279 360c6b680040fadf330c49f6c5b9ba5e98c78f573d7285cb06fa9bc9a2c110fd:12)
02-15 13:12:32.643  2832  2938 E BluetoothPowerStatsCollector: 	at android.bluetooth.BluetoothAdapter$OnBluetoothActivityEnergyInfoProxy.lambda$onBluetoothActivityEnergyInfoAvailable$0(BluetoothAdapter.java:1226)
02-15 13:12:32.643  2832  2938 E BluetoothPowerStatsCollector: 	at android.bluetooth.BluetoothAdapter$OnBluetoothActivityEnergyInfoProxy$$ExternalSyntheticLambda1.run(D8$$SyntheticClass:0)
02-15 13:12:32.643  2832  2938 E BluetoothPowerStatsCollector: 	at android.bluetooth.BluetoothUtils.lambda$executeFromBinder$0(BluetoothUtils.java:343)
02-15 13:12:32.643  2832  2938 E BluetoothPowerStatsCollector: 	at android.bluetooth.BluetoothUtils$$ExternalSyntheticLambda1.run(D8$$SyntheticClass:0)
02-15 13:12:32.643  2832  2938 E BluetoothPowerStatsCollector: 	at com.android.server.SystemServerInitThreadPool$$ExternalSyntheticLambda0.execute(qb/105202279 360c6b680040fadf330c49f6c5b9ba5e98c78f573d7285cb06fa9bc9a2c110fd:1)
02-15 13:12:32.643  2832  2938 E BluetoothPowerStatsCollector: 	at android.bluetooth.BluetoothUtils.executeFromBinder(BluetoothUtils.java:343)
02-15 13:12:32.643  2832  2938 E BluetoothPowerStatsCollector: 	at android.bluetooth.BluetoothAdapter$OnBluetoothActivityEnergyInfoProxy.onBluetoothActivityEnergyInfoAvailable(BluetoothAdapter.java:1224)
02-15 13:12:32.643  2832  2938 E BluetoothPowerStatsCollector: 	at android.bluetooth.IBluetoothActivityEnergyInfoListener$Stub.onTransact(IBluetoothActivityEnergyInfoListener.java:98)
02-15 13:12:32.643  2832  2938 E BluetoothPowerStatsCollector: 	at android.os.Binder.execTransactInternal(Binder.java:1462)
02-15 13:12:32.643  2832  2938 E BluetoothPowerStatsCollector: 	at android.os.Binder.execTransact(Binder.java:1401)
02-15 13:12:32.779  2832  3585 E WifiStaIfaceAidlImpl: getCachedScanData failed with service-specific exception: android.os.ServiceSpecificException:  (code 4)
02-15 13:12:32.789  2832  3783 E SemWifiLinkQualityMonitor: Too old or invalid TMI: currentTime=1771175552789 lastDateWindow=1771118498000
02-15 13:12:32.796  2832  5680 E SemWifiService: getCurrentNetworkScore - invalid score data
02-15 13:12:32.796  2832  5680 E WifiProfileShare.Caster: failed to generate qos array, need to check network score data
02-15 13:12:33.182 11334 11450 E perf_hint: Session ID too large, must fit 32-bit integer
02-15 13:12:33.184  1772  2380 E SDM     : ScalarConfig::GetAIScaleSettingsInfo: AI Scaler Config for display 68 is not present
02-15 13:12:33.227  1855  1896 E HeatmapThread: ECT Thread time in milliseconds: 1771175553
02-15 13:12:33.229  1855  1896 E HeatmapThread: !@ CAM New BSOH: 100
02-15 13:12:33.256 29948 18479 E SamsungAccount: [FamilyGroupUtil] getCountryCodeListWithRegionMcc - no country code with region mcc
02-15 13:12:33.275  1874  1874 E SurfaceFlinger: alpha changed 1.000 -> 0.000 - Surface(name=7b9cbc8 InputMethod)/@0x836fb86 - animation-leash of insets_animation#32619
02-15 13:12:34.227  1855  1896 E HeatmapThread: ECT Thread time in milliseconds: 1771175554
02-15 13:12:34.230  1855  1896 E HeatmapThread: !@ CAM New BSOH: 100
02-15 13:12:34.303  1772  2380 E SDM     : ScalarConfig::GetAIScaleSettingsInfo: AI Scaler Config for display 68 is not present
02-15 13:12:34.394 11334 12841 E unknown:ReactHost: Unhandled SoftException
02-15 13:12:34.394 11334 12841 E unknown:ReactHost: com.facebook.react.bridge.ReactNoCrashSoftException: raiseSoftException(getOrCreateDestroyTask()): ReactHostImpl.invalidate()
02-15 13:12:34.394 11334 12841 E unknown:ReactHost: 	at com.facebook.react.runtime.ReactHostImpl.raiseSoftException(r8-map-id-729244c2c702b12ab82c9b924bd7600a43848511c8bdcfc0f245ffcf2662a0e5:50)
02-15 13:12:34.394 11334 12841 E unknown:ReactHost: 	at com.facebook.react.runtime.ReactHostImpl.getOrCreateDestroyTask(r8-map-id-729244c2c702b12ab82c9b924bd7600a43848511c8bdcfc0f245ffcf2662a0e5:10)
02-15 13:12:34.394 11334 12841 E unknown:ReactHost: 	at com.facebook.react.runtime.ReactHostImpl.destroy$lambda$11(r8-map-id-729244c2c702b12ab82c9b924bd7600a43848511c8bdcfc0f245ffcf2662a0e5:26)
02-15 13:12:34.394 11334 12841 E unknown:ReactHost: 	at com.facebook.react.runtime.ReactHostImpl.v(r8-map-id-729244c2c702b12ab82c9b924bd7600a43848511c8bdcfc0f245ffcf2662a0e5:1)
02-15 13:12:34.394 11334 12841 E unknown:ReactHost: 	at com.facebook.react.runtime.K.call(r8-map-id-729244c2c702b12ab82c9b924bd7600a43848511c8bdcfc0f245ffcf2662a0e5:7)
02-15 13:12:34.394 11334 12841 E unknown:ReactHost: 	at com.facebook.react.runtime.internal.bolts.Task$Companion.call$lambda$2(r8-map-id-729244c2c702b12ab82c9b924bd7600a43848511c8bdcfc0f245ffcf2662a0e5:6)
02-15 13:12:34.394 11334 12841 E unknown:ReactHost: 	at com.facebook.react.runtime.internal.bolts.Task$Companion.b(r8-map-id-729244c2c702b12ab82c9b924bd7600a43848511c8bdcfc0f245ffcf2662a0e5:1)
02-15 13:12:34.394 11334 12841 E unknown:ReactHost: 	at com.facebook.react.runtime.internal.bolts.g.run(r8-map-id-729244c2c702b12ab82c9b924bd7600a43848511c8bdcfc0f245ffcf2662a0e5:5)
02-15 13:12:34.394 11334 12841 E unknown:ReactHost: 	at java.util.concurrent.ThreadPoolExecutor.runWorker(ThreadPoolExecutor.java:1156)
02-15 13:12:34.394 11334 12841 E unknown:ReactHost: 	at java.util.concurrent.ThreadPoolExecutor$Worker.run(ThreadPoolExecutor.java:651)
02-15 13:12:34.394 11334 12841 E unknown:ReactHost: 	at java.lang.Thread.run(Thread.java:1119)
02-15 13:12:34.399  5009  5009 E pageboostd: Received HALT command code 2
02-15 13:12:34.402  2832  7095 E TaskPersister: File error accessing recents directory (directory doesn't exist?).
02-15 13:12:34.403  3938  4157 E perf_hint: Session ID too large, must fit 32-bit integer
02-15 13:12:34.409 11334 11334 E unknown:ReactHost: Unhandled SoftException
02-15 13:12:34.409 11334 11334 E unknown:ReactHost: com.facebook.react.bridge.ReactNoCrashSoftException: raiseSoftException(callWithExistingReactInstance(callFunctionOnModule("RCTDeviceEventEmitter", "emit"))): Execute: reactInstance is null. Dropping work.
02-15 13:12:34.409 11334 11334 E unknown:ReactHost: 	at com.facebook.react.runtime.ReactHostImpl.raiseSoftException(r8-map-id-729244c2c702b12ab82c9b924bd7600a43848511c8bdcfc0f245ffcf2662a0e5:50)
02-15 13:12:34.409 11334 11334 E unknown:ReactHost: 	at com.facebook.react.runtime.ReactHostImpl.raiseSoftException$default(r8-map-id-729244c2c702b12ab82c9b924bd7600a43848511c8bdcfc0f245ffcf2662a0e5:6)
02-15 13:12:34.409 11334 11334 E unknown:ReactHost: 	at com.facebook.react.runtime.ReactHostImpl.callWithExistingReactInstance$lambda$31(r8-map-id-729244c2c702b12ab82c9b924bd7600a43848511c8bdcfc0f245ffcf2662a0e5:42)
02-15 13:12:34.409 11334 11334 E unknown:ReactHost: 	at com.facebook.react.runtime.ReactHostImpl.G(r8-map-id-729244c2c702b12ab82c9b924bd7600a43848511c8bdcfc0f245ffcf2662a0e5:1)
02-15 13:12:34.409 11334 11334 E unknown:ReactHost: 	at com.facebook.react.runtime.F.then(r8-map-id-729244c2c702b12ab82c9b924bd7600a43848511c8bdcfc0f245ffcf2662a0e5:7)
02-15 13:12:34.409 11334 11334 E unknown:ReactHost: 	at com.facebook.react.runtime.internal.bolts.Task$Companion.completeImmediately$lambda$3(r8-map-id-729244c2c702b12ab82c9b924bd7600a43848511c8bdcfc0f245ffcf2662a0e5:1)
02-15 13:12:34.409 11334 11334 E unknown:ReactHost: 	at com.facebook.react.runtime.internal.bolts.Task$Companion.e(r8-map-id-729244c2c702b12ab82c9b924bd7600a43848511c8bdcfc0f245ffcf2662a0e5:1)
02-15 13:12:34.409 11334 11334 E unknown:ReactHost: 	at com.facebook.react.runtime.internal.bolts.i.run(r8-map-id-729244c2c702b12ab82c9b924bd7600a43848511c8bdcfc0f245ffcf2662a0e5:7)
02-15 13:12:34.409 11334 11334 E unknown:ReactHost: 	at com.facebook.react.runtime.internal.bolts.Executors$ImmediateExecutor.execute(r8-map-id-729244c2c702b12ab82c9b924bd7600a43848511c8bdcfc0f245ffcf2662a0e5:6)
02-15 13:12:34.409 11334 11334 E unknown:ReactHost: 	at com.facebook.react.runtime.internal.bolts.Task$Companion.completeImmediately(r8-map-id-729244c2c702b12ab82c9b924bd7600a43848511c8bdcfc0f245ffcf2662a0e5:6)
02-15 13:12:34.409 11334 11334 E unknown:ReactHost: 	at com.facebook.react.runtime.internal.bolts.Task$Companion.access$completeImmediately(r8-map-id-729244c2c702b12ab82c9b924bd7600a43848511c8bdcfc0f245ffcf2662a0e5:1)
02-15 13:12:34.409 11334 11334 E unknown:ReactHost: 	at com.facebook.react.runtime.internal.bolts.Task.continueWith(r8-map-id-729244c2c702b12ab82c9b924bd7600a43848511c8bdcfc0f245ffcf2662a0e5:8)
02-15 13:12:34.409 11334 11334 E unknown:ReactHost: 	at com.facebook.react.runtime.internal.bolts.Task.continueWith$default(r8-map-id-729244c2c702b12ab82c9b924bd7600a43848511c8bdcfc0f245ffcf2662a0e5:7)
02-15 13:12:34.409 11334 11334 E unknown:ReactHost: 	at com.facebook.react.runtime.internal.bolts.Task.onSuccess$lambda$12(r8-map-id-729244c2c702b12ab82c9b924bd7600a43848511c8bdcfc0f245ffcf2662a0e5:38)
02-15 13:12:34.409 11334 11334 E unknown:ReactHost: 	at com.facebook.react.runtime.internal.bolts.Task.e(r8-map-id-729244c2c702b12ab82c9b924bd7600a43848511c8bdcfc0f245ffcf2662a0e5:1)
02-15 13:12:34.409 11334 11334 E unknown:ReactHost: 	at com.facebook.react.runtime.internal.bolts.c.then(r8-map-id-729244c2c702b12ab82c9b924bd7600a43848511c8bdcfc0f245ffcf2662a0e5:3)
02-15 13:12:34.409 11334 11334 E unknown:ReactHost: 	at com.facebook.react.runtime.internal.bolts.Task$Companion.completeAfterTask$lambda$5(r8-map-id-729244c2c702b12ab82c9b924bd7600a43848511c8bdcfc0f245ffcf2662a0e5:1)
02-15 13:12:34.409 11334 11334 E unknown:ReactHost: 	at com.facebook.react.runtime.internal.bolts.Task$Companion.a(r8-map-id-729244c2c702b12ab82c9b924bd7600a43848511c8bdcfc0f245ffcf2662a0e5:1)
02-15 13:12:34.409 11334 11334 E unknown:ReactHost: 	at com.facebook.react.runtime.internal.bolts.j.run(r8-map-id-729244c2c702b12ab82c9b924bd7600a43848511c8bdcfc0f245ffcf2662a0e5:7)
02-15 13:12:34.409 11334 11334 E unknown:ReactHost: 	at com.facebook.react.runtime.internal.bolts.Executors$ImmediateExecutor.execute(r8-map-id-729244c2c702b12ab82c9b924bd7600a43848511c8bdcfc0f245ffcf2662a0e5:6)
02-15 13:12:34.409 11334 11334 E unknown:ReactHost: 	at com.facebook.react.runtime.internal.bolts.Task$Companion.completeAfterTask(r8-map-id-729244c2c702b12ab82c9b924bd7600a43848511c8bdcfc0f245ffcf2662a0e5:6)
02-15 13:12:34.409 11334 11334 E unknown:ReactHost: 	at com.facebook.react.runtime.internal.bolts.Task$Companion.access$completeAfterTask(r8-map-id-729244c2c702b12ab82c9b924bd7600a43848511c8bdcfc0f245ffcf2662a0e5:1)
02-15 13:12:34.409 11334 11334 E unknown:ReactHost: 	at com.facebook.react.runtime.internal.bolts.Task.continueWithTask(r8-map-id-729244c2c702b12ab82c9b924bd7600a43848511c8bdcfc0f245ffcf2662a0e5:8)
02-15 13:12:34.409 11334 11334 E unknown:ReactHost: 	at com.facebook.react.runtime.internal.bolts.Task.onSuccess(r8-map-id-729244c2c702b12ab82c9b924bd7600a43848511c8bdcfc0f245ffcf2662a0e5:16)
02-15 13:12:34.409 11334 11334 E unknown:ReactHost: 	at com.facebook.react.runtime.ReactHostImpl.callWithExistingReactInstance(r8-map-id-729244c2c702b12ab82c9b924bd7600a43848511c8bdcfc0f245ffcf2662a0e5:14)
02-15 13:12:34.409 11334 11334 E unknown:ReactHost: 	at com.facebook.react.runtime.ReactHostImpl.callWithExistingReactInstance$default(r8-map-id-729244c2c702b12ab82c9b924bd7600a43848511c8bdcfc0f245ffcf2662a0e5:7)
02-15 13:12:34.409 11334 11334 E unknown:ReactHost: 	at com.facebook.react.runtime.ReactHostImpl.callFunctionOnModule$ReactAndroid_release(r8-map-id-729244c2c702b12ab82c9b924bd7600a43848511c8bdcfc0f245ffcf2662a0e5:55)
02-15 13:12:34.409 11334 11334 E unknown:ReactHost: 	at com.facebook.react.runtime.BridgelessReactContext.emitDeviceEvent(r8-map-id-729244c2c702b12ab82c9b924bd7600a43848511c8bdcfc0f245ffcf2662a0e5:20)
02-15 13:12:34.409 11334 11334 E unknown:ReactHost: 	at com.facebook.react.modules.appstate.AppStateModule.sendEvent(r8-map-id-729244c2c702b12ab82c9b924bd7600a43848511c8bdcfc0f245ffcf2662a0e5:15)
02-15 13:12:34.409 11334 11334 E unknown:ReactHost: 	at com.facebook.react.modules.appstate.AppStateModule.sendAppStateChangeEvent(r8-map-id-729244c2c702b12ab82c9b924bd7600a43848511c8bdcfc0f245ffcf2662a0e5:7)
02-15 13:12:34.409 11334 11334 E unknown:ReactHost: 	at com.facebook.react.modules.appstate.AppStateModule.onHostPause(r8-map-id-729244c2c702b12ab82c9b924bd7600a43848511c8bdcfc0f245ffcf2662a0e5:5)
02-15 13:12:34.409 11334 11334 E unknown:ReactHost: 	at com.facebook.react.bridge.ReactContext.onHostPause(r8-map-id-729244c2c702b12ab82c9b924bd7600a43848511c8bdcfc0f245ffcf2662a0e5:28)
02-15 13:12:34.409 11334 11334 E unknown:ReactHost: 	at com.facebook.react.runtime.ReactLifecycleStateManager.moveToOnHostDestroy(r8-map-id-729244c2c702b12ab82c9b924bd7600a43848511c8bdcfc0f245ffcf2662a0e5:39)
02-15 13:12:34.409 11334 11334 E unknown:ReactHost: 	at com.facebook.react.runtime.ReactHostImpl.getOrCreateDestroyTask$lambda$60(r8-map-id-729244c2c702b12ab82c9b924bd7600a43848511c8bdcfc0f245ffcf2662a0e5:103)
02-15 13:12:34.409 11334 11334 E unknown:ReactHost: 	at com.facebook.react.runtime.ReactHostImpl.x(r8-map-id-729244c2c702b12ab82c9b924bd7600a43848511c8bdcfc0f245ffcf2662a0e5:1)
02-15 13:12:34.409 11334 11334 E unknown:ReactHost: 	at com.facebook.react.runtime.z.then(r8-map-id-729244c2c702b12ab82c9b924bd7600a43848511c8bdcfc0f245ffcf2662a0e5:9)
02-15 13:12:34.409 11334 11334 E unknown:ReactHost: 	at com.facebook.react.runtime.internal.bolts.Task$Companion.completeAfterTask$lambda$5(r8-map-id-729244c2c702b12ab82c9b924bd7600a43848511c8bdcfc0f245ffcf2662a0e5:1)
02-15 13:12:34.409 11334 11334 E unknown:ReactHost: 	at com.facebook.react.runtime.internal.bolts.Task$Companion.a(r8-map-id-729244c2c702b12ab82c9b924bd7600a43848511c8bdcfc0f245ffcf2662a0e5:1)
02-15 13:12:34.409 11334 11334 E unknown:ReactHost: 	at com.facebook.react.runtime.internal.bolts.j.run(r8-map-id-729244c2c702b12ab82c9b924bd7600a43848511c8bdcfc0f245ffcf2662a0e5:7)
02-15 13:12:34.409 11334 11334 E unknown:ReactHost: 	at android.os.Handler.handleCallback(Handler.java:995)
02-15 13:12:34.409 11334 11334 E unknown:ReactHost: 	at android.os.Handler.dispatchMessage(Handler.java:103)
02-15 13:12:34.409 11334 11334 E unknown:ReactHost: 	at android.os.Looper.loopOnce(Looper.java:273)
02-15 13:12:34.409 11334 11334 E unknown:ReactHost: 	at android.os.Looper.loop(Looper.java:363)
02-15 13:12:34.409 11334 11334 E unknown:ReactHost: 	at android.app.ActivityThread.main(ActivityThread.java:10060)
02-15 13:12:34.409 11334 11334 E unknown:ReactHost: 	at java.lang.reflect.Method.invoke(Native Method)
02-15 13:12:34.409 11334 11334 E unknown:ReactHost: 	at com.android.internal.os.RuntimeInit$MethodAndArgsCaller.run(RuntimeInit.java:632)
02-15 13:12:34.409 11334 11334 E unknown:ReactHost: 	at com.android.internal.os.ZygoteInit.main(ZygoteInit.java:975)
02-15 13:12:34.416 11334 11334 E unknown:ReactNative: Tried to remove non-existent frame callback
02-15 13:12:34.416 11334 12841 E unknown:SurfaceMountingManager: Stopping surface [11]
02-15 13:12:34.417  1874  1874 E SurfaceFlinger: alpha changed 1.000 -> 0.000 - DimTransitionLayer for Surface(name=Task=4128)/@0x994c916#32625
02-15 13:12:34.417  1874  1874 E SurfaceFlinger: alpha changed 0.000 -> 0.180 - DimTransitionLayer for Surface(name=Task=4128)/@0x994c916#32625
02-15 13:12:34.427 11334 11450 E perf_hint: Session ID too large, must fit 32-bit integer
02-15 13:12:34.433 11334 11334 I ReactNative: [GESTURE HANDLER] Tearing down gesture handler registered for root view com.facebook.react.runtime.ReactSurfaceView{b07c311 V.E...... ........ 0,0-1080,2340 #b}
02-15 13:12:34.433  5009  5009 E pageboostd: Received HALT command code 2
02-15 13:12:34.434 11334 11334 E unknown:SurfaceMountingManager: Surface [11] was stopped on SurfaceMountingManager.
02-15 13:12:34.438 11334 11334 E g       : java.lang.RuntimeException: A TaskDescription's primary color should be opaque
02-15 13:12:34.440 11334 12841 E unknown:ReactNative: Tried to remove non-existent frame callback
02-15 13:12:34.447  2832  7310 E NotificationService: isPkgBlocked = true
02-15 13:12:34.447  2832  7310 E NotificationService: isRecordBlocked = false
02-15 13:12:34.447  2832  7310 E NotificationService: Suppressing notification from package host.exp.exponent by user request.
02-15 13:12:34.447 11334 11334 E g       : java.lang.RuntimeException: A TaskDescription's primary color should be opaque
02-15 13:12:34.450 11334 11334 E o       : java.lang.NoSuchFieldException: No field numActivities in class Landroid/app/ActivityManager$RecentTaskInfo; (declaration of 'android.app.ActivityManager$RecentTaskInfo' appears in /system/framework/framework.jar)
02-15 13:12:34.456 11334 11460 E perf_hint: Session ID too large, must fit 32-bit integer
02-15 13:12:34.461 29948 18479 E SamsungAccount: [FamilyGroupUtil] getCountryCodeListWithRegionMcc - no country code with region mcc
02-15 13:12:34.464  2832  3596 E SensorService: BigData:Pakage) 1 already enabled. 
02-15 13:12:34.467  1874  1874 E SurfaceFlinger: alpha changed 1.000 -> 0.000 - Surface(name=7b9cbc8 InputMethod)/@0x836fb86 - animation-leash of insets_animation#32635
02-15 13:12:34.480 11334 11450 E perf_hint: Session ID too large, must fit 32-bit integer
02-15 13:12:34.575  1874  1874 E SurfaceFlinger: alpha changed 0.011 -> 0.000 - DimTransitionLayer for Surface(name=Task=4128)/@0x994c916#32625
02-15 13:12:34.650  1842 10432 E ConversionHelperAidl: Function: parseAndSetVendorParameters Line: 94 Failed 
02-15 13:12:34.650  1842 10432 E ConversionHelperAidl: Function: parseAndSetVendorParameters Line: 94 Failed 
02-15 13:12:34.651  1842 10432 E ConversionHelperAidl: Function: parseAndSetVendorParameters Line: 94 Failed 
02-15 13:12:34.651  1842 10432 E ConversionHelperAidl: Function: parseAndSetVendorParameters Line: 94 Failed 
02-15 13:12:34.657  2832  3597 E SemContext.CaeProvider: setAttribute() : attribute is null!
02-15 13:12:34.658  2832  3597 E SensorService: BigData:Pakage) 5 already enabled. 
02-15 13:12:34.733  2832  3596 E SensorService: BigData:Pakage) 5 already disabled. 
02-15 13:12:34.783  1874  1874 E SurfaceFlinger: alpha changed 1.000 -> 0.000 - Surface(name=7c9aeac host.exp.exponent/host.exp.exponent.experience.ExperienceActivity)/@0x3a6b50b - animation-leash of window_animation#32639
02-15 13:12:34.783  1874  1874 E SurfaceFlinger: alpha changed 0.000 -> 0.000 - Surface(name=7c9aeac host.exp.exponent/host.exp.exponent.experience.ExperienceActivity)/@0x3a6b50b - animation-leash of window_animation#32639
02-15 13:12:34.842  2832  2913 E WindowManager: win=Window{7c9aeac u0 host.exp.exponent/host.exp.exponent.experience.ExperienceActivity EXITING} destroySurfaces: appStopped=false cleanupOnResume=false win.mWindowRemovalAllowed=true win.mRemoveOnExit=true win.mViewVisibility=0 caller=com.android.server.wm.WindowState.onExitAnimationDone:224 com.android.server.wm.WindowState.onAnimationFinished:161 com.android.server.wm.WindowContainer$$ExternalSyntheticLambda8.onAnimationFinished:3 com.android.server.wm.SurfaceAnimator.cancelAnimation:17 com.android.server.wm.SurfaceAnimator.cancelAnimation:1 com.android.server.wm.WindowContainer.setParent:49 com.android.server.wm.WindowContainer.removeChild:17 
02-15 13:12:35.227  1855  1896 E HeatmapThread: ECT Thread time in milliseconds: 1771175555
02-15 13:12:35.231  1855  1896 E HeatmapThread: !@ CAM New BSOH: 100
02-15 13:12:35.534  1772  2380 E SDM     : ScalarConfig::GetAIScaleSettingsInfo: AI Scaler Config for display 68 is not present
02-15 13:12:35.567 11334 11450 E perf_hint: Session ID too large, must fit 32-bit integer
02-15 13:12:35.791  2832  3585 E WifiStaIfaceAidlImpl: getCachedScanData failed with service-specific exception: android.os.ServiceSpecificException:  (code 4)
02-15 13:12:35.795  2832  3783 E SemWifiLinkQualityMonitor: Too old or invalid TMI: currentTime=1771175555795 lastDateWindow=1771118498000
02-15 13:12:35.804  2832  5680 E SemWifiService: getCurrentNetworkScore - invalid score data
02-15 13:12:35.804  2832  5680 E WifiProfileShare.Caster: failed to generate qos array, need to check network score data
02-15 13:12:36.227  1855  1896 E HeatmapThread: ECT Thread time in milliseconds: 1771175556
02-15 13:12:36.229  1855  1896 E HeatmapThread: !@Entered the read from path function
02-15 13:12:36.229  1855  1896 E HeatmapThread: !@Read Extended_heatmap from efs is: 18738 0 0 0 0 0 0 0 0 0 0 0 0 0 0 0 0 0 1222 0 0 0 0 0 0 0 0 0 0 0 0 0 0 0 0 0 1417 0 0 0 0 0 0 0 0 0 0 0 0 0 0 0 0 0 1454 0 0 0 0 0 0 0 0 0 0 0 0 0 0 0 0 0 1409 0 0 0 0 0 0 0 0 0 0 0 0 0 0 0 0 0 1445 0 0 0 0 0 0 0 0 0 0 0 0 0 0 0 0 0 1431 0 0 0 0 0 0 0 0 0 0 0 0 0 0 0 0 0 1336 0 0 0 0 0 0 0 0 0 0 0 0 0 0 0 0 0 1452 0 0 0 0 0 0 0 0 0 0 0 0 0 0 0 0 0 1462 0 0 0 0 0 0 0 0 0 0 0 0 0 0 0 0 0 1286 0 0 0 0 0 0 0 0 0 0 0 0 0 0 0 0 0 5718 0 0 0 0 0 0 0 0 0 0 0 0 0 0 0 0 0 6528 0 0 0 0 0 0 0 0 0 0 0 0 0 0 0 0 0 12760 0 0 0 0 0 0 0 0 0 0 0 0 0 0 0 0 0 12666 0 0 0 0 0 0 0 0 0 0 0 0 0 0 0 0 0 12937 0 0 0 0 0 0 0 0 0 0 0 0 0 0 0 0 0 12912 0 0 0 0 0 0 0 0 0 0 0 0 0 0 0 0 0 9872 0 0 0 0 0 0 0 0 0 0 0 0 0 0 0 0 0 3784 0 0 0 0 0 0 0 0 0 0 0 0 0 0 0 0 0 3092 0 0 0 0 0 0 0 0 0 0 0 0 0 0 0 0 0 2707 0 0 0 0 0 0 0 0 0 0 0 0 0 0 0 0 0 2480 0 0 0 0 0 0 0 0 0 0 0 0 0 0 0 0 0 293 0 0 0 0 0 0 0 0 0 0 0 0 0 0 0 0 0 368 0 0 0 0 0 0 0 0 0 0 0 0 0 0 0 0 0 297 0 0 0 0 0 0 0 0 0 0 0 0 0 0 0 0 0 240 0 0 0
02-15 13:12:36.229  1855  1896 E HeatmapThread: !@Write Extended Heatmap to efs is: 18738 0 0 0 0 0 0 0 0 0 0 0 0 0 0 0 0 0 1222 0 0 0 0 0 0 0 0 0 0 0 0 0 0 0 0 0 1417 0 0 0 0 0 0 0 0 0 0 0 0 0 0 0 0 0 1454 0 0 0 0 0 0 0 0 0 0 0 0 0 0 0 0 0 1409 0 0 0 0 0 0 0 0 0 0 0 0 0 0 0 0 0 1445 0 0 0 0 0 0 0 0 0 0 0 0 0 0 0 0 0 1431 0 0 0 0 0 0 0 0 0 0 0 0 0 0 0 0 0 1336 0 0 0 0 0 0 0 0 0 0 0 0 0 0 0 0 0 1452 0 0 0 0 0 0 0 0 0 0 0 0 0 0 0 0 0 1462 0 0 0 0 0 0 0 0 0 0 0 0 0 0 0 0 0 1286 0 0 0 0 0 0 0 0 0 0 0 0 0 0 0 0 0 5718 0 0 0 0 0 0 0 0 0 0 0 0 0 0 0 0 0 6528 0 0 0 0 0 0 0 0 0 0 0 0 0 0 0 0 0 12761 0 0 0 0 0 0 0 0 0 0 0 0 0 0 0 0 0 12666 0 0 0 0 0 0 0 0 0 0 0 0 0 0 0 0 0 12937 0 0 0 0 0 0 0 0 0 0 0 0 0 0 0 0 0 12912 0 0 0 0 0 0 0 0 0 0 0 0 0 0 0 0 0 9872 0 0 0 0 0 0 0 0 0 0 0 0 0 0 0 0 0 3784 0 0 0 0 0 0 0 0 0 0 0 0 0 0 0 0 0 3092 0 0 0 0 0 0 0 0 0 0 0 0 0 0 0 0 0 2707 0 0 0 0 0 0 0 0 0 0 0 0 0 0 0 0 0 2480 0 0 0 0 0 0 0 0 0 0 0 0 0 0 0 0 0 293 0 0 0 0 0 0 0 0 0 0 0 0 0 0 0 0 0 368 0 0 0 0 0 0 0 0 0 0 0 0 0 0 0 0 0 297 0 0 0 0 0 0 0 0 0 0 0 0 0 0 0 0 0 240 0 0 0 
02-15 13:12:36.229  1855  1896 E HeatmapThread: !@ CAM New BSOH: 100
02-15 13:12:36.303 11334 13127 I ReactNativeJS: Running "main" with {"rootTag":21,"initialProps":{"exp":{"shell":false,"manifestString":"{\"id\":\"7a8f6d4e-a313-4049-8233-163b0030949a\",\"createdAt\":\"2026-02-15T17:12:34.354Z\",\"runtimeVersion\":\"exposdk:55.0.0\",\"launchAsset\":{\"key\":\"bundle\",\"contentType\":\"application\\/javascript\",\"url\":\"http:\\/\\/10.0.0.108:8081\\/index.ts.bundle?platform=android&dev=true&hot=false&lazy=true&transform.engine=hermes&transform.bytecode=1&transform.routerRoot=app&unstable_transformProfile=hermes-stable\"},\"assets\":[],\"metadata\":{},\"extra\":{\"eas\":{},\"expoClient\":{\"name\":\"MOVOPos\",\"slug\":\"movopos-mobile\",\"version\":\"1.0.0\",\"orientation\":\"portrait\",\"icon\":\".\\/assets\\/icon.png\",\"userInterfaceStyle\":\"light\",\"scheme\":\"movopos\",\"backgroundColor\":\"#ffffff\",\"androidStatusBar\":{\"backgroundColor\":\"#1a73e8\",\"barStyle\":\"light-content\",\"translucent\":false},\"splash\":{\"image\":\".\\/assets\\/splash-icon.png\",\"resizeMode\":\"contain\",\"backgroundColor\":\"#1a73e8\",\"imageUrl\":\"http:\\/\\/10.0.0.108:8081\\/assets\\/.\\/assets\\/splash-icon.png\"},\"ios\":{\"supportsTablet\":true,\"bundleIdentifier\":\"com.movopos.app\",\"infoPlist\":{\"NSCameraUsageDescription\":\"MOVOPos necesita acceso a la cámara para escanear códigos de barras\",\"NSFaceIDUsageDescription\":\"MOVOPos usa Face ID para autenticación segura\",\"NSBluetoothAlwaysUsageDescription\":\"MOVOPos necesita Bluetooth para conectar con impresoras térmicas\",\"NSBluetoothPeripheralUsageDescription\":\"MOVOPos necesita Bluetooth para conectar con impresoras térmicas\",\"NSLocationWhenInUseUsageDescription\":\"MOVOPos usa tu ubicación para registrar el lugar de las ventas\"}},\"android\":{\"package\":\"com.movopos.app\",\"adaptiveIcon\":{\"foregroundImage\":\".\\/assets\\/adaptive-icon.png\",\"backgroundColor\":\"#1a73e8\",\"foregroundImageUrl\":\"http:\\/\\/10.0.0.108:8081\\/assets\\/.\\/assets\\/adaptive-icon.png\"},\"predictiveBackGestureEnabled\":false,\"permissions\":[\"CAMERA\",\"BLUETOOTH\",\"BLUETOOTH_ADMIN\",\"BLUETOOTH_CONNECT\",\"BLUETOOTH_SCAN\",\"ACCESS_FINE_LOCATION\",\"ACCESS_COARSE_LOCATION\",\"VIBRATE\",\"RECEIVE_BOOT_COMPLETED\",\"android.permission.CAMERA\",\"android.permission.RECORD_AUDIO\",\"android.permission.USE_BIOMETRIC\",\"android.permission.USE_FINGERPRINT\"]},\"web\":{\"favicon\":\".\\/assets\\/favicon.png\"},\"plugins\":[\"expo-secure-store\",[\"expo-camera\",{\"cameraPermission\":\"MOVOPos necesita acceso a la cámara para escanear códigos de barras\"}],[\"expo-local-authentication\",{\"faceIDPermission\":\"MOVOPos usa Face ID para autenticación segura\"}],\"expo-sharing\",\"expo-sqlite\",\"expo-web-browser\"],\"extra\":{},\"_internal\":{\"isDebug\":false,\"projectRoot\":\"C:\\\\Users\\\\Albin Rodriguez\\\\Documents\\\\movopos-mobile\",\"dynamicConfigPath\":{},\"staticConfigPath\":\"C:\\\\Users\\\\Albin Rodriguez\\\\Documents\\\\movopos-mobile\\\\app.json\",\"packageJsonPath\":\"C:\\\\Users\\\\Albin Rodriguez\\\\Documents\\\\movopos-mobile\\\\package.json\",\"pluginHistory\":{\"expo-secure-store\":{\"name\":\"expo-secure-store\",\"version\":\"55.0.5\"},\"expo-camera\":{\"name\":\"expo-camera\",\"version\":\"55.0.5\"},\"expo-local-authentication\":{\"name\":\"expo-local-authentication\",\"version\":\"55.0.5\"},\"expo-sharing\":{\"name\":\"expo-sharing\",\"version\":\"55.0.6\"},\"expo-sqlite\":{\"name\":\"expo-sqlite\",\"version\":\"55.0.5\"},\"expo-web-browser\":{\"name\":\"expo-web-browser\",\"version\":\"55.0.5\"}}},\"sdkVersion\":\"55.0.0\",\"platforms\":[\"ios\",\"android\",\"web\"],\"iconUrl\":\"http:\\/\\/10.0.0.108:8081\\/assets\\/.\\/assets\\/icon.png\",\"hostUri\":\"10.0.0.108:8081\"},\"expoGo\":{\"debuggerHost\":\"10.0.0.108:8081\",\"developer\":{\"tool\":\"expo-cli\",\"projectRoot\":\"C:\\\\Users\\\\Albin Rodriguez\\\\Documents\\\\movopos-mobile\"},\"packagerOpts\":{\"dev\":true},\"mainModuleName\":\"index.ts\"},\"scopeKey\":\"@anonymous\\/movopos-mobile-e2689c69-7360-43d2-8876-b732e94bf4ab\"},\"isVerified\":true}"}},"fabric":
02-15 13:12:36.450  1772  2380 E SDM     : ScalarConfig::GetAIScaleSettingsInfo: AI Scaler Config for display 68 is not present
02-15 13:12:36.475 11334 11334 I ReactNative: [GESTURE HANDLER] Initialize gesture handler for root view com.facebook.react.runtime.ReactSurfaceView{475713a V.E...... ......I. 0,0-0,0 #15}
02-15 13:12:36.494 11334 11450 E perf_hint: Session ID too large, must fit 32-bit integer
02-15 13:12:36.547 29948 18479 E SamsungAccount: [FamilyGroupUtil] getCountryCodeListWithRegionMcc - no country code with region mcc
02-15 13:12:36.550 11334 11334 I ReactNative: [GESTURE HANDLER] Gesture handler is already enabled for a parent view
02-15 13:12:36.551 11334 11334 I ReactNative: [GESTURE HANDLER] Gesture handler is already enabled for a parent view
02-15 13:12:36.558  1874  1874 E SurfaceFlinger: alpha changed 1.000 -> 0.000 - Surface(name=7b9cbc8 InputMethod)/@0x836fb86 - animation-leash of insets_animation#32645
02-15 13:12:36.560 11334 13127 W ReactNativeJS: InteractionManager has been deprecated and will be removed in a future release. Please refactor long tasks into smaller ones, and  use 'requestIdleCallback' instead.
02-15 13:12:36.867 11334 11334 I ReactNative: [GESTURE HANDLER] Gesture handler is already enabled for a parent view
02-15 13:12:36.868 11334 11334 I ReactNative: [GESTURE HANDLER] Gesture handler is already enabled for a parent view
02-15 13:12:37.228  1855  1896 E HeatmapThread: ECT Thread time in milliseconds: 1771175557
02-15 13:12:37.232  1855  1896 E HeatmapThread: !@ CAM New BSOH: 100
02-15 13:12:37.492  1772  2380 E SDM     : ScalarConfig::GetAIScaleSettingsInfo: AI Scaler Config for display 68 is not present
02-15 13:12:37.844  2832  7095 E TaskPersister: File error accessing recents directory (directory doesn't exist?).
02-15 13:12:37.974  1874  1874 E SurfaceFlinger: alpha changed 1.000 -> 0.000 - Surface(name=2665489 host.exp.exponent/host.exp.exponent.experience.ExperienceActivity)/@0x98f1984 - animation-leash of window_animation#32646
02-15 13:12:37.974  1874  1874 E SurfaceFlinger: alpha changed 0.000 -> 0.000 - Surface(name=2665489 host.exp.exponent/host.exp.exponent.experience.ExperienceActivity)/@0x98f1984 - animation-leash of window_animation#32646
02-15 13:12:37.985 29948 18479 E SamsungAccount: [FamilyGroupUtil] getCountryCodeListWithRegionMcc - no country code with region mcc
02-15 13:12:37.991  1874  1874 E SurfaceFlinger: alpha changed 1.000 -> 0.000 - Surface(name=7b9cbc8 InputMethod)/@0x836fb86 - animation-leash of insets_animation#32649
02-15 13:12:38.227  1855  1896 E HeatmapThread: ECT Thread time in milliseconds: 1771175558
02-15 13:12:38.231  1855  1896 E HeatmapThread: !@ CAM New BSOH: 100
02-15 13:12:38.803  2832  3585 E WifiStaIfaceAidlImpl: getCachedScanData failed with service-specific exception: android.os.ServiceSpecificException:  (code 4)
02-15 13:12:38.811  2832  3783 E SemWifiLinkQualityMonitor: Too old or invalid TMI: currentTime=1771175558811 lastDateWindow=1771118498000
02-15 13:12:38.819  2832  5680 E SemWifiService: getCurrentNetworkScore - invalid score data
02-15 13:12:38.819  2832  5680 E WifiProfileShare.Caster: failed to generate qos array, need to check network score data
02-15 13:12:38.968  2832  2913 E WindowManager: win=Window{2665489 u0 host.exp.exponent/host.exp.exponent.experience.ExperienceActivity EXITING} destroySurfaces: appStopped=false cleanupOnResume=false win.mWindowRemovalAllowed=true win.mRemoveOnExit=true win.mViewVisibility=0 caller=com.android.server.wm.WindowState.onExitAnimationDone:224 com.android.server.wm.WindowState.onAnimationFinished:161 com.android.server.wm.WindowContainer$$ExternalSyntheticLambda8.onAnimationFinished:3 com.android.server.wm.SurfaceAnimator$$ExternalSyntheticLambda0.onAnimationFinished:69 com.android.server.wm.LocalAnimationAdapter$$ExternalSyntheticLambda0.run:10 android.os.Handler.handleCallback:995 android.os.Handler.dispatchMessage:103 
02-15 13:12:39.227  1855  1896 E HeatmapThread: ECT Thread time in milliseconds: 1771175559
02-15 13:12:39.229  1855  1896 E HeatmapThread: !@ CAM New BSOH: 100
02-15 13:12:40.228  1855  1896 E HeatmapThread: ECT Thread time in milliseconds: 1771175560
02-15 13:12:40.231  1855  1896 E HeatmapThread: !@ CAM New BSOH: 100
02-15 13:12:40.976  1772  2380 E SDM     : ScalarConfig::GetAIScaleSettingsInfo: AI Scaler Config for display 68 is not present
02-15 13:12:41.228  1855  1896 E HeatmapThread: ECT Thread time in milliseconds: 1771175561
02-15 13:12:41.230  1855  1896 E HeatmapThread: !@ CAM New BSOH: 100
02-15 13:12:41.590  1874  2385 E HwcComposer: getLuts failed Status(-129, EX_TRANSACTION_FAILED): 'UNKNOWN_TRANSACTION: '
02-15 13:12:41.815  1814  1895 E BatteryDump: !@new_battery_dump : 4201,-406,100,100,80,321,300,352,321,0,330,343,0,Discharging,NO_CHARGING,None,Good,NONE,0,Normal,0,0,9300,0x40000000,0x10000,0x0,0,0,503,v0002,0000,0000,00000000,0,0,0,0,141,4228,7896,980,0,
02-15 13:12:41.815  2832  3585 E WifiStaIfaceAidlImpl: getCachedScanData failed with service-specific exception: android.os.ServiceSpecificException:  (code 4)
02-15 13:12:41.817  2832  3783 E SemWifiLinkQualityMonitor: Too old or invalid TMI: currentTime=1771175561817 lastDateWindow=1771118498000
02-15 13:12:41.824  2832  5680 E SemWifiService: getCurrentNetworkScore - invalid score data
02-15 13:12:41.824  2832  5680 E WifiProfileShare.Caster: failed to generate qos array, need to check network score data
02-15 13:12:41.959  2832  5680 E SemWifiService: getCurrentNetworkScore - invalid score data
02-15 13:12:41.959  2832  5680 E WifiProfileShare.Caster: failed to generate qos array, need to check network score data
02-15 13:12:42.228  1855  1896 E HeatmapThread: ECT Thread time in milliseconds: 1771175562
02-15 13:12:42.231  1855  1896 E HeatmapThread: !@ CAM New BSOH: 100
02-15 13:12:43.228  1855  1896 E HeatmapThread: ECT Thread time in milliseconds: 1771175563
02-15 13:12:43.231  1855  1896 E HeatmapThread: !@ CAM New BSOH: 100
02-15 13:12:43.551  2832  2915 E Watchdog: !@Sync: 3425 heap(MB): 145 / 169 FD: 1459 [2026-02-15 13:12:43.551]
02-15 13:12:44.228  1855  1896 E HeatmapThread: ECT Thread time in milliseconds: 1771175564
02-15 13:12:44.231  1855  1896 E HeatmapThread: !@ CAM New BSOH: 100
02-15 13:12:44.688  1842   424 E ConversionHelperAidl: Function: parseAndSetVendorParameters Line: 94 Failed 
02-15 13:12:44.688  1842   424 E ConversionHelperAidl: Function: parseAndSetVendorParameters Line: 94 Failed 
02-15 13:12:44.689  1842 10432 E ConversionHelperAidl: Function: parseAndSetVendorParameters Line: 94 Failed 
02-15 13:12:44.689  1842 10432 E ConversionHelperAidl: Function: parseAndSetVendorParameters Line: 94 Failed 
02-15 13:12:44.823  2832  3585 E WifiStaIfaceAidlImpl: getCachedScanData failed with service-specific exception: android.os.ServiceSpecificException:  (code 4)
02-15 13:12:44.826  2832  3783 E SemWifiLinkQualityMonitor: Too old or invalid TMI: currentTime=1771175564826 lastDateWindow=1771118498000
02-15 13:12:45.227  1855  1896 E HeatmapThread: ECT Thread time in milliseconds: 1771175565
02-15 13:12:45.231  1855  1896 E HeatmapThread: !@ CAM New BSOH: 100
02-15 13:12:46.228  1855  1896 E HeatmapThread: ECT Thread time in milliseconds: 1771175566
02-15 13:12:46.233  1855  1896 E HeatmapThread: !@ CAM New BSOH: 100
02-15 13:12:47.228  1855  1896 E HeatmapThread: ECT Thread time in milliseconds: 1771175567
02-15 13:12:47.231  1855  1896 E HeatmapThread: !@ CAM New BSOH: 100
02-15 13:12:47.833  2832  3585 E WifiStaIfaceAidlImpl: getCachedScanData failed with service-specific exception: android.os.ServiceSpecificException:  (code 4)
02-15 13:12:47.835  2832  3783 E SemWifiLinkQualityMonitor: Too old or invalid TMI: currentTime=1771175567835 lastDateWindow=1771118498000
02-15 13:12:48.228  1855  1896 E HeatmapThread: ECT Thread time in milliseconds: 1771175568
02-15 13:12:48.231  1855  1896 E HeatmapThread: !@ CAM New BSOH: 100
02-15 13:12:49.228  1855  1896 E HeatmapThread: ECT Thread time in milliseconds: 1771175569
02-15 13:12:49.231  1855  1896 E HeatmapThread: !@ CAM New BSOH: 100
02-15 13:12:50.228  1855  1896 E HeatmapThread: ECT Thread time in milliseconds: 1771175570
02-15 13:12:50.232  1855  1896 E HeatmapThread: !@ CAM New BSOH: 100
02-15 13:12:50.842  2832  3585 E WifiStaIfaceAidlImpl: getCachedScanData failed with service-specific exception: android.os.ServiceSpecificException:  (code 4)
02-15 13:12:50.845  2832  3783 E SemWifiLinkQualityMonitor: Too old or invalid TMI: currentTime=1771175570845 lastDateWindow=1771118498000
02-15 13:12:51.228  1855  1896 E HeatmapThread: ECT Thread time in milliseconds: 1771175571
02-15 13:12:51.231  1855  1896 E HeatmapThread: !@ CAM New BSOH: 100
02-15 13:12:52.228  1855  1896 E HeatmapThread: ECT Thread time in milliseconds: 1771175572
02-15 13:12:52.232  1855  1896 E HeatmapThread: !@ CAM New BSOH: 100
02-15 13:12:53.227  1855  1896 E HeatmapThread: ECT Thread time in milliseconds: 1771175573
02-15 13:12:53.232  1855  1896 E HeatmapThread: !@ CAM New BSOH: 100
02-15 13:12:53.851  2832  3585 E WifiStaIfaceAidlImpl: getCachedScanData failed with service-specific exception: android.os.ServiceSpecificException:  (code 4)
02-15 13:12:53.855  2832  3783 E SemWifiLinkQualityMonitor: Too old or invalid TMI: currentTime=1771175573855 lastDateWindow=1771118498000
02-15 13:12:54.227  1855  1896 E HeatmapThread: ECT Thread time in milliseconds: 1771175574
02-15 13:12:54.230  1855  1896 E HeatmapThread: !@ CAM New BSOH: 100
02-15 13:12:54.736  1842 10432 E ConversionHelperAidl: Function: parseAndSetVendorParameters Line: 94 Failed 
02-15 13:12:54.736  1842 10432 E ConversionHelperAidl: Function: parseAndSetVendorParameters Line: 94 Failed 
02-15 13:12:54.738  1842 10432 E ConversionHelperAidl: Function: parseAndSetVendorParameters Line: 94 Failed 
02-15 13:12:54.738  1842 10432 E ConversionHelperAidl: Function: parseAndSetVendorParameters Line: 94 Failed 
02-15 13:12:54.747  2832  7625 E SemContext.CaeProvider: setAttribute() : attribute is null!
02-15 13:12:54.748  2832  7625 E SensorService: BigData:Pakage) 5 already enabled. 
02-15 13:12:54.895  2832  7625 E SensorService: BigData:Pakage) 5 already disabled. 
02-15 13:12:55.227  1855  1896 E HeatmapThread: ECT Thread time in milliseconds: 1771175575
02-15 13:12:55.230  1855  1896 E HeatmapThread: !@ CAM New BSOH: 100
02-15 13:12:56.227  1855  1896 E HeatmapThread: ECT Thread time in milliseconds: 1771175576
02-15 13:12:56.229  1855  1896 E HeatmapThread: !@ CAM New BSOH: 100
02-15 13:12:56.860  2832  3585 E WifiStaIfaceAidlImpl: getCachedScanData failed with service-specific exception: android.os.ServiceSpecificException:  (code 4)
02-15 13:12:56.863  2832  3783 E SemWifiLinkQualityMonitor: Too old or invalid TMI: currentTime=1771175576863 lastDateWindow=1771118498000
02-15 13:12:57.227  1855  1896 E HeatmapThread: ECT Thread time in milliseconds: 1771175577
02-15 13:12:57.230  1855  1896 E HeatmapThread: !@ CAM New BSOH: 100
02-15 13:12:58.228  1855  1896 E HeatmapThread: ECT Thread time in milliseconds: 1771175578
02-15 13:12:58.231  1855  1896 E HeatmapThread: !@ CAM New BSOH: 100
02-15 13:12:59.228  1855  1896 E HeatmapThread: ECT Thread time in milliseconds: 1771175579
02-15 13:12:59.233  1855  1896 E HeatmapThread: !@ CAM New BSOH: 100
02-15 13:12:59.870  2832  3585 E WifiStaIfaceAidlImpl: getCachedScanData failed with service-specific exception: android.os.ServiceSpecificException:  (code 4)
02-15 13:12:59.875  2832  3783 E SemWifiLinkQualityMonitor: Too old or invalid TMI: currentTime=1771175579875 lastDateWindow=1771118498000
02-15 13:13:00.026  1772  2380 E SDM     : ScalarConfig::GetAIScaleSettingsInfo: AI Scaler Config for display 68 is not present
02-15 13:13:00.228  1855  1896 E HeatmapThread: ECT Thread time in milliseconds: 1771175580
02-15 13:13:00.231  1855  1896 E HeatmapThread: !@ CAM New BSOH: 100
02-15 13:13:01.227  1855  1896 E HeatmapThread: ECT Thread time in milliseconds: 1771175581
02-15 13:13:01.232  1855  1896 E HeatmapThread: !@ CAM New BSOH: 100
02-15 13:13:02.228  1855  1896 E HeatmapThread: ECT Thread time in milliseconds: 1771175582
02-15 13:13:02.232  1855  1896 E HeatmapThread: !@ CAM New BSOH: 100
02-15 13:13:02.883  2832  3585 E WifiStaIfaceAidlImpl: getCachedScanData failed with service-specific exception: android.os.ServiceSpecificException:  (code 4)
02-15 13:13:02.886  2832  3783 E SemWifiLinkQualityMonitor: Too old or invalid TMI: currentTime=1771175582886 lastDateWindow=1771118498000
02-15 13:13:03.228  1855  1896 E HeatmapThread: ECT Thread time in milliseconds: 1771175583
02-15 13:13:03.231  1855  1896 E HeatmapThread: !@ CAM New BSOH: 100
02-15 13:13:04.228  1855  1896 E HeatmapThread: ECT Thread time in milliseconds: 1771175584
02-15 13:13:04.231  1855  1896 E HeatmapThread: !@ CAM New BSOH: 100
02-15 13:13:04.775  1842 10432 E ConversionHelperAidl: Function: parseAndSetVendorParameters Line: 94 Failed 
02-15 13:13:04.775  1842 10432 E ConversionHelperAidl: Function: parseAndSetVendorParameters Line: 94 Failed 
02-15 13:13:04.778  1842 10432 E ConversionHelperAidl: Function: parseAndSetVendorParameters Line: 94 Failed 
02-15 13:13:04.778  1842 10432 E ConversionHelperAidl: Function: parseAndSetVendorParameters Line: 94 Failed 
02-15 13:13:05.228  1855  1896 E HeatmapThread: ECT Thread time in milliseconds: 1771175585
02-15 13:13:05.231  1855  1896 E HeatmapThread: !@ CAM New BSOH: 100
02-15 13:13:05.892  2832  3585 E WifiStaIfaceAidlImpl: getCachedScanData failed with service-specific exception: android.os.ServiceSpecificException:  (code 4)
02-15 13:13:05.896  2832  3783 E SemWifiLinkQualityMonitor: Too old or invalid TMI: currentTime=1771175585896 lastDateWindow=1771118498000
02-15 13:13:06.228  1855  1896 E HeatmapThread: ECT Thread time in milliseconds: 1771175586
02-15 13:13:06.230  1855  1896 E HeatmapThread: !@ CAM New BSOH: 100
02-15 13:13:07.228  1855  1896 E HeatmapThread: ECT Thread time in milliseconds: 1771175587
02-15 13:13:07.231  1855  1896 E HeatmapThread: !@ CAM New BSOH: 100
02-15 13:13:08.227  1855  1896 E HeatmapThread: ECT Thread time in milliseconds: 1771175588
02-15 13:13:08.231  1855  1896 E HeatmapThread: !@ CAM New BSOH: 100
02-15 13:13:08.902  2832  3585 E WifiStaIfaceAidlImpl: getCachedScanData failed with service-specific exception: android.os.ServiceSpecificException:  (code 4)
02-15 13:13:08.904  2832  3783 E SemWifiLinkQualityMonitor: Too old or invalid TMI: currentTime=1771175588904 lastDateWindow=1771118498000
02-15 13:13:08.972 11334 11460 E perf_hint: Session ID too large, must fit 32-bit integer
02-15 13:13:09.228  1855  1896 E HeatmapThread: ECT Thread time in milliseconds: 1771175589
02-15 13:13:09.231  1855  1896 E HeatmapThread: !@ CAM New BSOH: 100
02-15 13:13:10.227  1855  1896 E HeatmapThread: ECT Thread time in milliseconds: 1771175590
02-15 13:13:10.231  1855  1896 E HeatmapThread: !@ CAM New BSOH: 100
02-15 13:13:11.228  1855  1896 E HeatmapThread: ECT Thread time in milliseconds: 1771175591
02-15 13:13:11.232  1855  1896 E HeatmapThread: !@ CAM New BSOH: 100
02-15 13:13:11.644  1874  2385 E HwcComposer: getLuts failed Status(-129, EX_TRANSACTION_FAILED): 'UNKNOWN_TRANSACTION: '
02-15 13:13:11.908  2832  3585 E WifiStaIfaceAidlImpl: getCachedScanData failed with service-specific exception: android.os.ServiceSpecificException:  (code 4)
02-15 13:13:11.910  2832  3783 E SemWifiLinkQualityMonitor: Too old or invalid TMI: currentTime=1771175591910 lastDateWindow=1771118498000
02-15 13:13:11.975  1814  1895 E BatteryDump: !@new_battery_dump : 4210,-225,100,100,80,320,300,338,320,0,340,340,0,Discharging,NO_CHARGING,None,Good,NONE,0,Normal,0,0,9300,0x40000000,0x10000,0x0,0,0,259,v0002,0000,0000,00000000,0,0,0,0,141,4227,7892,980,0,
02-15 13:13:12.228  1855  1896 E HeatmapThread: ECT Thread time in milliseconds: 1771175592
02-15 13:13:12.231  1855  1896 E HeatmapThread: !@ CAM New BSOH: 100
02-15 13:13:13.227  1855  1896 E HeatmapThread: ECT Thread time in milliseconds: 1771175593
02-15 13:13:13.232  1855  1896 E HeatmapThread: !@ CAM New BSOH: 100
02-15 13:13:13.559  2832  2915 E Watchdog: !@Sync: 3426 heap(MB): 156 / 169 FD: 1459 [2026-02-15 13:13:13.559]
02-15 13:13:14.227  1855  1896 E HeatmapThread: ECT Thread time in milliseconds: 1771175594
02-15 13:13:14.231  1855  1896 E HeatmapThread: !@ CAM New BSOH: 100
02-15 13:13:14.821  1842 10432 E ConversionHelperAidl: Function: parseAndSetVendorParameters Line: 94 Failed 
02-15 13:13:14.821  1842 10432 E ConversionHelperAidl: Function: parseAndSetVendorParameters Line: 94 Failed 
02-15 13:13:14.823  1842  1932 E ConversionHelperAidl: Function: parseAndSetVendorParameters Line: 94 Failed 
02-15 13:13:14.823  1842  1932 E ConversionHelperAidl: Function: parseAndSetVendorParameters Line: 94 Failed 
02-15 13:13:14.914  2832  3585 E WifiStaIfaceAidlImpl: getCachedScanData failed with service-specific exception: android.os.ServiceSpecificException:  (code 4)
02-15 13:13:14.917  2832  3783 E SemWifiLinkQualityMonitor: Too old or invalid TMI: currentTime=1771175594917 lastDateWindow=1771118498000
02-15 13:13:15.228  1855  1896 E HeatmapThread: ECT Thread time in milliseconds: 1771175595
02-15 13:13:15.233  1855  1896 E HeatmapThread: !@ CAM New BSOH: 100
02-15 13:13:16.227  1855  1896 E HeatmapThread: ECT Thread time in milliseconds: 1771175596
02-15 13:13:16.231  1855  1896 E HeatmapThread: !@ CAM New BSOH: 100
02-15 13:13:17.228  1855  1896 E HeatmapThread: ECT Thread time in milliseconds: 1771175597
02-15 13:13:17.233  1855  1896 E HeatmapThread: !@ CAM New BSOH: 100
02-15 13:13:17.922  2832  3585 E WifiStaIfaceAidlImpl: getCachedScanData failed with service-specific exception: android.os.ServiceSpecificException:  (code 4)
02-15 13:13:17.926  2832  3783 E SemWifiLinkQualityMonitor: Too old or invalid TMI: currentTime=1771175597926 lastDateWindow=1771118498000
02-15 13:13:18.228  1855  1896 E HeatmapThread: ECT Thread time in milliseconds: 1771175598
02-15 13:13:18.231  1855  1896 E HeatmapThread: !@ CAM New BSOH: 100
02-15 13:13:19.228  1855  1896 E HeatmapThread: ECT Thread time in milliseconds: 1771175599
02-15 13:13:19.230  1855  1896 E HeatmapThread: !@ CAM New BSOH: 100
02-15 13:13:20.227  1855  1896 E HeatmapThread: ECT Thread time in milliseconds: 1771175600
02-15 13:13:20.231  1855  1896 E HeatmapThread: !@ CAM New BSOH: 100
02-15 13:13:20.930  2832  3585 E WifiStaIfaceAidlImpl: getCachedScanData failed with service-specific exception: android.os.ServiceSpecificException:  (code 4)
02-15 13:13:20.934  2832  3783 E SemWifiLinkQualityMonitor: Too old or invalid TMI: currentTime=1771175600934 lastDateWindow=1771118498000
02-15 13:13:21.228  1855  1896 E HeatmapThread: ECT Thread time in milliseconds: 1771175601
02-15 13:13:21.234  1855  1896 E HeatmapThread: !@ CAM New BSOH: 100
02-15 13:13:22.228  1855  1896 E HeatmapThread: ECT Thread time in milliseconds: 1771175602
02-15 13:13:22.231  1855  1896 E HeatmapThread: !@ CAM New BSOH: 100
02-15 13:13:23.228  1855  1896 E HeatmapThread: ECT Thread time in milliseconds: 1771175603
02-15 13:13:23.231  1855  1896 E HeatmapThread: !@ CAM New BSOH: 100
02-15 13:13:23.655  1772  2380 E SDM     : ScalarConfig::GetAIScaleSettingsInfo: AI Scaler Config for display 68 is not present
02-15 13:13:23.938  2832  3585 E WifiStaIfaceAidlImpl: getCachedScanData failed with service-specific exception: android.os.ServiceSpecificException:  (code 4)
02-15 13:13:23.940  2832  3783 E SemWifiLinkQualityMonitor: Too old or invalid TMI: currentTime=1771175603940 lastDateWindow=1771118498000
02-15 13:13:24.228  1855  1896 E HeatmapThread: ECT Thread time in milliseconds: 1771175604
02-15 13:13:24.231  1855  1896 E HeatmapThread: !@ CAM New BSOH: 100
02-15 13:13:24.860  1842  1932 E ConversionHelperAidl: Function: parseAndSetVendorParameters Line: 94 Failed 
02-15 13:13:24.860  1842  1932 E ConversionHelperAidl: Function: parseAndSetVendorParameters Line: 94 Failed 
02-15 13:13:24.861  1842  1932 E ConversionHelperAidl: Function: parseAndSetVendorParameters Line: 94 Failed 
02-15 13:13:24.861  1842  1932 E ConversionHelperAidl: Function: parseAndSetVendorParameters Line: 94 Failed 
02-15 13:13:25.228  1855  1896 E HeatmapThread: ECT Thread time in milliseconds: 1771175605
02-15 13:13:25.232  1855  1896 E HeatmapThread: !@ CAM New BSOH: 100
02-15 13:13:26.228  1855  1896 E HeatmapThread: ECT Thread time in milliseconds: 1771175606
02-15 13:13:26.231  1855  1896 E HeatmapThread: !@ CAM New BSOH: 100
02-15 13:13:26.948  2832  3585 E WifiStaIfaceAidlImpl: getCachedScanData failed with service-specific exception: android.os.ServiceSpecificException:  (code 4)
02-15 13:13:26.953  2832  3783 E SemWifiLinkQualityMonitor: Too old or invalid TMI: currentTime=1771175606953 lastDateWindow=1771118498000
02-15 13:13:27.227  1855  1896 E HeatmapThread: ECT Thread time in milliseconds: 1771175607
02-15 13:13:27.230  1855  1896 E HeatmapThread: !@ CAM New BSOH: 100
02-15 13:13:28.227  1855  1896 E HeatmapThread: ECT Thread time in milliseconds: 1771175608
02-15 13:13:28.231  1855  1896 E HeatmapThread: !@ CAM New BSOH: 100
02-15 13:13:29.228  1855  1896 E HeatmapThread: ECT Thread time in milliseconds: 1771175609
02-15 13:13:29.231  1855  1896 E HeatmapThread: !@ CAM New BSOH: 100
02-15 13:13:29.960  2832  3585 E WifiStaIfaceAidlImpl: getCachedScanData failed with service-specific exception: android.os.ServiceSpecificException:  (code 4)
02-15 13:13:29.964  2832  3783 E SemWifiLinkQualityMonitor: Too old or invalid TMI: currentTime=1771175609963 lastDateWindow=1771118498000
02-15 13:13:30.228  1855  1896 E HeatmapThread: ECT Thread time in milliseconds: 1771175610
02-15 13:13:30.233  1855  1896 E HeatmapThread: !@ CAM New BSOH: 100
02-15 13:13:31.228  1855  1896 E HeatmapThread: ECT Thread time in milliseconds: 1771175611
02-15 13:13:31.231  1855  1896 E HeatmapThread: !@ CAM New BSOH: 100
02-15 13:13:32.228  1855  1896 E HeatmapThread: ECT Thread time in milliseconds: 1771175612
02-15 13:13:32.231  1855  1896 E HeatmapThread: !@ CAM New BSOH: 100
02-15 13:13:32.969  2832  3585 E WifiStaIfaceAidlImpl: getCachedScanData failed with service-specific exception: android.os.ServiceSpecificException:  (code 4)
02-15 13:13:32.972  2832  3783 E SemWifiLinkQualityMonitor: Too old or invalid TMI: currentTime=1771175612972 lastDateWindow=1771118498000
02-15 13:13:33.228  1855  1896 E HeatmapThread: ECT Thread time in milliseconds: 1771175613
02-15 13:13:33.230  1855  1896 E HeatmapThread: !@ CAM New BSOH: 100
02-15 13:13:34.228  1855  1896 E HeatmapThread: ECT Thread time in milliseconds: 1771175614
02-15 13:13:34.232  1855  1896 E HeatmapThread: !@ CAM New BSOH: 100
02-15 13:13:34.899  1842  1932 E ConversionHelperAidl: Function: parseAndSetVendorParameters Line: 94 Failed 
02-15 13:13:34.899  1842  1932 E ConversionHelperAidl: Function: parseAndSetVendorParameters Line: 94 Failed 
02-15 13:13:34.900  1842  1932 E ConversionHelperAidl: Function: parseAndSetVendorParameters Line: 94 Failed 
02-15 13:13:34.901  1842  1932 E ConversionHelperAidl: Function: parseAndSetVendorParameters Line: 94 Failed 
02-15 13:13:35.228  1855  1896 E HeatmapThread: ECT Thread time in milliseconds: 1771175615
02-15 13:13:35.231  1855  1896 E HeatmapThread: !@ CAM New BSOH: 100
02-15 13:13:35.979  2832  3585 E WifiStaIfaceAidlImpl: getCachedScanData failed with service-specific exception: android.os.ServiceSpecificException:  (code 4)
02-15 13:13:35.983  2832  3783 E SemWifiLinkQualityMonitor: Too old or invalid TMI: currentTime=1771175615983 lastDateWindow=1771118498000
02-15 13:13:36.228  1855  1896 E HeatmapThread: ECT Thread time in milliseconds: 1771175616
02-15 13:13:36.232  1855  1896 E HeatmapThread: !@Entered the read from path function
02-15 13:13:36.232  1855  1896 E HeatmapThread: !@Read Extended_heatmap from efs is: 18738 0 0 0 0 0 0 0 0 0 0 0 0 0 0 0 0 0 1222 0 0 0 0 0 0 0 0 0 0 0 0 0 0 0 0 0 1417 0 0 0 0 0 0 0 0 0 0 0 0 0 0 0 0 0 1454 0 0 0 0 0 0 0 0 0 0 0 0 0 0 0 0 0 1409 0 0 0 0 0 0 0 0 0 0 0 0 0 0 0 0 0 1445 0 0 0 0 0 0 0 0 0 0 0 0 0 0 0 0 0 1431 0 0 0 0 0 0 0 0 0 0 0 0 0 0 0 0 0 1336 0 0 0 0 0 0 0 0 0 0 0 0 0 0 0 0 0 1452 0 0 0 0 0 0 0 0 0 0 0 0 0 0 0 0 0 1462 0 0 0 0 0 0 0 0 0 0 0 0 0 0 0 0 0 1286 0 0 0 0 0 0 0 0 0 0 0 0 0 0 0 0 0 5718 0 0 0 0 0 0 0 0 0 0 0 0 0 0 0 0 0 6528 0 0 0 0 0 0 0 0 0 0 0 0 0 0 0 0 0 12761 0 0 0 0 0 0 0 0 0 0 0 0 0 0 0 0 0 12666 0 0 0 0 0 0 0 0 0 0 0 0 0 0 0 0 0 12937 0 0 0 0 0 0 0 0 0 0 0 0 0 0 0 0 0 12912 0 0 0 0 0 0 0 0 0 0 0 0 0 0 0 0 0 9872 0 0 0 0 0 0 0 0 0 0 0 0 0 0 0 0 0 3784 0 0 0 0 0 0 0 0 0 0 0 0 0 0 0 0 0 3092 0 0 0 0 0 0 0 0 0 0 0 0 0 0 0 0 0 2707 0 0 0 0 0 0 0 0 0 0 0 0 0 0 0 0 0 2480 0 0 0 0 0 0 0 0 0 0 0 0 0 0 0 0 0 293 0 0 0 0 0 0 0 0 0 0 0 0 0 0 0 0 0 368 0 0 0 0 0 0 0 0 0 0 0 0 0 0 0 0 0 297 0 0 0 0 0 0 0 0 0 0 0 0 0 0 0 0 0 240 0 0 0
02-15 13:13:36.233  1855  1896 E HeatmapThread: !@Write Extended Heatmap to efs is: 18738 0 0 0 0 0 0 0 0 0 0 0 0 0 0 0 0 0 1222 0 0 0 0 0 0 0 0 0 0 0 0 0 0 0 0 0 1417 0 0 0 0 0 0 0 0 0 0 0 0 0 0 0 0 0 1454 0 0 0 0 0 0 0 0 0 0 0 0 0 0 0 0 0 1409 0 0 0 0 0 0 0 0 0 0 0 0 0 0 0 0 0 1445 0 0 0 0 0 0 0 0 0 0 0 0 0 0 0 0 0 1431 0 0 0 0 0 0 0 0 0 0 0 0 0 0 0 0 0 1336 0 0 0 0 0 0 0 0 0 0 0 0 0 0 0 0 0 1452 0 0 0 0 0 0 0 0 0 0 0 0 0 0 0 0 0 1462 0 0 0 0 0 0 0 0 0 0 0 0 0 0 0 0 0 1286 0 0 0 0 0 0 0 0 0 0 0 0 0 0 0 0 0 5718 0 0 0 0 0 0 0 0 0 0 0 0 0 0 0 0 0 6528 0 0 0 0 0 0 0 0 0 0 0 0 0 0 0 0 0 12762 0 0 0 0 0 0 0 0 0 0 0 0 0 0 0 0 0 12666 0 0 0 0 0 0 0 0 0 0 0 0 0 0 0 0 0 12937 0 0 0 0 0 0 0 0 0 0 0 0 0 0 0 0 0 12912 0 0 0 0 0 0 0 0 0 0 0 0 0 0 0 0 0 9872 0 0 0 0 0 0 0 0 0 0 0 0 0 0 0 0 0 3784 0 0 0 0 0 0 0 0 0 0 0 0 0 0 0 0 0 3092 0 0 0 0 0 0 0 0 0 0 0 0 0 0 0 0 0 2707 0 0 0 0 0 0 0 0 0 0 0 0 0 0 0 0 0 2480 0 0 0 0 0 0 0 0 0 0 0 0 0 0 0 0 0 293 0 0 0 0 0 0 0 0 0 0 0 0 0 0 0 0 0 368 0 0 0 0 0 0 0 0 0 0 0 0 0 0 0 0 0 297 0 0 0 0 0 0 0 0 0 0 0 0 0 0 0 0 0 240 0 0 0 
02-15 13:13:36.233  1855  1896 E HeatmapThread: !@ CAM New BSOH: 100
02-15 13:13:37.228  1855  1896 E HeatmapThread: ECT Thread time in milliseconds: 1771175617
02-15 13:13:37.231  1855  1896 E HeatmapThread: !@ CAM New BSOH: 100
02-15 13:13:38.227  1855  1896 E HeatmapThread: ECT Thread time in milliseconds: 1771175618
02-15 13:13:38.233  1855  1896 E HeatmapThread: !@ CAM New BSOH: 100
02-15 13:13:38.987  2832  3585 E WifiStaIfaceAidlImpl: getCachedScanData failed with service-specific exception: android.os.ServiceSpecificException:  (code 4)
02-15 13:13:38.991  2832  3783 E SemWifiLinkQualityMonitor: Too old or invalid TMI: currentTime=1771175618991 lastDateWindow=1771118498000
02-15 13:13:39.228  1855  1896 E HeatmapThread: ECT Thread time in milliseconds: 1771175619
02-15 13:13:39.231  1855  1896 E HeatmapThread: !@ CAM New BSOH: 100
02-15 13:13:39.284  2832  3585 E WifiStaIfaceAidlImpl: getCachedScanData failed with service-specific exception: android.os.ServiceSpecificException:  (code 4)
02-15 13:13:40.228  1855  1896 E HeatmapThread: ECT Thread time in milliseconds: 1771175620
02-15 13:13:40.233  1855  1896 E HeatmapThread: !@ CAM New BSOH: 100
02-15 13:13:41.228  1855  1896 E HeatmapThread: ECT Thread time in milliseconds: 1771175621
02-15 13:13:41.231  1855  1896 E HeatmapThread: !@ CAM New BSOH: 100
02-15 13:13:41.716  1874  4439 E HwcComposer: getLuts failed Status(-129, EX_TRANSACTION_FAILED): 'UNKNOWN_TRANSACTION: '
02-15 13:13:41.998  2832  3585 E WifiStaIfaceAidlImpl: getCachedScanData failed with service-specific exception: android.os.ServiceSpecificException:  (code 4)
02-15 13:13:42.003  2832  3783 E SemWifiLinkQualityMonitor: Too old or invalid TMI: currentTime=1771175622002 lastDateWindow=1771118498000
02-15 13:13:42.032  2832  5680 E SemWifiService: getCurrentNetworkScore - invalid score data
02-15 13:13:42.032  2832  5680 E WifiProfileShare.Caster: failed to generate qos array, need to check network score data
02-15 13:13:42.141  1814  1895 E BatteryDump: !@new_battery_dump : 4212,-232,100,100,80,318,300,332,318,0,336,333,0,Discharging,NO_CHARGING,None,Good,NONE,0,Normal,0,0,9300,0x40000000,0x10000,0x0,0,0,221,v0002,0000,0000,00000000,0,0,0,0,141,4226,7887,980,0,
02-15 13:13:42.228  1855  1896 E HeatmapThread: ECT Thread time in milliseconds: 1771175622
02-15 13:13:42.231  1855  1896 E HeatmapThread: !@ CAM New BSOH: 100
02-15 13:13:43.228  1855  1896 E HeatmapThread: ECT Thread time in milliseconds: 1771175623
02-15 13:13:43.231  1855  1896 E HeatmapThread: !@ CAM New BSOH: 100
02-15 13:13:43.564  2832  2915 E Watchdog: !@Sync: 3427 heap(MB): 167 / 169 FD: 1461 [2026-02-15 13:13:43.564]
02-15 13:13:44.227  1855  1896 E HeatmapThread: ECT Thread time in milliseconds: 1771175624
02-15 13:13:44.231  1855  1896 E HeatmapThread: !@ CAM New BSOH: 100
02-15 13:13:44.938  1842  1932 E ConversionHelperAidl: Function: parseAndSetVendorParameters Line: 94 Failed 
02-15 13:13:44.939  1842  1932 E ConversionHelperAidl: Function: parseAndSetVendorParameters Line: 94 Failed 
02-15 13:13:44.940  1842 30060 E ConversionHelperAidl: Function: parseAndSetVendorParameters Line: 94 Failed 
02-15 13:13:44.940  1842 30060 E ConversionHelperAidl: Function: parseAndSetVendorParameters Line: 94 Failed 
02-15 13:13:45.010  2832  3585 E WifiStaIfaceAidlImpl: getCachedScanData failed with service-specific exception: android.os.ServiceSpecificException:  (code 4)
02-15 13:13:45.016  2832  3783 E SemWifiLinkQualityMonitor: Too old or invalid TMI: currentTime=1771175625016 lastDateWindow=1771118498000
02-15 13:13:45.227  1855  1896 E HeatmapThread: ECT Thread time in milliseconds: 1771175625
02-15 13:13:45.231  1855  1896 E HeatmapThread: !@ CAM New BSOH: 100
02-15 13:13:46.228  1855  1896 E HeatmapThread: ECT Thread time in milliseconds: 1771175626
02-15 13:13:46.232  1855  1896 E HeatmapThread: !@ CAM New BSOH: 100
02-15 13:13:47.228  1855  1896 E HeatmapThread: ECT Thread time in milliseconds: 1771175627
02-15 13:13:47.231  1855  1896 E HeatmapThread: !@ CAM New BSOH: 100
02-15 13:13:48.022  2832  3585 E WifiStaIfaceAidlImpl: getCachedScanData failed with service-specific exception: android.os.ServiceSpecificException:  (code 4)
02-15 13:13:48.026  2832  3783 E SemWifiLinkQualityMonitor: Too old or invalid TMI: currentTime=1771175628026 lastDateWindow=1771118498000
02-15 13:13:48.228  1855  1896 E HeatmapThread: ECT Thread time in milliseconds: 1771175628
02-15 13:13:48.233  1855  1896 E HeatmapThread: !@ CAM New BSOH: 100
02-15 13:13:49.228  1855  1896 E HeatmapThread: ECT Thread time in milliseconds: 1771175629
02-15 13:13:49.231  1855  1896 E HeatmapThread: !@ CAM New BSOH: 100
02-15 13:13:50.227  1855  1896 E HeatmapThread: ECT Thread time in milliseconds: 1771175630
02-15 13:13:50.232  1855  1896 E HeatmapThread: !@ CAM New BSOH: 100
02-15 13:13:51.033  2832  3585 E WifiStaIfaceAidlImpl: getCachedScanData failed with service-specific exception: android.os.ServiceSpecificException:  (code 4)
02-15 13:13:51.038  2832  3783 E SemWifiLinkQualityMonitor: Too old or invalid TMI: currentTime=1771175631038 lastDateWindow=1771118498000
02-15 13:13:51.227  1855  1896 E HeatmapThread: ECT Thread time in milliseconds: 1771175631
02-15 13:13:51.229  1855  1896 E HeatmapThread: !@ CAM New BSOH: 100
02-15 13:13:52.228  1855  1896 E HeatmapThread: ECT Thread time in milliseconds: 1771175632
02-15 13:13:52.232  1855  1896 E HeatmapThread: !@ CAM New BSOH: 100
02-15 13:13:53.227  1855  1896 E HeatmapThread: ECT Thread time in milliseconds: 1771175633
02-15 13:13:53.230  1855  1896 E HeatmapThread: !@ CAM New BSOH: 100
02-15 13:13:54.044  2832  3585 E WifiStaIfaceAidlImpl: getCachedScanData failed with service-specific exception: android.os.ServiceSpecificException:  (code 4)
02-15 13:13:54.049  2832  3783 E SemWifiLinkQualityMonitor: Too old or invalid TMI: currentTime=1771175634049 lastDateWindow=1771118498000
02-15 13:13:54.227  1855  1896 E HeatmapThread: ECT Thread time in milliseconds: 1771175634
02-15 13:13:54.231  1855  1896 E HeatmapThread: !@ CAM New BSOH: 100
02-15 13:13:54.982  1842 30060 E ConversionHelperAidl: Function: parseAndSetVendorParameters Line: 94 Failed 
02-15 13:13:54.982  1842 30060 E ConversionHelperAidl: Function: parseAndSetVendorParameters Line: 94 Failed 
02-15 13:13:54.984  1842  1932 E ConversionHelperAidl: Function: parseAndSetVendorParameters Line: 94 Failed 
02-15 13:13:54.984  1842  1932 E ConversionHelperAidl: Function: parseAndSetVendorParameters Line: 94 Failed 
02-15 13:13:55.228  1855  1896 E HeatmapThread: ECT Thread time in milliseconds: 1771175635
02-15 13:13:55.231  1855  1896 E HeatmapThread: !@ CAM New BSOH: 100
02-15 13:13:56.228  1855  1896 E HeatmapThread: ECT Thread time in milliseconds: 1771175636
02-15 13:13:56.232  1855  1896 E HeatmapThread: !@ CAM New BSOH: 100
02-15 13:13:56.590  4925  5223 E bluetooth: system/gd/os/linux_generic/files.cc:223 FileCreatedTime: unable to read '/data/log/bt/btsnooz_hci.log' file metadata, error: No such file or directory
02-15 13:13:57.059  2832  3585 E WifiStaIfaceAidlImpl: getCachedScanData failed with service-specific exception: android.os.ServiceSpecificException:  (code 4)
02-15 13:13:57.063  2832  3783 E SemWifiLinkQualityMonitor: Too old or invalid TMI: currentTime=1771175637063 lastDateWindow=1771118498000
02-15 13:13:57.228  1855  1896 E HeatmapThread: ECT Thread time in milliseconds: 1771175637
02-15 13:13:57.231  1855  1896 E HeatmapThread: !@ CAM New BSOH: 100
02-15 13:13:58.227  1855  1896 E HeatmapThread: ECT Thread time in milliseconds: 1771175638
02-15 13:13:58.231  1855  1896 E HeatmapThread: !@ CAM New BSOH: 100
02-15 13:13:59.227  1855  1896 E HeatmapThread: ECT Thread time in milliseconds: 1771175639
02-15 13:13:59.231  1855  1896 E HeatmapThread: !@ CAM New BSOH: 100
02-15 13:14:00.023  1772  2380 E SDM     : ScalarConfig::GetAIScaleSettingsInfo: AI Scaler Config for display 68 is not present
02-15 13:14:00.067  2832  3585 E WifiStaIfaceAidlImpl: getCachedScanData failed with service-specific exception: android.os.ServiceSpecificException:  (code 4)
02-15 13:14:00.072  2832  3783 E SemWifiLinkQualityMonitor: Too old or invalid TMI: currentTime=1771175640072 lastDateWindow=1771118498000
02-15 13:14:00.228  1855  1896 E HeatmapThread: ECT Thread time in milliseconds: 1771175640
02-15 13:14:00.231  1855  1896 E HeatmapThread: !@ CAM New BSOH: 100
02-15 13:14:01.228  1855  1896 E HeatmapThread: ECT Thread time in milliseconds: 1771175641
02-15 13:14:01.231  1855  1896 E HeatmapThread: !@ CAM New BSOH: 100
02-15 13:14:02.228  1855  1896 E HeatmapThread: ECT Thread time in milliseconds: 1771175642
02-15 13:14:02.231  1855  1896 E HeatmapThread: !@ CAM New BSOH: 100
02-15 13:14:03.079  2832  3585 E WifiStaIfaceAidlImpl: getCachedScanData failed with service-specific exception: android.os.ServiceSpecificException:  (code 4)
02-15 13:14:03.082  2832  3783 E SemWifiLinkQualityMonitor: Too old or invalid TMI: currentTime=1771175643082 lastDateWindow=1771118498000
02-15 13:14:03.228  1855  1896 E HeatmapThread: ECT Thread time in milliseconds: 1771175643
02-15 13:14:03.231  1855  1896 E HeatmapThread: !@ CAM New BSOH: 100
02-15 13:14:04.228  1855  1896 E HeatmapThread: ECT Thread time in milliseconds: 1771175644
02-15 13:14:04.231  1855  1896 E HeatmapThread: !@ CAM New BSOH: 100
02-15 13:14:05.019  1842  1932 E ConversionHelperAidl: Function: parseAndSetVendorParameters Line: 94 Failed 
02-15 13:14:05.019  1842  1932 E ConversionHelperAidl: Function: parseAndSetVendorParameters Line: 94 Failed 
02-15 13:14:05.020  1842  1932 E ConversionHelperAidl: Function: parseAndSetVendorParameters Line: 94 Failed 
02-15 13:14:05.020  1842  1932 E ConversionHelperAidl: Function: parseAndSetVendorParameters Line: 94 Failed 
02-15 13:14:05.227  1855  1896 E HeatmapThread: ECT Thread time in milliseconds: 1771175645
02-15 13:14:05.229  1855  1896 E HeatmapThread: !@ CAM New BSOH: 100
02-15 13:14:06.089  2832  3585 E WifiStaIfaceAidlImpl: getCachedScanData failed with service-specific exception: android.os.ServiceSpecificException:  (code 4)
02-15 13:14:06.091  2832  3783 E SemWifiLinkQualityMonitor: Too old or invalid TMI: currentTime=1771175646091 lastDateWindow=1771118498000
02-15 13:14:06.228  1855  1896 E HeatmapThread: ECT Thread time in milliseconds: 1771175646
02-15 13:14:06.232  1855  1896 E HeatmapThread: !@ CAM New BSOH: 100
02-15 13:14:07.227  1855  1896 E HeatmapThread: ECT Thread time in milliseconds: 1771175647
02-15 13:14:07.231  1855  1896 E HeatmapThread: !@ CAM New BSOH: 100
02-15 13:14:08.228  1855  1896 E HeatmapThread: ECT Thread time in milliseconds: 1771175648
02-15 13:14:08.232  1855  1896 E HeatmapThread: !@ CAM New BSOH: 100
02-15 13:14:08.441  1772  2380 E SDM     : ScalarConfig::GetAIScaleSettingsInfo: AI Scaler Config for display 68 is not present
02-15 13:14:09.099  2832  3585 E WifiStaIfaceAidlImpl: getCachedScanData failed with service-specific exception: android.os.ServiceSpecificException:  (code 4)
02-15 13:14:09.103  2832  3783 E SemWifiLinkQualityMonitor: Too old or invalid TMI: currentTime=1771175649103 lastDateWindow=1771118498000
02-15 13:14:09.228  1855  1896 E HeatmapThread: ECT Thread time in milliseconds: 1771175649
02-15 13:14:09.231  1855  1896 E HeatmapThread: !@ CAM New BSOH: 100
02-15 13:14:10.228  1855  1896 E HeatmapThread: ECT Thread time in milliseconds: 1771175650
02-15 13:14:10.231  1855  1896 E HeatmapThread: !@ CAM New BSOH: 100
02-15 13:14:11.227  1855  1896 E HeatmapThread: ECT Thread time in milliseconds: 1771175651
02-15 13:14:11.231  1855  1896 E HeatmapThread: !@ CAM New BSOH: 100
02-15 13:14:11.775  1874  4439 E HwcComposer: getLuts failed Status(-129, EX_TRANSACTION_FAILED): 'UNKNOWN_TRANSACTION: '
02-15 13:14:12.111  2832  3585 E WifiStaIfaceAidlImpl: getCachedScanData failed with service-specific exception: android.os.ServiceSpecificException:  (code 4)
02-15 13:14:12.116  2832  3783 E SemWifiLinkQualityMonitor: Too old or invalid TMI: currentTime=1771175652116 lastDateWindow=1771118498000
02-15 13:14:12.227  1855  1896 E HeatmapThread: ECT Thread time in milliseconds: 1771175652
02-15 13:14:12.230  1855  1896 E HeatmapThread: !@ CAM New BSOH: 100
02-15 13:14:12.300  1814  1895 E BatteryDump: !@new_battery_dump : 4212,-189,100,100,80,317,300,330,317,0,333,331,0,Discharging,NO_CHARGING,None,Good,NONE,0,Normal,0,0,9300,0x40000000,0x10000,0x0,0,0,221,v0002,0000,0000,00000000,0,0,0,0,141,4226,7884,980,0,
02-15 13:14:13.227  1855  1896 E HeatmapThread: ECT Thread time in milliseconds: 1771175653
02-15 13:14:13.231  1855  1896 E HeatmapThread: !@ CAM New BSOH: 100
02-15 13:14:13.568  2832  2915 E Watchdog: !@Sync: 3428 heap(MB): 146 / 169 FD: 1457 [2026-02-15 13:14:13.568]
02-15 13:14:14.228  1855  1896 E HeatmapThread: ECT Thread time in milliseconds: 1771175654
02-15 13:14:14.232  1855  1896 E HeatmapThread: !@ CAM New BSOH: 100
02-15 13:14:15.060  1842  1932 E ConversionHelperAidl: Function: parseAndSetVendorParameters Line: 94 Failed 
02-15 13:14:15.060  1842  1932 E ConversionHelperAidl: Function: parseAndSetVendorParameters Line: 94 Failed 
02-15 13:14:15.062  1842  1932 E ConversionHelperAidl: Function: parseAndSetVendorParameters Line: 94 Failed 
02-15 13:14:15.062  1842  1932 E ConversionHelperAidl: Function: parseAndSetVendorParameters Line: 94 Failed 
02-15 13:14:15.121  2832  3585 E WifiStaIfaceAidlImpl: getCachedScanData failed with service-specific exception: android.os.ServiceSpecificException:  (code 4)
02-15 13:14:15.123  2832  3783 E SemWifiLinkQualityMonitor: Too old or invalid TMI: currentTime=1771175655123 lastDateWindow=1771118498000
02-15 13:14:15.228  1855  1896 E HeatmapThread: ECT Thread time in milliseconds: 1771175655
02-15 13:14:15.231  1855  1896 E HeatmapThread: !@ CAM New BSOH: 100
02-15 13:14:16.228  1855  1896 E HeatmapThread: ECT Thread time in milliseconds: 1771175656
02-15 13:14:16.232  1855  1896 E HeatmapThread: !@ CAM New BSOH: 100
02-15 13:14:17.228  1855  1896 E HeatmapThread: ECT Thread time in milliseconds: 1771175657
02-15 13:14:17.231  1855  1896 E HeatmapThread: !@ CAM New BSOH: 100
02-15 13:14:18.129  2832  3585 E WifiStaIfaceAidlImpl: getCachedScanData failed with service-specific exception: android.os.ServiceSpecificException:  (code 4)
02-15 13:14:18.131  2832  3783 E SemWifiLinkQualityMonitor: Too old or invalid TMI: currentTime=1771175658131 lastDateWindow=1771118498000
02-15 13:14:18.228  1855  1896 E HeatmapThread: ECT Thread time in milliseconds: 1771175658
02-15 13:14:18.231  1855  1896 E HeatmapThread: !@ CAM New BSOH: 100
02-15 13:14:19.228  1855  1896 E HeatmapThread: ECT Thread time in milliseconds: 1771175659
02-15 13:14:19.232  1855  1896 E HeatmapThread: !@ CAM New BSOH: 100
02-15 13:14:20.227  1855  1896 E HeatmapThread: ECT Thread time in milliseconds: 1771175660
02-15 13:14:20.232  1855  1896 E HeatmapThread: !@ CAM New BSOH: 100
02-15 13:14:21.138  2832  3585 E WifiStaIfaceAidlImpl: getCachedScanData failed with service-specific exception: android.os.ServiceSpecificException:  (code 4)
02-15 13:14:21.142  2832  3783 E SemWifiLinkQualityMonitor: Too old or invalid TMI: currentTime=1771175661142 lastDateWindow=1771118498000
02-15 13:14:21.228  1855  1896 E HeatmapThread: ECT Thread time in milliseconds: 1771175661
02-15 13:14:21.231  1855  1896 E HeatmapThread: !@ CAM New BSOH: 100
02-15 13:14:22.228  1855  1896 E HeatmapThread: ECT Thread time in milliseconds: 1771175662
02-15 13:14:22.232  1855  1896 E HeatmapThread: !@ CAM New BSOH: 100
02-15 13:14:23.228  1855  1896 E HeatmapThread: ECT Thread time in milliseconds: 1771175663
02-15 13:14:23.230  1855  1896 E HeatmapThread: !@ CAM New BSOH: 100
02-15 13:14:24.148  2832  3585 E WifiStaIfaceAidlImpl: getCachedScanData failed with service-specific exception: android.os.ServiceSpecificException:  (code 4)
02-15 13:14:24.152  2832  3783 E SemWifiLinkQualityMonitor: Too old or invalid TMI: currentTime=1771175664152 lastDateWindow=1771118498000
02-15 13:14:24.228  1855  1896 E HeatmapThread: ECT Thread time in milliseconds: 1771175664
02-15 13:14:24.232  1855  1896 E HeatmapThread: !@ CAM New BSOH: 100
02-15 13:14:25.099  1842  1932 E ConversionHelperAidl: Function: parseAndSetVendorParameters Line: 94 Failed 
02-15 13:14:25.099  1842  1932 E ConversionHelperAidl: Function: parseAndSetVendorParameters Line: 94 Failed 
02-15 13:14:25.101  1842  1932 E ConversionHelperAidl: Function: parseAndSetVendorParameters Line: 94 Failed 
02-15 13:14:25.101  1842  1932 E ConversionHelperAidl: Function: parseAndSetVendorParameters Line: 94 Failed 
02-15 13:14:25.227  1855  1896 E HeatmapThread: ECT Thread time in milliseconds: 1771175665
02-15 13:14:25.230  1855  1896 E HeatmapThread: !@ CAM New BSOH: 100
02-15 13:14:26.228  1855  1896 E HeatmapThread: ECT Thread time in milliseconds: 1771175666
02-15 13:14:26.232  1855  1896 E HeatmapThread: !@ CAM New BSOH: 100
02-15 13:14:27.158  2832  3585 E WifiStaIfaceAidlImpl: getCachedScanData failed with service-specific exception: android.os.ServiceSpecificException:  (code 4)
02-15 13:14:27.162  2832  3783 E SemWifiLinkQualityMonitor: Too old or invalid TMI: currentTime=1771175667162 lastDateWindow=1771118498000
02-15 13:14:27.228  1855  1896 E HeatmapThread: ECT Thread time in milliseconds: 1771175667
02-15 13:14:27.231  1855  1896 E HeatmapThread: !@ CAM New BSOH: 100
02-15 13:14:28.228  1855  1896 E HeatmapThread: ECT Thread time in milliseconds: 1771175668
02-15 13:14:28.232  1855  1896 E HeatmapThread: !@ CAM New BSOH: 100
02-15 13:14:29.227  1855  1896 E HeatmapThread: ECT Thread time in milliseconds: 1771175669
02-15 13:14:29.230  1855  1896 E HeatmapThread: !@ CAM New BSOH: 100
02-15 13:14:30.169  2832  3585 E WifiStaIfaceAidlImpl: getCachedScanData failed with service-specific exception: android.os.ServiceSpecificException:  (code 4)
02-15 13:14:30.173  2832  3783 E SemWifiLinkQualityMonitor: Too old or invalid TMI: currentTime=1771175670173 lastDateWindow=1771118498000
02-15 13:14:30.228  1855  1896 E HeatmapThread: ECT Thread time in milliseconds: 1771175670
02-15 13:14:30.232  1855  1896 E HeatmapThread: !@ CAM New BSOH: 100
02-15 13:14:31.228  1855  1896 E HeatmapThread: ECT Thread time in milliseconds: 1771175671
02-15 13:14:31.231  1855  1896 E HeatmapThread: !@ CAM New BSOH: 100
02-15 13:14:32.228  1855  1896 E HeatmapThread: ECT Thread time in milliseconds: 1771175672
02-15 13:14:32.233  1855  1896 E HeatmapThread: !@ CAM New BSOH: 100
02-15 13:14:33.177  2832  3585 E WifiStaIfaceAidlImpl: getCachedScanData failed with service-specific exception: android.os.ServiceSpecificException:  (code 4)
02-15 13:14:33.180  2832  3783 E SemWifiLinkQualityMonitor: Too old or invalid TMI: currentTime=1771175673180 lastDateWindow=1771118498000
02-15 13:14:33.227  1855  1896 E HeatmapThread: ECT Thread time in milliseconds: 1771175673
02-15 13:14:33.230  1855  1896 E HeatmapThread: !@ CAM New BSOH: 100
02-15 13:14:34.227  1855  1896 E HeatmapThread: ECT Thread time in milliseconds: 1771175674
02-15 13:14:34.232  1855  1896 E HeatmapThread: !@ CAM New BSOH: 100
02-15 13:14:35.140  1842  1932 E ConversionHelperAidl: Function: parseAndSetVendorParameters Line: 94 Failed 
02-15 13:14:35.140  1842  1932 E ConversionHelperAidl: Function: parseAndSetVendorParameters Line: 94 Failed 
02-15 13:14:35.143  1842 30060 E ConversionHelperAidl: Function: parseAndSetVendorParameters Line: 94 Failed 
02-15 13:14:35.143  1842 30060 E ConversionHelperAidl: Function: parseAndSetVendorParameters Line: 94 Failed 
02-15 13:14:35.227  1855  1896 E HeatmapThread: ECT Thread time in milliseconds: 1771175675
02-15 13:14:35.230  1855  1896 E HeatmapThread: !@ CAM New BSOH: 100
02-15 13:14:36.187  2832  3585 E WifiStaIfaceAidlImpl: getCachedScanData failed with service-specific exception: android.os.ServiceSpecificException:  (code 4)
02-15 13:14:36.191  2832  3783 E SemWifiLinkQualityMonitor: Too old or invalid TMI: currentTime=1771175676191 lastDateWindow=1771118498000
02-15 13:14:36.228  1855  1896 E HeatmapThread: ECT Thread time in milliseconds: 1771175676
02-15 13:14:36.232  1855  1896 E HeatmapThread: !@Entered the read from path function
02-15 13:14:36.232  1855  1896 E HeatmapThread: !@Read Extended_heatmap from efs is: 18738 0 0 0 0 0 0 0 0 0 0 0 0 0 0 0 0 0 1222 0 0 0 0 0 0 0 0 0 0 0 0 0 0 0 0 0 1417 0 0 0 0 0 0 0 0 0 0 0 0 0 0 0 0 0 1454 0 0 0 0 0 0 0 0 0 0 0 0 0 0 0 0 0 1409 0 0 0 0 0 0 0 0 0 0 0 0 0 0 0 0 0 1445 0 0 0 0 0 0 0 0 0 0 0 0 0 0 0 0 0 1431 0 0 0 0 0 0 0 0 0 0 0 0 0 0 0 0 0 1336 0 0 0 0 0 0 0 0 0 0 0 0 0 0 0 0 0 1452 0 0 0 0 0 0 0 0 0 0 0 0 0 0 0 0 0 1462 0 0 0 0 0 0 0 0 0 0 0 0 0 0 0 0 0 1286 0 0 0 0 0 0 0 0 0 0 0 0 0 0 0 0 0 5718 0 0 0 0 0 0 0 0 0 0 0 0 0 0 0 0 0 6528 0 0 0 0 0 0 0 0 0 0 0 0 0 0 0 0 0 12762 0 0 0 0 0 0 0 0 0 0 0 0 0 0 0 0 0 12666 0 0 0 0 0 0 0 0 0 0 0 0 0 0 0 0 0 12937 0 0 0 0 0 0 0 0 0 0 0 0 0 0 0 0 0 12912 0 0 0 0 0 0 0 0 0 0 0 0 0 0 0 0 0 9872 0 0 0 0 0 0 0 0 0 0 0 0 0 0 0 0 0 3784 0 0 0 0 0 0 0 0 0 0 0 0 0 0 0 0 0 3092 0 0 0 0 0 0 0 0 0 0 0 0 0 0 0 0 0 2707 0 0 0 0 0 0 0 0 0 0 0 0 0 0 0 0 0 2480 0 0 0 0 0 0 0 0 0 0 0 0 0 0 0 0 0 293 0 0 0 0 0 0 0 0 0 0 0 0 0 0 0 0 0 368 0 0 0 0 0 0 0 0 0 0 0 0 0 0 0 0 0 297 0 0 0 0 0 0 0 0 0 0 0 0 0 0 0 0 0 240 0 0 0
02-15 13:14:36.232  1855  1896 E HeatmapThread: !@Write Extended Heatmap to efs is: 18738 0 0 0 0 0 0 0 0 0 0 0 0 0 0 0 0 0 1222 0 0 0 0 0 0 0 0 0 0 0 0 0 0 0 0 0 1417 0 0 0 0 0 0 0 0 0 0 0 0 0 0 0 0 0 1454 0 0 0 0 0 0 0 0 0 0 0 0 0 0 0 0 0 1409 0 0 0 0 0 0 0 0 0 0 0 0 0 0 0 0 0 1445 0 0 0 0 0 0 0 0 0 0 0 0 0 0 0 0 0 1431 0 0 0 0 0 0 0 0 0 0 0 0 0 0 0 0 0 1336 0 0 0 0 0 0 0 0 0 0 0 0 0 0 0 0 0 1452 0 0 0 0 0 0 0 0 0 0 0 0 0 0 0 0 0 1462 0 0 0 0 0 0 0 0 0 0 0 0 0 0 0 0 0 1286 0 0 0 0 0 0 0 0 0 0 0 0 0 0 0 0 0 5718 0 0 0 0 0 0 0 0 0 0 0 0 0 0 0 0 0 6528 0 0 0 0 0 0 0 0 0 0 0 0 0 0 0 0 0 12763 0 0 0 0 0 0 0 0 0 0 0 0 0 0 0 0 0 12666 0 0 0 0 0 0 0 0 0 0 0 0 0 0 0 0 0 12937 0 0 0 0 0 0 0 0 0 0 0 0 0 0 0 0 0 12912 0 0 0 0 0 0 0 0 0 0 0 0 0 0 0 0 0 9872 0 0 0 0 0 0 0 0 0 0 0 0 0 0 0 0 0 3784 0 0 0 0 0 0 0 0 0 0 0 0 0 0 0 0 0 3092 0 0 0 0 0 0 0 0 0 0 0 0 0 0 0 0 0 2707 0 0 0 0 0 0 0 0 0 0 0 0 0 0 0 0 0 2480 0 0 0 0 0 0 0 0 0 0 0 0 0 0 0 0 0 293 0 0 0 0 0 0 0 0 0 0 0 0 0 0 0 0 0 368 0 0 0 0 0 0 0 0 0 0 0 0 0 0 0 0 0 297 0 0 0 0 0 0 0 0 0 0 0 0 0 0 0 0 0 240 0 0 0 
02-15 13:14:36.232  1855  1896 E HeatmapThread: !@ CAM New BSOH: 100
02-15 13:14:37.227  1855  1896 E HeatmapThread: ECT Thread time in milliseconds: 1771175677
02-15 13:14:37.231  1855  1896 E HeatmapThread: !@ CAM New BSOH: 100
02-15 13:14:38.227  1855  1896 E HeatmapThread: ECT Thread time in milliseconds: 1771175678
02-15 13:14:38.229  1855  1896 E HeatmapThread: !@ CAM New BSOH: 100
02-15 13:14:39.199  2832  3585 E WifiStaIfaceAidlImpl: getCachedScanData failed with service-specific exception: android.os.ServiceSpecificException:  (code 4)
02-15 13:14:39.204  2832  3783 E SemWifiLinkQualityMonitor: Too old or invalid TMI: currentTime=1771175679204 lastDateWindow=1771118498000
02-15 13:14:39.228  1855  1896 E HeatmapThread: ECT Thread time in milliseconds: 1771175679
02-15 13:14:39.231  1855  1896 E HeatmapThread: !@ CAM New BSOH: 100
02-15 13:14:40.227  1855  1896 E HeatmapThread: ECT Thread time in milliseconds: 1771175680
02-15 13:14:40.230  1855  1896 E HeatmapThread: !@ CAM New BSOH: 100
02-15 13:14:41.228  1855  1896 E HeatmapThread: ECT Thread time in milliseconds: 1771175681
02-15 13:14:41.232  1855  1896 E HeatmapThread: !@ CAM New BSOH: 100
02-15 13:14:41.825  1874  4439 E HwcComposer: getLuts failed Status(-129, EX_TRANSACTION_FAILED): 'UNKNOWN_TRANSACTION: '
02-15 13:14:42.104  2832  5680 E SemWifiService: getCurrentNetworkScore - invalid score data
02-15 13:14:42.104  2832  5680 E WifiProfileShare.Caster: failed to generate qos array, need to check network score data
02-15 13:14:42.209  2832  3585 E WifiStaIfaceAidlImpl: getCachedScanData failed with service-specific exception: android.os.ServiceSpecificException:  (code 4)
02-15 13:14:42.214  2832  3783 E SemWifiLinkQualityMonitor: Too old or invalid TMI: currentTime=1771175682214 lastDateWindow=1771118498000
02-15 13:14:42.228  1855  1896 E HeatmapThread: ECT Thread time in milliseconds: 1771175682
02-15 13:14:42.232  1855  1896 E HeatmapThread: !@ CAM New BSOH: 100
02-15 13:14:42.460  1814  1895 E BatteryDump: !@new_battery_dump : 4212,-173,100,100,80,317,301,330,317,0,332,329,0,Discharging,NO_CHARGING,None,Good,NONE,0,Normal,0,0,9300,0x40000000,0x10000,0x0,0,0,231,v0002,0000,0000,00000000,0,0,0,0,141,4225,7879,980,0,
02-15 13:14:43.229  1855  1896 E HeatmapThread: ECT Thread time in milliseconds: 1771175683
02-15 13:14:43.232  1855  1896 E HeatmapThread: !@ CAM New BSOH: 100
02-15 13:14:43.572  2832  2915 E Watchdog: !@Sync: 3429 heap(MB): 127 / 169 FD: 1459 [2026-02-15 13:14:43.572]
02-15 13:14:44.228  1855  1896 E HeatmapThread: ECT Thread time in milliseconds: 1771175684
02-15 13:14:44.231  1855  1896 E HeatmapThread: !@ CAM New BSOH: 100
02-15 13:14:45.185  1842  1932 E ConversionHelperAidl: Function: parseAndSetVendorParameters Line: 94 Failed 
02-15 13:14:45.186  1842  1932 E ConversionHelperAidl: Function: parseAndSetVendorParameters Line: 94 Failed 
02-15 13:14:45.188  1842  1932 E ConversionHelperAidl: Function: parseAndSetVendorParameters Line: 94 Failed 
02-15 13:14:45.188  1842  1932 E ConversionHelperAidl: Function: parseAndSetVendorParameters Line: 94 Failed 
02-15 13:14:45.219  2832  3585 E WifiStaIfaceAidlImpl: getCachedScanData failed with service-specific exception: android.os.ServiceSpecificException:  (code 4)
02-15 13:14:45.222  2832  3783 E SemWifiLinkQualityMonitor: Too old or invalid TMI: currentTime=1771175685222 lastDateWindow=1771118498000
02-15 13:14:45.228  1855  1896 E HeatmapThread: ECT Thread time in milliseconds: 1771175685
02-15 13:14:45.230  1855  1896 E HeatmapThread: !@ CAM New BSOH: 100
02-15 13:14:46.227  1855  1896 E HeatmapThread: ECT Thread time in milliseconds: 1771175686
02-15 13:14:46.230  1855  1896 E HeatmapThread: !@ CAM New BSOH: 100
02-15 13:14:47.227  1855  1896 E HeatmapThread: ECT Thread time in milliseconds: 1771175687
02-15 13:14:47.232  1855  1896 E HeatmapThread: !@ CAM New BSOH: 100
02-15 13:14:48.227  1855  1896 E HeatmapThread: ECT Thread time in milliseconds: 1771175688
02-15 13:14:48.229  2832  3585 E WifiStaIfaceAidlImpl: getCachedScanData failed with service-specific exception: android.os.ServiceSpecificException:  (code 4)
02-15 13:14:48.232  1855  1896 E HeatmapThread: !@ CAM New BSOH: 100
02-15 13:14:48.234  2832  3783 E SemWifiLinkQualityMonitor: Too old or invalid TMI: currentTime=1771175688234 lastDateWindow=1771118498000
02-15 13:14:49.228  1855  1896 E HeatmapThread: ECT Thread time in milliseconds: 1771175689
02-15 13:14:49.231  1855  1896 E HeatmapThread: !@ CAM New BSOH: 100
02-15 13:14:50.228  1855  1896 E HeatmapThread: ECT Thread time in milliseconds: 1771175690
02-15 13:14:50.233  1855  1896 E HeatmapThread: !@ CAM New BSOH: 100
02-15 13:14:51.227  1855  1896 E HeatmapThread: ECT Thread time in milliseconds: 1771175691
02-15 13:14:51.231  1855  1896 E HeatmapThread: !@ CAM New BSOH: 100
02-15 13:14:51.240  2832  3585 E WifiStaIfaceAidlImpl: getCachedScanData failed with service-specific exception: android.os.ServiceSpecificException:  (code 4)
02-15 13:14:51.243  2832  3783 E SemWifiLinkQualityMonitor: Too old or invalid TMI: currentTime=1771175691243 lastDateWindow=1771118498000
02-15 13:14:52.228  1855  1896 E HeatmapThread: ECT Thread time in milliseconds: 1771175692
02-15 13:14:52.232  1855  1896 E HeatmapThread: !@ CAM New BSOH: 100
02-15 13:14:53.227  1855  1896 E HeatmapThread: ECT Thread time in milliseconds: 1771175693
02-15 13:14:53.232  1855  1896 E HeatmapThread: !@ CAM New BSOH: 100
02-15 13:14:54.228  1855  1896 E HeatmapThread: ECT Thread time in milliseconds: 1771175694
02-15 13:14:54.232  1855  1896 E HeatmapThread: !@ CAM New BSOH: 100
02-15 13:14:54.251  2832  3585 E WifiStaIfaceAidlImpl: getCachedScanData failed with service-specific exception: android.os.ServiceSpecificException:  (code 4)
02-15 13:14:54.256  2832  3783 E SemWifiLinkQualityMonitor: Too old or invalid TMI: currentTime=1771175694256 lastDateWindow=1771118498000
02-15 13:14:54.793  1772  2380 E SDM     : ScalarConfig::GetAIScaleSettingsInfo: AI Scaler Config for display 68 is not present
02-15 13:14:55.223  1842  1932 E ConversionHelperAidl: Function: parseAndSetVendorParameters Line: 94 Failed 
02-15 13:14:55.223  1842  1932 E ConversionHelperAidl: Function: parseAndSetVendorParameters Line: 94 Failed 
02-15 13:14:55.225  1842 30060 E ConversionHelperAidl: Function: parseAndSetVendorParameters Line: 94 Failed 
02-15 13:14:55.226  1842 30060 E ConversionHelperAidl: Function: parseAndSetVendorParameters Line: 94 Failed 
02-15 13:14:55.227  1855  1896 E HeatmapThread: ECT Thread time in milliseconds: 1771175695
02-15 13:14:55.230  1855  1896 E HeatmapThread: !@ CAM New BSOH: 100
02-15 13:14:56.228  1855  1896 E HeatmapThread: ECT Thread time in milliseconds: 1771175696
02-15 13:14:56.232  1855  1896 E HeatmapThread: !@ CAM New BSOH: 100
02-15 13:14:57.228  1855  1896 E HeatmapThread: ECT Thread time in milliseconds: 1771175697
02-15 13:14:57.232  1855  1896 E HeatmapThread: !@ CAM New BSOH: 100
02-15 13:14:57.260  2832  3585 E WifiStaIfaceAidlImpl: getCachedScanData failed with service-specific exception: android.os.ServiceSpecificException:  (code 4)
02-15 13:14:57.262  2832  3783 E SemWifiLinkQualityMonitor: Too old or invalid TMI: currentTime=1771175697262 lastDateWindow=1771118498000
02-15 13:14:58.228  1855  1896 E HeatmapThread: ECT Thread time in milliseconds: 1771175698
02-15 13:14:58.232  1855  1896 E HeatmapThread: !@ CAM New BSOH: 100
02-15 13:14:59.228  1855  1896 E HeatmapThread: ECT Thread time in milliseconds: 1771175699
02-15 13:14:59.231  1855  1896 E HeatmapThread: !@ CAM New BSOH: 100
02-15 13:15:00.024  1772  2380 E SDM     : ScalarConfig::GetAIScaleSettingsInfo: AI Scaler Config for display 68 is not present
02-15 13:15:00.228  1855  1896 E HeatmapThread: ECT Thread time in milliseconds: 1771175700
02-15 13:15:00.231  1855  1896 E HeatmapThread: !@ CAM New BSOH: 100
02-15 13:15:00.268  2832  3585 E WifiStaIfaceAidlImpl: getCachedScanData failed with service-specific exception: android.os.ServiceSpecificException:  (code 4)
02-15 13:15:00.270  2832  3783 E SemWifiLinkQualityMonitor: Too old or invalid TMI: currentTime=1771175700270 lastDateWindow=1771118498000
02-15 13:15:01.228  1855  1896 E HeatmapThread: ECT Thread time in milliseconds: 1771175701
02-15 13:15:01.231  1855  1896 E HeatmapThread: !@ CAM New BSOH: 100
02-15 13:15:02.228  1855  1896 E HeatmapThread: ECT Thread time in milliseconds: 1771175702
02-15 13:15:02.232  1855  1896 E HeatmapThread: !@ CAM New BSOH: 100
02-15 13:15:03.228  1855  1896 E HeatmapThread: ECT Thread time in milliseconds: 1771175703
02-15 13:15:03.232  1855  1896 E HeatmapThread: !@ CAM New BSOH: 100
02-15 13:15:03.277  2832  3585 E WifiStaIfaceAidlImpl: getCachedScanData failed with service-specific exception: android.os.ServiceSpecificException:  (code 4)
02-15 13:15:03.280  2832  3783 E SemWifiLinkQualityMonitor: Too old or invalid TMI: currentTime=1771175703280 lastDateWindow=1771118498000
02-15 13:15:04.228  1855  1896 E HeatmapThread: ECT Thread time in milliseconds: 1771175704
02-15 13:15:04.231  1855  1896 E HeatmapThread: !@ CAM New BSOH: 100
02-15 13:15:05.228  1855  1896 E HeatmapThread: ECT Thread time in milliseconds: 1771175705
02-15 13:15:05.231  1855  1896 E HeatmapThread: !@ CAM New BSOH: 100
02-15 13:15:05.261  1842 30060 E ConversionHelperAidl: Function: parseAndSetVendorParameters Line: 94 Failed 
02-15 13:15:05.261  1842 30060 E ConversionHelperAidl: Function: parseAndSetVendorParameters Line: 94 Failed 
02-15 13:15:05.262  1842 30060 E ConversionHelperAidl: Function: parseAndSetVendorParameters Line: 94 Failed 
02-15 13:15:05.262  1842 30060 E ConversionHelperAidl: Function: parseAndSetVendorParameters Line: 94 Failed 
02-15 13:15:06.228  1855  1896 E HeatmapThread: ECT Thread time in milliseconds: 1771175706
02-15 13:15:06.231  1855  1896 E HeatmapThread: !@ CAM New BSOH: 100
02-15 13:15:06.285  2832  3585 E WifiStaIfaceAidlImpl: getCachedScanData failed with service-specific exception: android.os.ServiceSpecificException:  (code 4)
02-15 13:15:06.288  2832  3783 E SemWifiLinkQualityMonitor: Too old or invalid TMI: currentTime=1771175706288 lastDateWindow=1771118498000
02-15 13:15:07.228  1855  1896 E HeatmapThread: ECT Thread time in milliseconds: 1771175707
02-15 13:15:07.231  1855  1896 E HeatmapThread: !@ CAM New BSOH: 100
02-15 13:15:08.228  1855  1896 E HeatmapThread: ECT Thread time in milliseconds: 1771175708
02-15 13:15:08.231  1855  1896 E HeatmapThread: !@ CAM New BSOH: 100
02-15 13:15:09.227  1855  1896 E HeatmapThread: ECT Thread time in milliseconds: 1771175709
02-15 13:15:09.230  1855  1896 E HeatmapThread: !@ CAM New BSOH: 100
02-15 13:15:09.296  2832  3585 E WifiStaIfaceAidlImpl: getCachedScanData failed with service-specific exception: android.os.ServiceSpecificException:  (code 4)
02-15 13:15:09.302  2832  3783 E SemWifiLinkQualityMonitor: Too old or invalid TMI: currentTime=1771175709302 lastDateWindow=1771118498000
02-15 13:15:10.227  1855  1896 E HeatmapThread: ECT Thread time in milliseconds: 1771175710
02-15 13:15:10.233  1855  1896 E HeatmapThread: !@ CAM New BSOH: 100
02-15 13:15:11.228  1855  1896 E HeatmapThread: ECT Thread time in milliseconds: 1771175711
02-15 13:15:11.231  1855  1896 E HeatmapThread: !@ CAM New BSOH: 100
02-15 13:15:11.899  1874  2385 E HwcComposer: getLuts failed Status(-129, EX_TRANSACTION_FAILED): 'UNKNOWN_TRANSACTION: '
02-15 13:15:12.227  1855  1896 E HeatmapThread: ECT Thread time in milliseconds: 1771175712
02-15 13:15:12.232  1855  1896 E HeatmapThread: !@ CAM New BSOH: 100
02-15 13:15:12.310  2832  3585 E WifiStaIfaceAidlImpl: getCachedScanData failed with service-specific exception: android.os.ServiceSpecificException:  (code 4)
02-15 13:15:12.314  2832  3783 E SemWifiLinkQualityMonitor: Too old or invalid TMI: currentTime=1771175712314 lastDateWindow=1771118498000
02-15 13:15:12.616  1814  1895 E BatteryDump: !@new_battery_dump : 4210,-189,100,100,80,317,301,329,317,0,331,330,0,Discharging,NO_CHARGING,None,Good,NONE,0,Normal,0,0,9300,0x40000000,0x10000,0x0,0,0,217,v0002,0000,0000,00000000,0,0,0,0,141,4224,7874,980,0,
02-15 13:15:13.228  1855  1896 E HeatmapThread: ECT Thread time in milliseconds: 1771175713
02-15 13:15:13.231  1855  1896 E HeatmapThread: !@ CAM New BSOH: 100
02-15 13:15:13.580  2832  2915 E Watchdog: !@Sync: 3430 heap(MB): 138 / 169 FD: 1459 [2026-02-15 13:15:13.580]
02-15 13:15:14.228  1855  1896 E HeatmapThread: ECT Thread time in milliseconds: 1771175714
02-15 13:15:14.233  1855  1896 E HeatmapThread: !@ CAM New BSOH: 100
02-15 13:15:15.228  1855  1896 E HeatmapThread: ECT Thread time in milliseconds: 1771175715
02-15 13:15:15.231  1855  1896 E HeatmapThread: !@ CAM New BSOH: 100
02-15 13:15:15.306  1842  1932 E ConversionHelperAidl: Function: parseAndSetVendorParameters Line: 94 Failed 
02-15 13:15:15.306  1842  1932 E ConversionHelperAidl: Function: parseAndSetVendorParameters Line: 94 Failed 
02-15 13:15:15.308  1842  1932 E ConversionHelperAidl: Function: parseAndSetVendorParameters Line: 94 Failed 
02-15 13:15:15.309  1842  1932 E ConversionHelperAidl: Function: parseAndSetVendorParameters Line: 94 Failed 
02-15 13:15:15.320  2832  3585 E WifiStaIfaceAidlImpl: getCachedScanData failed with service-specific exception: android.os.ServiceSpecificException:  (code 4)
02-15 13:15:15.323  2832  3783 E SemWifiLinkQualityMonitor: Too old or invalid TMI: currentTime=1771175715323 lastDateWindow=1771118498000
02-15 13:15:16.228  1855  1896 E HeatmapThread: ECT Thread time in milliseconds: 1771175716
02-15 13:15:16.233  1855  1896 E HeatmapThread: !@ CAM New BSOH: 100
02-15 13:15:17.228  1855  1896 E HeatmapThread: ECT Thread time in milliseconds: 1771175717
02-15 13:15:17.230  1855  1896 E HeatmapThread: !@ CAM New BSOH: 100
02-15 13:15:18.228  1855  1896 E HeatmapThread: ECT Thread time in milliseconds: 1771175718
02-15 13:15:18.232  1855  1896 E HeatmapThread: !@ CAM New BSOH: 100
02-15 13:15:18.330  2832  3585 E WifiStaIfaceAidlImpl: getCachedScanData failed with service-specific exception: android.os.ServiceSpecificException:  (code 4)
02-15 13:15:18.334  2832  3783 E SemWifiLinkQualityMonitor: Too old or invalid TMI: currentTime=1771175718334 lastDateWindow=1771118498000
02-15 13:15:19.228  1855  1896 E HeatmapThread: ECT Thread time in milliseconds: 1771175719
02-15 13:15:19.231  1855  1896 E HeatmapThread: !@ CAM New BSOH: 100
02-15 13:15:20.228  1855  1896 E HeatmapThread: ECT Thread time in milliseconds: 1771175720
02-15 13:15:20.232  1855  1896 E HeatmapThread: !@ CAM New BSOH: 100
02-15 13:15:21.227  1855  1896 E HeatmapThread: ECT Thread time in milliseconds: 1771175721
02-15 13:15:21.231  1855  1896 E HeatmapThread: !@ CAM New BSOH: 100
02-15 13:15:21.341  2832  3585 E WifiStaIfaceAidlImpl: getCachedScanData failed with service-specific exception: android.os.ServiceSpecificException:  (code 4)
02-15 13:15:21.349  2832  3783 E SemWifiLinkQualityMonitor: Too old or invalid TMI: currentTime=1771175721349 lastDateWindow=1771118498000
02-15 13:15:22.227  1855  1896 E HeatmapThread: ECT Thread time in milliseconds: 1771175722
02-15 13:15:22.230  1855  1896 E HeatmapThread: !@ CAM New BSOH: 100
02-15 13:15:23.228  1855  1896 E HeatmapThread: ECT Thread time in milliseconds: 1771175723
02-15 13:15:23.231  1855  1896 E HeatmapThread: !@ CAM New BSOH: 100
02-15 13:15:24.227  1855  1896 E HeatmapThread: ECT Thread time in milliseconds: 1771175724
02-15 13:15:24.231  1855  1896 E HeatmapThread: !@ CAM New BSOH: 100
02-15 13:15:24.357  2832  3585 E WifiStaIfaceAidlImpl: getCachedScanData failed with service-specific exception: android.os.ServiceSpecificException:  (code 4)
02-15 13:15:24.363  2832  3783 E SemWifiLinkQualityMonitor: Too old or invalid TMI: currentTime=1771175724363 lastDateWindow=1771118498000
02-15 13:15:25.228  1855  1896 E HeatmapThread: ECT Thread time in milliseconds: 1771175725
02-15 13:15:25.231  1855  1896 E HeatmapThread: !@ CAM New BSOH: 100
02-15 13:15:25.350  1842  1932 E ConversionHelperAidl: Function: parseAndSetVendorParameters Line: 94 Failed 
02-15 13:15:25.351  1842  1932 E ConversionHelperAidl: Function: parseAndSetVendorParameters Line: 94 Failed 
02-15 13:15:25.353  1842  1932 E ConversionHelperAidl: Function: parseAndSetVendorParameters Line: 94 Failed 
02-15 13:15:25.353  1842  1932 E ConversionHelperAidl: Function: parseAndSetVendorParameters Line: 94 Failed 
02-15 13:15:26.228  1855  1896 E HeatmapThread: ECT Thread time in milliseconds: 1771175726
02-15 13:15:26.232  1855  1896 E HeatmapThread: !@ CAM New BSOH: 100
02-15 13:15:27.227  1855  1896 E HeatmapThread: ECT Thread time in milliseconds: 1771175727
02-15 13:15:27.231  1855  1896 E HeatmapThread: !@ CAM New BSOH: 100
02-15 13:15:27.372  2832  3585 E WifiStaIfaceAidlImpl: getCachedScanData failed with service-specific exception: android.os.ServiceSpecificException:  (code 4)
02-15 13:15:27.377  2832  3783 E SemWifiLinkQualityMonitor: Too old or invalid TMI: currentTime=1771175727377 lastDateWindow=1771118498000
02-15 13:15:28.228  1855  1896 E HeatmapThread: ECT Thread time in milliseconds: 1771175728
02-15 13:15:28.231  1855  1896 E HeatmapThread: !@ CAM New BSOH: 100
02-15 13:15:29.228  1855  1896 E HeatmapThread: ECT Thread time in milliseconds: 1771175729
02-15 13:15:29.233  1855  1896 E HeatmapThread: !@ CAM New BSOH: 100
02-15 13:15:30.227  1855  1896 E HeatmapThread: ECT Thread time in milliseconds: 1771175730
02-15 13:15:30.230  1855  1896 E HeatmapThread: !@ CAM New BSOH: 100
02-15 13:15:30.385  2832  3585 E WifiStaIfaceAidlImpl: getCachedScanData failed with service-specific exception: android.os.ServiceSpecificException:  (code 4)
02-15 13:15:30.389  2832  3783 E SemWifiLinkQualityMonitor: Too old or invalid TMI: currentTime=1771175730389 lastDateWindow=1771118498000
02-15 13:15:31.227  1855  1896 E HeatmapThread: ECT Thread time in milliseconds: 1771175731
02-15 13:15:31.231  1855  1896 E HeatmapThread: !@ CAM New BSOH: 100
02-15 13:15:32.228  1855  1896 E HeatmapThread: ECT Thread time in milliseconds: 1771175732
02-15 13:15:32.232  1855  1896 E HeatmapThread: !@ CAM New BSOH: 100
02-15 13:15:33.227  1855  1896 E HeatmapThread: ECT Thread time in milliseconds: 1771175733
02-15 13:15:33.231  1855  1896 E HeatmapThread: !@ CAM New BSOH: 100
02-15 13:15:33.397  2832  3585 E WifiStaIfaceAidlImpl: getCachedScanData failed with service-specific exception: android.os.ServiceSpecificException:  (code 4)
02-15 13:15:33.402  2832  3783 E SemWifiLinkQualityMonitor: Too old or invalid TMI: currentTime=1771175733402 lastDateWindow=1771118498000
02-15 13:15:34.227  1855  1896 E HeatmapThread: ECT Thread time in milliseconds: 1771175734
02-15 13:15:34.232  1855  1896 E HeatmapThread: !@ CAM New BSOH: 100
02-15 13:15:35.227  1855  1896 E HeatmapThread: ECT Thread time in milliseconds: 1771175735
02-15 13:15:35.231  1855  1896 E HeatmapThread: !@ CAM New BSOH: 100
02-15 13:15:35.394  1842  1932 E ConversionHelperAidl: Function: parseAndSetVendorParameters Line: 94 Failed 
02-15 13:15:35.394  1842  1932 E ConversionHelperAidl: Function: parseAndSetVendorParameters Line: 94 Failed 
02-15 13:15:35.396  1842  1932 E ConversionHelperAidl: Function: parseAndSetVendorParameters Line: 94 Failed 
02-15 13:15:35.396  1842  1932 E ConversionHelperAidl: Function: parseAndSetVendorParameters Line: 94 Failed 
02-15 13:15:36.227  1855  1896 E HeatmapThread: ECT Thread time in milliseconds: 1771175736
02-15 13:15:36.230  1855  1896 E HeatmapThread: !@Entered the read from path function
02-15 13:15:36.230  1855  1896 E HeatmapThread: !@Read Extended_heatmap from efs is: 18738 0 0 0 0 0 0 0 0 0 0 0 0 0 0 0 0 0 1222 0 0 0 0 0 0 0 0 0 0 0 0 0 0 0 0 0 1417 0 0 0 0 0 0 0 0 0 0 0 0 0 0 0 0 0 1454 0 0 0 0 0 0 0 0 0 0 0 0 0 0 0 0 0 1409 0 0 0 0 0 0 0 0 0 0 0 0 0 0 0 0 0 1445 0 0 0 0 0 0 0 0 0 0 0 0 0 0 0 0 0 1431 0 0 0 0 0 0 0 0 0 0 0 0 0 0 0 0 0 1336 0 0 0 0 0 0 0 0 0 0 0 0 0 0 0 0 0 1452 0 0 0 0 0 0 0 0 0 0 0 0 0 0 0 0 0 1462 0 0 0 0 0 0 0 0 0 0 0 0 0 0 0 0 0 1286 0 0 0 0 0 0 0 0 0 0 0 0 0 0 0 0 0 5718 0 0 0 0 0 0 0 0 0 0 0 0 0 0 0 0 0 6528 0 0 0 0 0 0 0 0 0 0 0 0 0 0 0 0 0 12763 0 0 0 0 0 0 0 0 0 0 0 0 0 0 0 0 0 12666 0 0 0 0 0 0 0 0 0 0 0 0 0 0 0 0 0 12937 0 0 0 0 0 0 0 0 0 0 0 0 0 0 0 0 0 12912 0 0 0 0 0 0 0 0 0 0 0 0 0 0 0 0 0 9872 0 0 0 0 0 0 0 0 0 0 0 0 0 0 0 0 0 3784 0 0 0 0 0 0 0 0 0 0 0 0 0 0 0 0 0 3092 0 0 0 0 0 0 0 0 0 0 0 0 0 0 0 0 0 2707 0 0 0 0 0 0 0 0 0 0 0 0 0 0 0 0 0 2480 0 0 0 0 0 0 0 0 0 0 0 0 0 0 0 0 0 293 0 0 0 0 0 0 0 0 0 0 0 0 0 0 0 0 0 368 0 0 0 0 0 0 0 0 0 0 0 0 0 0 0 0 0 297 0 0 0 0 0 0 0 0 0 0 0 0 0 0 0 0 0 240 0 0 0
02-15 13:15:36.231  1855  1896 E HeatmapThread: !@Write Extended Heatmap to efs is: 18738 0 0 0 0 0 0 0 0 0 0 0 0 0 0 0 0 0 1222 0 0 0 0 0 0 0 0 0 0 0 0 0 0 0 0 0 1417 0 0 0 0 0 0 0 0 0 0 0 0 0 0 0 0 0 1454 0 0 0 0 0 0 0 0 0 0 0 0 0 0 0 0 0 1409 0 0 0 0 0 0 0 0 0 0 0 0 0 0 0 0 0 1445 0 0 0 0 0 0 0 0 0 0 0 0 0 0 0 0 0 1431 0 0 0 0 0 0 0 0 0 0 0 0 0 0 0 0 0 1336 0 0 0 0 0 0 0 0 0 0 0 0 0 0 0 0 0 1452 0 0 0 0 0 0 0 0 0 0 0 0 0 0 0 0 0 1462 0 0 0 0 0 0 0 0 0 0 0 0 0 0 0 0 0 1286 0 0 0 0 0 0 0 0 0 0 0 0 0 0 0 0 0 5718 0 0 0 0 0 0 0 0 0 0 0 0 0 0 0 0 0 6528 0 0 0 0 0 0 0 0 0 0 0 0 0 0 0 0 0 12764 0 0 0 0 0 0 0 0 0 0 0 0 0 0 0 0 0 12666 0 0 0 0 0 0 0 0 0 0 0 0 0 0 0 0 0 12937 0 0 0 0 0 0 0 0 0 0 0 0 0 0 0 0 0 12912 0 0 0 0 0 0 0 0 0 0 0 0 0 0 0 0 0 9872 0 0 0 0 0 0 0 0 0 0 0 0 0 0 0 0 0 3784 0 0 0 0 0 0 0 0 0 0 0 0 0 0 0 0 0 3092 0 0 0 0 0 0 0 0 0 0 0 0 0 0 0 0 0 2707 0 0 0 0 0 0 0 0 0 0 0 0 0 0 0 0 0 2480 0 0 0 0 0 0 0 0 0 0 0 0 0 0 0 0 0 293 0 0 0 0 0 0 0 0 0 0 0 0 0 0 0 0 0 368 0 0 0 0 0 0 0 0 0 0 0 0 0 0 0 0 0 297 0 0 0 0 0 0 0 0 0 0 0 0 0 0 0 0 0 240 0 0 0 
02-15 13:15:36.231  1855  1896 E HeatmapThread: !@ CAM New BSOH: 100
02-15 13:15:36.409  2832  3585 E WifiStaIfaceAidlImpl: getCachedScanData failed with service-specific exception: android.os.ServiceSpecificException:  (code 4)
02-15 13:15:36.413  2832  3783 E SemWifiLinkQualityMonitor: Too old or invalid TMI: currentTime=1771175736413 lastDateWindow=1771118498000
02-15 13:15:37.228  1855  1896 E HeatmapThread: ECT Thread time in milliseconds: 1771175737
02-15 13:15:37.231  1855  1896 E HeatmapThread: !@ CAM New BSOH: 100
02-15 13:15:38.052  2832  3585 E WifiStaIfaceAidlImpl: getCachedScanData failed with service-specific exception: android.os.ServiceSpecificException:  (code 4)
02-15 13:15:38.228  1855  1896 E HeatmapThread: ECT Thread time in milliseconds: 1771175738
02-15 13:15:38.232  1855  1896 E HeatmapThread: !@ CAM New BSOH: 100
02-15 13:15:39.228  1855  1896 E HeatmapThread: ECT Thread time in milliseconds: 1771175739
02-15 13:15:39.232  1855  1896 E HeatmapThread: !@ CAM New BSOH: 100
02-15 13:15:39.423  2832  3585 E WifiStaIfaceAidlImpl: getCachedScanData failed with service-specific exception: android.os.ServiceSpecificException:  (code 4)
02-15 13:15:39.428  2832  3783 E SemWifiLinkQualityMonitor: Too old or invalid TMI: currentTime=1771175739428 lastDateWindow=1771118498000
02-15 13:15:40.228  1855  1896 E HeatmapThread: ECT Thread time in milliseconds: 1771175740
02-15 13:15:40.234  1855  1896 E HeatmapThread: !@ CAM New BSOH: 100
02-15 13:15:40.378  1772  2380 E SDM     : ScalarConfig::GetAIScaleSettingsInfo: AI Scaler Config for display 68 is not present
02-15 13:15:41.227  1855  1896 E HeatmapThread: ECT Thread time in milliseconds: 1771175741
02-15 13:15:41.231  1855  1896 E HeatmapThread: !@ CAM New BSOH: 100
02-15 13:15:41.966  1874  2385 E HwcComposer: getLuts failed Status(-129, EX_TRANSACTION_FAILED): 'UNKNOWN_TRANSACTION: '
02-15 13:15:42.180  2832  5680 E SemWifiService: getCurrentNetworkScore - invalid score data
02-15 13:15:42.180  2832  5680 E WifiProfileShare.Caster: failed to generate qos array, need to check network score data
02-15 13:15:42.228  1855  1896 E HeatmapThread: ECT Thread time in milliseconds: 1771175742
02-15 13:15:42.231  1855  1896 E HeatmapThread: !@ CAM New BSOH: 100
02-15 13:15:42.434  2832  3585 E WifiStaIfaceAidlImpl: getCachedScanData failed with service-specific exception: android.os.ServiceSpecificException:  (code 4)
02-15 13:15:42.437  2832  3783 E SemWifiLinkQualityMonitor: Too old or invalid TMI: currentTime=1771175742437 lastDateWindow=1771118498000
02-15 13:15:42.773  1814  1895 E BatteryDump: !@new_battery_dump : 4210,-217,100,100,80,316,301,328,316,0,331,328,0,Discharging,NO_CHARGING,None,Good,NONE,0,Normal,0,0,9300,0x40000000,0x10000,0x0,0,0,211,v0002,0000,0000,00000000,0,0,0,0,141,4224,7871,980,0,
02-15 13:15:43.228  1855  1896 E HeatmapThread: ECT Thread time in milliseconds: 1771175743
02-15 13:15:43.231  1855  1896 E HeatmapThread: !@ CAM New BSOH: 100
02-15 13:15:43.587  2832  2915 E Watchdog: !@Sync: 3431 heap(MB): 149 / 169 FD: 1461 [2026-02-15 13:15:43.587]
02-15 13:15:44.228  1855  1896 E HeatmapThread: ECT Thread time in milliseconds: 1771175744
02-15 13:15:44.231  1855  1896 E HeatmapThread: !@ CAM New BSOH: 100
02-15 13:15:45.228  1855  1896 E HeatmapThread: ECT Thread time in milliseconds: 1771175745
02-15 13:15:45.231  1855  1896 E HeatmapThread: !@ CAM New BSOH: 100
02-15 13:15:45.433  1842  1932 E ConversionHelperAidl: Function: parseAndSetVendorParameters Line: 94 Failed 
02-15 13:15:45.434  1842  1932 E ConversionHelperAidl: Function: parseAndSetVendorParameters Line: 94 Failed 
02-15 13:15:45.435  1842  1932 E ConversionHelperAidl: Function: parseAndSetVendorParameters Line: 94 Failed 
02-15 13:15:45.435  1842  1932 E ConversionHelperAidl: Function: parseAndSetVendorParameters Line: 94 Failed 
02-15 13:15:45.444  2832  3585 E WifiStaIfaceAidlImpl: getCachedScanData failed with service-specific exception: android.os.ServiceSpecificException:  (code 4)
02-15 13:15:45.445  2832  3783 E SemWifiLinkQualityMonitor: Too old or invalid TMI: currentTime=1771175745445 lastDateWindow=1771118498000
02-15 13:15:46.228  1855  1896 E HeatmapThread: ECT Thread time in milliseconds: 1771175746
02-15 13:15:46.232  1855  1896 E HeatmapThread: !@ CAM New BSOH: 100
02-15 13:15:47.228  1855  1896 E HeatmapThread: ECT Thread time in milliseconds: 1771175747
02-15 13:15:47.230  1855  1896 E HeatmapThread: !@ CAM New BSOH: 100
02-15 13:15:48.227  1855  1896 E HeatmapThread: ECT Thread time in milliseconds: 1771175748
02-15 13:15:48.230  1855  1896 E HeatmapThread: !@ CAM New BSOH: 100
02-15 13:15:48.454  2832  3585 E WifiStaIfaceAidlImpl: getCachedScanData failed with service-specific exception: android.os.ServiceSpecificException:  (code 4)
02-15 13:15:48.458  2832  3783 E SemWifiLinkQualityMonitor: Too old or invalid TMI: currentTime=1771175748458 lastDateWindow=1771118498000
02-15 13:15:49.228  1855  1896 E HeatmapThread: ECT Thread time in milliseconds: 1771175749
02-15 13:15:49.231  1855  1896 E HeatmapThread: !@ CAM New BSOH: 100
02-15 13:15:50.227  1855  1896 E HeatmapThread: ECT Thread time in milliseconds: 1771175750
02-15 13:15:50.228  1855  1896 E HeatmapThread: !@ CAM New BSOH: 100
02-15 13:15:51.228  1855  1896 E HeatmapThread: ECT Thread time in milliseconds: 1771175751
02-15 13:15:51.232  1855  1896 E HeatmapThread: !@ CAM New BSOH: 100
02-15 13:15:51.462  2832  3585 E WifiStaIfaceAidlImpl: getCachedScanData failed with service-specific exception: android.os.ServiceSpecificException:  (code 4)
02-15 13:15:51.466  2832  3783 E SemWifiLinkQualityMonitor: Too old or invalid TMI: currentTime=1771175751466 lastDateWindow=1771118498000
02-15 13:15:52.227  1855  1896 E HeatmapThread: ECT Thread time in milliseconds: 1771175752
02-15 13:15:52.229  1855  1896 E HeatmapThread: !@ CAM New BSOH: 100
02-15 13:15:53.228  1855  1896 E HeatmapThread: ECT Thread time in milliseconds: 1771175753
02-15 13:15:53.233  1855  1896 E HeatmapThread: !@ CAM New BSOH: 100
02-15 13:15:54.227  1855  1896 E HeatmapThread: ECT Thread time in milliseconds: 1771175754
02-15 13:15:54.231  1855  1896 E HeatmapThread: !@ CAM New BSOH: 100
02-15 13:15:54.475  2832  3585 E WifiStaIfaceAidlImpl: getCachedScanData failed with service-specific exception: android.os.ServiceSpecificException:  (code 4)
02-15 13:15:54.480  2832  3783 E SemWifiLinkQualityMonitor: Too old or invalid TMI: currentTime=1771175754479 lastDateWindow=1771118498000
02-15 13:15:55.227  1855  1896 E HeatmapThread: ECT Thread time in milliseconds: 1771175755
02-15 13:15:55.230  1855  1896 E HeatmapThread: !@ CAM New BSOH: 100
02-15 13:15:55.477  1842  1932 E ConversionHelperAidl: Function: parseAndSetVendorParameters Line: 94 Failed 
02-15 13:15:55.478  1842  1932 E ConversionHelperAidl: Function: parseAndSetVendorParameters Line: 94 Failed 
02-15 13:15:55.480  1842  1932 E ConversionHelperAidl: Function: parseAndSetVendorParameters Line: 94 Failed 
02-15 13:15:55.480  1842  1932 E ConversionHelperAidl: Function: parseAndSetVendorParameters Line: 94 Failed 
02-15 13:15:56.227  1855  1896 E HeatmapThread: ECT Thread time in milliseconds: 1771175756
02-15 13:15:56.230  1855  1896 E HeatmapThread: !@ CAM New BSOH: 100
02-15 13:15:57.227  1855  1896 E HeatmapThread: ECT Thread time in milliseconds: 1771175757
02-15 13:15:57.230  1855  1896 E HeatmapThread: !@ CAM New BSOH: 100
02-15 13:15:57.487  2832  3585 E WifiStaIfaceAidlImpl: getCachedScanData failed with service-specific exception: android.os.ServiceSpecificException:  (code 4)
02-15 13:15:57.491  2832  3783 E SemWifiLinkQualityMonitor: Too old or invalid TMI: currentTime=1771175757491 lastDateWindow=1771118498000
02-15 13:15:58.228  1855  1896 E HeatmapThread: ECT Thread time in milliseconds: 1771175758
02-15 13:15:58.231  1855  1896 E HeatmapThread: !@ CAM New BSOH: 100
02-15 13:15:59.228  1855  1896 E HeatmapThread: ECT Thread time in milliseconds: 1771175759
02-15 13:15:59.232  1855  1896 E HeatmapThread: !@ CAM New BSOH: 100
02-15 13:16:00.025  1772  2380 E SDM     : ScalarConfig::GetAIScaleSettingsInfo: AI Scaler Config for display 68 is not present
02-15 13:16:00.228  1855  1896 E HeatmapThread: ECT Thread time in milliseconds: 1771175760
02-15 13:16:00.231  1855  1896 E HeatmapThread: !@ CAM New BSOH: 100
02-15 13:16:00.498  2832  3585 E WifiStaIfaceAidlImpl: getCachedScanData failed with service-specific exception: android.os.ServiceSpecificException:  (code 4)
02-15 13:16:00.501  2832  3783 E SemWifiLinkQualityMonitor: Too old or invalid TMI: currentTime=1771175760501 lastDateWindow=1771118498000
02-15 13:16:01.228  1855  1896 E HeatmapThread: ECT Thread time in milliseconds: 1771175761
02-15 13:16:01.231  1855  1896 E HeatmapThread: !@ CAM New BSOH: 100
02-15 13:16:02.228  1855  1896 E HeatmapThread: ECT Thread time in milliseconds: 1771175762
02-15 13:16:02.231  1855  1896 E HeatmapThread: !@ CAM New BSOH: 100
02-15 13:16:03.228  1855  1896 E HeatmapThread: ECT Thread time in milliseconds: 1771175763
02-15 13:16:03.232  1855  1896 E HeatmapThread: !@ CAM New BSOH: 100
02-15 13:16:03.509  2832  3585 E WifiStaIfaceAidlImpl: getCachedScanData failed with service-specific exception: android.os.ServiceSpecificException:  (code 4)
02-15 13:16:03.513  2832  3783 E SemWifiLinkQualityMonitor: Too old or invalid TMI: currentTime=1771175763513 lastDateWindow=1771118498000
02-15 13:16:04.228  1855  1896 E HeatmapThread: ECT Thread time in milliseconds: 1771175764
02-15 13:16:04.231  1855  1896 E HeatmapThread: !@ CAM New BSOH: 100
02-15 13:16:05.227  1855  1896 E HeatmapThread: ECT Thread time in milliseconds: 1771175765
02-15 13:16:05.230  1855  1896 E HeatmapThread: !@ CAM New BSOH: 100
02-15 13:16:05.517  1842  1932 E ConversionHelperAidl: Function: parseAndSetVendorParameters Line: 94 Failed 
02-15 13:16:05.517  1842  1932 E ConversionHelperAidl: Function: parseAndSetVendorParameters Line: 94 Failed 
02-15 13:16:05.519  1842  1932 E ConversionHelperAidl: Function: parseAndSetVendorParameters Line: 94 Failed 
02-15 13:16:05.519  1842  1932 E ConversionHelperAidl: Function: parseAndSetVendorParameters Line: 94 Failed 
02-15 13:16:06.228  1855  1896 E HeatmapThread: ECT Thread time in milliseconds: 1771175766
02-15 13:16:06.231  1855  1896 E HeatmapThread: !@ CAM New BSOH: 100
02-15 13:16:06.521  2832  3585 E WifiStaIfaceAidlImpl: getCachedScanData failed with service-specific exception: android.os.ServiceSpecificException:  (code 4)
02-15 13:16:06.525  2832  3783 E SemWifiLinkQualityMonitor: Too old or invalid TMI: currentTime=1771175766525 lastDateWindow=1771118498000
02-15 13:16:07.227  1855  1896 E HeatmapThread: ECT Thread time in milliseconds: 1771175767
02-15 13:16:07.230  1855  1896 E HeatmapThread: !@ CAM New BSOH: 100
02-15 13:16:08.227  1855  1896 E HeatmapThread: ECT Thread time in milliseconds: 1771175768
02-15 13:16:08.230  1855  1896 E HeatmapThread: !@ CAM New BSOH: 100
02-15 13:16:09.227  1855  1896 E HeatmapThread: ECT Thread time in milliseconds: 1771175769
02-15 13:16:09.230  1855  1896 E HeatmapThread: !@ CAM New BSOH: 100
02-15 13:16:09.534  2832  3585 E WifiStaIfaceAidlImpl: getCachedScanData failed with service-specific exception: android.os.ServiceSpecificException:  (code 4)
02-15 13:16:09.538  2832  3783 E SemWifiLinkQualityMonitor: Too old or invalid TMI: currentTime=1771175769538 lastDateWindow=1771118498000
02-15 13:16:10.227  1855  1896 E HeatmapThread: ECT Thread time in milliseconds: 1771175770
02-15 13:16:10.230  1855  1896 E HeatmapThread: !@ CAM New BSOH: 100
02-15 13:16:11.228  1855  1896 E HeatmapThread: ECT Thread time in milliseconds: 1771175771
02-15 13:16:11.231  1855  1896 E HeatmapThread: !@ CAM New BSOH: 100
02-15 13:16:12.007  1874  2385 E HwcComposer: getLuts failed Status(-129, EX_TRANSACTION_FAILED): 'UNKNOWN_TRANSACTION: '
02-15 13:16:12.228  1855  1896 E HeatmapThread: ECT Thread time in milliseconds: 1771175772
02-15 13:16:12.231  1855  1896 E HeatmapThread: !@ CAM New BSOH: 100
02-15 13:16:12.547  2832  3585 E WifiStaIfaceAidlImpl: getCachedScanData failed with service-specific exception: android.os.ServiceSpecificException:  (code 4)
02-15 13:16:12.550  2832  3783 E SemWifiLinkQualityMonitor: Too old or invalid TMI: currentTime=1771175772550 lastDateWindow=1771118498000
02-15 13:16:12.929  1814  1895 E BatteryDump: !@new_battery_dump : 4208,-275,100,100,80,316,301,328,316,0,330,328,0,Discharging,NO_CHARGING,None,Good,NONE,0,Normal,0,0,9300,0x40000000,0x10000,0x0,0,0,214,v0002,0000,0000,00000000,0,0,0,0,141,4223,7866,980,0,
02-15 13:16:13.228  1855  1896 E HeatmapThread: ECT Thread time in milliseconds: 1771175773
02-15 13:16:13.231  1855  1896 E HeatmapThread: !@ CAM New BSOH: 100
02-15 13:16:13.594  2832  2915 E Watchdog: !@Sync: 3432 heap(MB): 159 / 169 FD: 1461 [2026-02-15 13:16:13.593]
02-15 13:16:14.228  1855  1896 E HeatmapThread: ECT Thread time in milliseconds: 1771175774
02-15 13:16:14.232  1855  1896 E HeatmapThread: !@ CAM New BSOH: 100
02-15 13:16:15.228  1855  1896 E HeatmapThread: ECT Thread time in milliseconds: 1771175775
02-15 13:16:15.231  1855  1896 E HeatmapThread: !@ CAM New BSOH: 100
02-15 13:16:15.557  2832  3585 E WifiStaIfaceAidlImpl: getCachedScanData failed with service-specific exception: android.os.ServiceSpecificException:  (code 4)
02-15 13:16:15.561  2832  3783 E SemWifiLinkQualityMonitor: Too old or invalid TMI: currentTime=1771175775561 lastDateWindow=1771118498000
02-15 13:16:15.565  1842 30060 E ConversionHelperAidl: Function: parseAndSetVendorParameters Line: 94 Failed 
02-15 13:16:15.565  1842 30060 E ConversionHelperAidl: Function: parseAndSetVendorParameters Line: 94 Failed 
02-15 13:16:15.567  1842  1932 E ConversionHelperAidl: Function: parseAndSetVendorParameters Line: 94 Failed 
02-15 13:16:15.567  1842  1932 E ConversionHelperAidl: Function: parseAndSetVendorParameters Line: 94 Failed 
02-15 13:16:16.228  1855  1896 E HeatmapThread: ECT Thread time in milliseconds: 1771175776
02-15 13:16:16.232  1855  1896 E HeatmapThread: !@ CAM New BSOH: 100
02-15 13:16:17.228  1855  1896 E HeatmapThread: ECT Thread time in milliseconds: 1771175777
02-15 13:16:17.231  1855  1896 E HeatmapThread: !@ CAM New BSOH: 100
02-15 13:16:18.227  1855  1896 E HeatmapThread: ECT Thread time in milliseconds: 1771175778
02-15 13:16:18.230  1855  1896 E HeatmapThread: !@ CAM New BSOH: 100
02-15 13:16:18.570  2832  3585 E WifiStaIfaceAidlImpl: getCachedScanData failed with service-specific exception: android.os.ServiceSpecificException:  (code 4)
02-15 13:16:18.575  2832  3783 E SemWifiLinkQualityMonitor: Too old or invalid TMI: currentTime=1771175778575 lastDateWindow=1771118498000
02-15 13:16:19.227  1855  1896 E HeatmapThread: ECT Thread time in milliseconds: 1771175779
02-15 13:16:19.230  1855  1896 E HeatmapThread: !@ CAM New BSOH: 100
02-15 13:16:20.228  1855  1896 E HeatmapThread: ECT Thread time in milliseconds: 1771175780
02-15 13:16:20.231  1855  1896 E HeatmapThread: !@ CAM New BSOH: 100
02-15 13:16:21.228  1855  1896 E HeatmapThread: ECT Thread time in milliseconds: 1771175781
02-15 13:16:21.232  1855  1896 E HeatmapThread: !@ CAM New BSOH: 100
02-15 13:16:21.583  2832  3585 E WifiStaIfaceAidlImpl: getCachedScanData failed with service-specific exception: android.os.ServiceSpecificException:  (code 4)
02-15 13:16:21.588  2832  3783 E SemWifiLinkQualityMonitor: Too old or invalid TMI: currentTime=1771175781588 lastDateWindow=1771118498000
02-15 13:16:22.227  1855  1896 E HeatmapThread: ECT Thread time in milliseconds: 1771175782
02-15 13:16:22.232  1855  1896 E HeatmapThread: !@ CAM New BSOH: 100
02-15 13:16:23.228  1855  1896 E HeatmapThread: ECT Thread time in milliseconds: 1771175783
02-15 13:16:23.232  1855  1896 E HeatmapThread: !@ CAM New BSOH: 100
02-15 13:16:24.227  1855  1896 E HeatmapThread: ECT Thread time in milliseconds: 1771175784
02-15 13:16:24.232  1855  1896 E HeatmapThread: !@ CAM New BSOH: 100
02-15 13:16:24.595  2832  3585 E WifiStaIfaceAidlImpl: getCachedScanData failed with service-specific exception: android.os.ServiceSpecificException:  (code 4)
02-15 13:16:24.599  2832  3783 E SemWifiLinkQualityMonitor: Too old or invalid TMI: currentTime=1771175784599 lastDateWindow=1771118498000
02-15 13:16:25.228  1855  1896 E HeatmapThread: ECT Thread time in milliseconds: 1771175785
02-15 13:16:25.231  1855  1896 E HeatmapThread: !@ CAM New BSOH: 100
02-15 13:16:25.606  1842 30060 E ConversionHelperAidl: Function: parseAndSetVendorParameters Line: 94 Failed 
02-15 13:16:25.606  1842 30060 E ConversionHelperAidl: Function: parseAndSetVendorParameters Line: 94 Failed 
02-15 13:16:25.609  1842 30060 E ConversionHelperAidl: Function: parseAndSetVendorParameters Line: 94 Failed 
02-15 13:16:25.609  1842 30060 E ConversionHelperAidl: Function: parseAndSetVendorParameters Line: 94 Failed 
02-15 13:16:26.227  1855  1896 E HeatmapThread: ECT Thread time in milliseconds: 1771175786
02-15 13:16:26.232  1855  1896 E HeatmapThread: !@ CAM New BSOH: 100
02-15 13:16:26.422  1772  2380 E SDM     : ScalarConfig::GetAIScaleSettingsInfo: AI Scaler Config for display 68 is not present
02-15 13:16:26.430  1772  2380 E SDM     : ScalarConfig::GetAIScaleSettingsInfo: AI Scaler Config for display 68 is not present
02-15 13:16:27.228  1855  1896 E HeatmapThread: ECT Thread time in milliseconds: 1771175787
02-15 13:16:27.231  1855  1896 E HeatmapThread: !@ CAM New BSOH: 100
02-15 13:16:27.607  2832  3585 E WifiStaIfaceAidlImpl: getCachedScanData failed with service-specific exception: android.os.ServiceSpecificException:  (code 4)
02-15 13:16:27.609  2832  3783 E SemWifiLinkQualityMonitor: Too old or invalid TMI: currentTime=1771175787609 lastDateWindow=1771118498000
02-15 13:16:28.228  1855  1896 E HeatmapThread: ECT Thread time in milliseconds: 1771175788
02-15 13:16:28.231  1855  1896 E HeatmapThread: !@ CAM New BSOH: 100
02-15 13:16:29.228  1855  1896 E HeatmapThread: ECT Thread time in milliseconds: 1771175789
02-15 13:16:29.231  1855  1896 E HeatmapThread: !@ CAM New BSOH: 100
02-15 13:16:30.228  1855  1896 E HeatmapThread: ECT Thread time in milliseconds: 1771175790
02-15 13:16:30.231  1855  1896 E HeatmapThread: !@ CAM New BSOH: 100
02-15 13:16:30.619  2832  3585 E WifiStaIfaceAidlImpl: getCachedScanData failed with service-specific exception: android.os.ServiceSpecificException:  (code 4)
02-15 13:16:30.624  2832  3783 E SemWifiLinkQualityMonitor: Too old or invalid TMI: currentTime=1771175790624 lastDateWindow=1771118498000
02-15 13:16:31.228  1855  1896 E HeatmapThread: ECT Thread time in milliseconds: 1771175791
02-15 13:16:31.231  1855  1896 E HeatmapThread: !@ CAM New BSOH: 100
02-15 13:16:32.228  1855  1896 E HeatmapThread: ECT Thread time in milliseconds: 1771175792
02-15 13:16:32.231  1855  1896 E HeatmapThread: !@ CAM New BSOH: 100
02-15 13:16:33.227  1855  1896 E HeatmapThread: ECT Thread time in milliseconds: 1771175793
02-15 13:16:33.229  1855  1896 E HeatmapThread: !@ CAM New BSOH: 100
02-15 13:16:33.630  2832  3585 E WifiStaIfaceAidlImpl: getCachedScanData failed with service-specific exception: android.os.ServiceSpecificException:  (code 4)
02-15 13:16:33.634  2832  3783 E SemWifiLinkQualityMonitor: Too old or invalid TMI: currentTime=1771175793633 lastDateWindow=1771118498000
02-15 13:16:34.227  1855  1896 E HeatmapThread: ECT Thread time in milliseconds: 1771175794
02-15 13:16:34.230  1855  1896 E HeatmapThread: !@ CAM New BSOH: 100
02-15 13:16:35.227  1855  1896 E HeatmapThread: ECT Thread time in milliseconds: 1771175795
02-15 13:16:35.230  1855  1896 E HeatmapThread: !@ CAM New BSOH: 100
02-15 13:16:35.644  1842 30060 E ConversionHelperAidl: Function: parseAndSetVendorParameters Line: 94 Failed 
02-15 13:16:35.644  1842 30060 E ConversionHelperAidl: Function: parseAndSetVendorParameters Line: 94 Failed 
02-15 13:16:35.645  1842 30060 E ConversionHelperAidl: Function: parseAndSetVendorParameters Line: 94 Failed 
02-15 13:16:35.646  1842 30060 E ConversionHelperAidl: Function: parseAndSetVendorParameters Line: 94 Failed 
02-15 13:16:36.228  1855  1896 E HeatmapThread: ECT Thread time in milliseconds: 1771175796
02-15 13:16:36.231  1855  1896 E HeatmapThread: !@Entered the read from path function
02-15 13:16:36.231  1855  1896 E HeatmapThread: !@Read Extended_heatmap from efs is: 18738 0 0 0 0 0 0 0 0 0 0 0 0 0 0 0 0 0 1222 0 0 0 0 0 0 0 0 0 0 0 0 0 0 0 0 0 1417 0 0 0 0 0 0 0 0 0 0 0 0 0 0 0 0 0 1454 0 0 0 0 0 0 0 0 0 0 0 0 0 0 0 0 0 1409 0 0 0 0 0 0 0 0 0 0 0 0 0 0 0 0 0 1445 0 0 0 0 0 0 0 0 0 0 0 0 0 0 0 0 0 1431 0 0 0 0 0 0 0 0 0 0 0 0 0 0 0 0 0 1336 0 0 0 0 0 0 0 0 0 0 0 0 0 0 0 0 0 1452 0 0 0 0 0 0 0 0 0 0 0 0 0 0 0 0 0 1462 0 0 0 0 0 0 0 0 0 0 0 0 0 0 0 0 0 1286 0 0 0 0 0 0 0 0 0 0 0 0 0 0 0 0 0 5718 0 0 0 0 0 0 0 0 0 0 0 0 0 0 0 0 0 6528 0 0 0 0 0 0 0 0 0 0 0 0 0 0 0 0 0 12764 0 0 0 0 0 0 0 0 0 0 0 0 0 0 0 0 0 12666 0 0 0 0 0 0 0 0 0 0 0 0 0 0 0 0 0 12937 0 0 0 0 0 0 0 0 0 0 0 0 0 0 0 0 0 12912 0 0 0 0 0 0 0 0 0 0 0 0 0 0 0 0 0 9872 0 0 0 0 0 0 0 0 0 0 0 0 0 0 0 0 0 3784 0 0 0 0 0 0 0 0 0 0 0 0 0 0 0 0 0 3092 0 0 0 0 0 0 0 0 0 0 0 0 0 0 0 0 0 2707 0 0 0 0 0 0 0 0 0 0 0 0 0 0 0 0 0 2480 0 0 0 0 0 0 0 0 0 0 0 0 0 0 0 0 0 293 0 0 0 0 0 0 0 0 0 0 0 0 0 0 0 0 0 368 0 0 0 0 0 0 0 0 0 0 0 0 0 0 0 0 0 297 0 0 0 0 0 0 0 0 0 0 0 0 0 0 0 0 0 240 0 0 0
02-15 13:16:36.231  1855  1896 E HeatmapThread: !@Write Extended Heatmap to efs is: 18738 0 0 0 0 0 0 0 0 0 0 0 0 0 0 0 0 0 1222 0 0 0 0 0 0 0 0 0 0 0 0 0 0 0 0 0 1417 0 0 0 0 0 0 0 0 0 0 0 0 0 0 0 0 0 1454 0 0 0 0 0 0 0 0 0 0 0 0 0 0 0 0 0 1409 0 0 0 0 0 0 0 0 0 0 0 0 0 0 0 0 0 1445 0 0 0 0 0 0 0 0 0 0 0 0 0 0 0 0 0 1431 0 0 0 0 0 0 0 0 0 0 0 0 0 0 0 0 0 1336 0 0 0 0 0 0 0 0 0 0 0 0 0 0 0 0 0 1452 0 0 0 0 0 0 0 0 0 0 0 0 0 0 0 0 0 1462 0 0 0 0 0 0 0 0 0 0 0 0 0 0 0 0 0 1286 0 0 0 0 0 0 0 0 0 0 0 0 0 0 0 0 0 5718 0 0 0 0 0 0 0 0 0 0 0 0 0 0 0 0 0 6528 0 0 0 0 0 0 0 0 0 0 0 0 0 0 0 0 0 12765 0 0 0 0 0 0 0 0 0 0 0 0 0 0 0 0 0 12666 0 0 0 0 0 0 0 0 0 0 0 0 0 0 0 0 0 12937 0 0 0 0 0 0 0 0 0 0 0 0 0 0 0 0 0 12912 0 0 0 0 0 0 0 0 0 0 0 0 0 0 0 0 0 9872 0 0 0 0 0 0 0 0 0 0 0 0 0 0 0 0 0 3784 0 0 0 0 0 0 0 0 0 0 0 0 0 0 0 0 0 3092 0 0 0 0 0 0 0 0 0 0 0 0 0 0 0 0 0 2707 0 0 0 0 0 0 0 0 0 0 0 0 0 0 0 0 0 2480 0 0 0 0 0 0 0 0 0 0 0 0 0 0 0 0 0 293 0 0 0 0 0 0 0 0 0 0 0 0 0 0 0 0 0 368 0 0 0 0 0 0 0 0 0 0 0 0 0 0 0 0 0 297 0 0 0 0 0 0 0 0 0 0 0 0 0 0 0 0 0 240 0 0 0 
02-15 13:16:36.231  1855  1896 E HeatmapThread: !@ CAM New BSOH: 100
02-15 13:16:36.643  2832  3585 E WifiStaIfaceAidlImpl: getCachedScanData failed with service-specific exception: android.os.ServiceSpecificException:  (code 4)
02-15 13:16:36.646  2832  3783 E SemWifiLinkQualityMonitor: Too old or invalid TMI: currentTime=1771175796646 lastDateWindow=1771118498000
02-15 13:16:37.228  1855  1896 E HeatmapThread: ECT Thread time in milliseconds: 1771175797
02-15 13:16:37.232  1855  1896 E HeatmapThread: !@ CAM New BSOH: 100
02-15 13:16:38.228  1855  1896 E HeatmapThread: ECT Thread time in milliseconds: 1771175798
02-15 13:16:38.232  1855  1896 E HeatmapThread: !@ CAM New BSOH: 100
02-15 13:16:39.228  1855  1896 E HeatmapThread: ECT Thread time in milliseconds: 1771175799
02-15 13:16:39.233  1855  1896 E HeatmapThread: !@ CAM New BSOH: 100
02-15 13:16:39.655  2832  3585 E WifiStaIfaceAidlImpl: getCachedScanData failed with service-specific exception: android.os.ServiceSpecificException:  (code 4)
02-15 13:16:39.659  2832  3783 E SemWifiLinkQualityMonitor: Too old or invalid TMI: currentTime=1771175799659 lastDateWindow=1771118498000
02-15 13:16:40.228  1855  1896 E HeatmapThread: ECT Thread time in milliseconds: 1771175800
02-15 13:16:40.231  1855  1896 E HeatmapThread: !@ CAM New BSOH: 100
02-15 13:16:41.227  1855  1896 E HeatmapThread: ECT Thread time in milliseconds: 1771175801
02-15 13:16:41.230  1855  1896 E HeatmapThread: !@ CAM New BSOH: 100
02-15 13:16:42.081  1874  2385 E HwcComposer: getLuts failed Status(-129, EX_TRANSACTION_FAILED): 'UNKNOWN_TRANSACTION: '
02-15 13:16:42.228  1855  1896 E HeatmapThread: ECT Thread time in milliseconds: 1771175802
02-15 13:16:42.231  1855  1896 E HeatmapThread: !@ CAM New BSOH: 100
02-15 13:16:42.260  2832  5680 E SemWifiService: getCurrentNetworkScore - invalid score data
02-15 13:16:42.260  2832  5680 E WifiProfileShare.Caster: failed to generate qos array, need to check network score data
02-15 13:16:42.667  2832  3585 E WifiStaIfaceAidlImpl: getCachedScanData failed with service-specific exception: android.os.ServiceSpecificException:  (code 4)
02-15 13:16:42.671  2832  3783 E SemWifiLinkQualityMonitor: Too old or invalid TMI: currentTime=1771175802671 lastDateWindow=1771118498000
02-15 13:16:43.088  1814  1895 E BatteryDump: !@new_battery_dump : 4207,-217,100,100,80,316,301,327,316,0,330,327,0,Discharging,NO_CHARGING,None,Good,NONE,0,Normal,0,0,9300,0x40000000,0x10000,0x0,0,0,217,v0002,0000,0000,00000000,0,0,0,0,141,4223,7862,980,0,
02-15 13:16:43.227  1855  1896 E HeatmapThread: ECT Thread time in milliseconds: 1771175803
02-15 13:16:43.231  1855  1896 E HeatmapThread: !@ CAM New BSOH: 100
02-15 13:16:43.600  2832  2915 E Watchdog: !@Sync: 3433 heap(MB): 123 / 169 FD: 1453 [2026-02-15 13:16:43.599]
02-15 13:16:44.228  1855  1896 E HeatmapThread: ECT Thread time in milliseconds: 1771175804
02-15 13:16:44.232  1855  1896 E HeatmapThread: !@ CAM New BSOH: 100
02-15 13:16:45.228  1855  1896 E HeatmapThread: ECT Thread time in milliseconds: 1771175805
02-15 13:16:45.232  1855  1896 E HeatmapThread: !@ CAM New BSOH: 100
02-15 13:16:45.680  2832  3585 E WifiStaIfaceAidlImpl: getCachedScanData failed with service-specific exception: android.os.ServiceSpecificException:  (code 4)
02-15 13:16:45.686  2832  3783 E SemWifiLinkQualityMonitor: Too old or invalid TMI: currentTime=1771175805686 lastDateWindow=1771118498000
02-15 13:16:45.689  1842 30060 E ConversionHelperAidl: Function: parseAndSetVendorParameters Line: 94 Failed 
02-15 13:16:45.689  1842 30060 E ConversionHelperAidl: Function: parseAndSetVendorParameters Line: 94 Failed 
02-15 13:16:45.691  1842  1932 E ConversionHelperAidl: Function: parseAndSetVendorParameters Line: 94 Failed 
02-15 13:16:45.692  1842  1932 E ConversionHelperAidl: Function: parseAndSetVendorParameters Line: 94 Failed 
02-15 13:16:46.228  1855  1896 E HeatmapThread: ECT Thread time in milliseconds: 1771175806
02-15 13:16:46.231  1855  1896 E HeatmapThread: !@ CAM New BSOH: 100
02-15 13:16:47.228  1855  1896 E HeatmapThread: ECT Thread time in milliseconds: 1771175807
02-15 13:16:47.233  1855  1896 E HeatmapThread: !@ CAM New BSOH: 100
02-15 13:16:48.227  1855  1896 E HeatmapThread: ECT Thread time in milliseconds: 1771175808
02-15 13:16:48.231  1855  1896 E HeatmapThread: !@ CAM New BSOH: 100
02-15 13:16:48.694  2832  3585 E WifiStaIfaceAidlImpl: getCachedScanData failed with service-specific exception: android.os.ServiceSpecificException:  (code 4)
02-15 13:16:48.699  2832  3783 E SemWifiLinkQualityMonitor: Too old or invalid TMI: currentTime=1771175808699 lastDateWindow=1771118498000
02-15 13:16:49.228  1855  1896 E HeatmapThread: ECT Thread time in milliseconds: 1771175809
02-15 13:16:49.231  1855  1896 E HeatmapThread: !@ CAM New BSOH: 100
02-15 13:16:50.228  1855  1896 E HeatmapThread: ECT Thread time in milliseconds: 1771175810
02-15 13:16:50.231  1855  1896 E HeatmapThread: !@ CAM New BSOH: 100
02-15 13:16:51.228  1855  1896 E HeatmapThread: ECT Thread time in milliseconds: 1771175811
02-15 13:16:51.231  1855  1896 E HeatmapThread: !@ CAM New BSOH: 100
02-15 13:16:51.706  2832  3585 E WifiStaIfaceAidlImpl: getCachedScanData failed with service-specific exception: android.os.ServiceSpecificException:  (code 4)
02-15 13:16:51.710  2832  3783 E SemWifiLinkQualityMonitor: Too old or invalid TMI: currentTime=1771175811710 lastDateWindow=1771118498000
02-15 13:16:52.228  1855  1896 E HeatmapThread: ECT Thread time in milliseconds: 1771175812
02-15 13:16:52.232  1855  1896 E HeatmapThread: !@ CAM New BSOH: 100
02-15 13:16:53.228  1855  1896 E HeatmapThread: ECT Thread time in milliseconds: 1771175813
02-15 13:16:53.232  1855  1896 E HeatmapThread: !@ CAM New BSOH: 100
02-15 13:16:54.228  1855  1896 E HeatmapThread: ECT Thread time in milliseconds: 1771175814
02-15 13:16:54.232  1855  1896 E HeatmapThread: !@ CAM New BSOH: 100
02-15 13:16:54.722  2832  3585 E WifiStaIfaceAidlImpl: getCachedScanData failed with service-specific exception: android.os.ServiceSpecificException:  (code 4)
02-15 13:16:54.726  2832  3783 E SemWifiLinkQualityMonitor: Too old or invalid TMI: currentTime=1771175814726 lastDateWindow=1771118498000
02-15 13:16:55.227  1855  1896 E HeatmapThread: ECT Thread time in milliseconds: 1771175815
02-15 13:16:55.230  1855  1896 E HeatmapThread: !@ CAM New BSOH: 100
02-15 13:16:55.734  1842  1932 E ConversionHelperAidl: Function: parseAndSetVendorParameters Line: 94 Failed 
02-15 13:16:55.734  1842  1932 E ConversionHelperAidl: Function: parseAndSetVendorParameters Line: 94 Failed 
02-15 13:16:55.736  1842  1932 E ConversionHelperAidl: Function: parseAndSetVendorParameters Line: 94 Failed 
02-15 13:16:55.737  1842  1932 E ConversionHelperAidl: Function: parseAndSetVendorParameters Line: 94 Failed 
02-15 13:16:56.228  1855  1896 E HeatmapThread: ECT Thread time in milliseconds: 1771175816
02-15 13:16:56.231  1855  1896 E HeatmapThread: !@ CAM New BSOH: 100
02-15 13:16:57.228  1855  1896 E HeatmapThread: ECT Thread time in milliseconds: 1771175817
02-15 13:16:57.234  1855  1896 E HeatmapThread: !@ CAM New BSOH: 100
02-15 13:16:57.733  2832  3585 E WifiStaIfaceAidlImpl: getCachedScanData failed with service-specific exception: android.os.ServiceSpecificException:  (code 4)
02-15 13:16:57.738  2832  3783 E SemWifiLinkQualityMonitor: Too old or invalid TMI: currentTime=1771175817738 lastDateWindow=1771118498000
02-15 13:16:58.228  1855  1896 E HeatmapThread: ECT Thread time in milliseconds: 1771175818
02-15 13:16:58.231  1855  1896 E HeatmapThread: !@ CAM New BSOH: 100
02-15 13:16:59.228  1855  1896 E HeatmapThread: ECT Thread time in milliseconds: 1771175819
02-15 13:16:59.232  1855  1896 E HeatmapThread: !@ CAM New BSOH: 100
02-15 13:17:00.056  1772  2380 E SDM     : ScalarConfig::GetAIScaleSettingsInfo: AI Scaler Config for display 68 is not present
02-15 13:17:00.227  1855  1896 E HeatmapThread: ECT Thread time in milliseconds: 1771175820
02-15 13:17:00.230  1855  1896 E HeatmapThread: !@ CAM New BSOH: 100
02-15 13:17:00.745  2832  3585 E WifiStaIfaceAidlImpl: getCachedScanData failed with service-specific exception: android.os.ServiceSpecificException:  (code 4)
02-15 13:17:00.748  2832  3783 E SemWifiLinkQualityMonitor: Too old or invalid TMI: currentTime=1771175820748 lastDateWindow=1771118498000
02-15 13:17:01.227  1855  1896 E HeatmapThread: ECT Thread time in milliseconds: 1771175821
02-15 13:17:01.231  1855  1896 E HeatmapThread: !@ CAM New BSOH: 100
02-15 13:17:02.228  1855  1896 E HeatmapThread: ECT Thread time in milliseconds: 1771175822
02-15 13:17:02.231  1855  1896 E HeatmapThread: !@ CAM New BSOH: 100
02-15 13:17:03.227  1855  1896 E HeatmapThread: ECT Thread time in milliseconds: 1771175823
02-15 13:17:03.231  1855  1896 E HeatmapThread: !@ CAM New BSOH: 100
02-15 13:17:03.754  2832  3585 E WifiStaIfaceAidlImpl: getCachedScanData failed with service-specific exception: android.os.ServiceSpecificException:  (code 4)
02-15 13:17:03.757  2832  3783 E SemWifiLinkQualityMonitor: Too old or invalid TMI: currentTime=1771175823757 lastDateWindow=1771118498000
02-15 13:17:04.228  1855  1896 E HeatmapThread: ECT Thread time in milliseconds: 1771175824
02-15 13:17:04.232  1855  1896 E HeatmapThread: !@ CAM New BSOH: 100
02-15 13:17:05.227  1855  1896 E HeatmapThread: ECT Thread time in milliseconds: 1771175825
02-15 13:17:05.232  1855  1896 E HeatmapThread: !@ CAM New BSOH: 100
02-15 13:17:05.772  1842  1932 E ConversionHelperAidl: Function: parseAndSetVendorParameters Line: 94 Failed 
02-15 13:17:05.772  1842  1932 E ConversionHelperAidl: Function: parseAndSetVendorParameters Line: 94 Failed 
02-15 13:17:05.773  1842 30060 E ConversionHelperAidl: Function: parseAndSetVendorParameters Line: 94 Failed 
02-15 13:17:05.773  1842 30060 E ConversionHelperAidl: Function: parseAndSetVendorParameters Line: 94 Failed 
02-15 13:17:06.227  1855  1896 E HeatmapThread: ECT Thread time in milliseconds: 1771175826
02-15 13:17:06.232  1855  1896 E HeatmapThread: !@ CAM New BSOH: 100
02-15 13:17:06.763  2832  3585 E WifiStaIfaceAidlImpl: getCachedScanData failed with service-specific exception: android.os.ServiceSpecificException:  (code 4)
02-15 13:17:06.766  2832  3783 E SemWifiLinkQualityMonitor: Too old or invalid TMI: currentTime=1771175826766 lastDateWindow=1771118498000
02-15 13:17:07.228  1855  1896 E HeatmapThread: ECT Thread time in milliseconds: 1771175827
02-15 13:17:07.231  1855  1896 E HeatmapThread: !@ CAM New BSOH: 100
02-15 13:17:08.228  1855  1896 E HeatmapThread: ECT Thread time in milliseconds: 1771175828
02-15 13:17:08.231  1855  1896 E HeatmapThread: !@ CAM New BSOH: 100
02-15 13:17:09.228  1855  1896 E HeatmapThread: ECT Thread time in milliseconds: 1771175829
02-15 13:17:09.231  1855  1896 E HeatmapThread: !@ CAM New BSOH: 100
02-15 13:17:09.775  2832  3585 E WifiStaIfaceAidlImpl: getCachedScanData failed with service-specific exception: android.os.ServiceSpecificException:  (code 4)
02-15 13:17:09.779  2832  3783 E SemWifiLinkQualityMonitor: Too old or invalid TMI: currentTime=1771175829779 lastDateWindow=1771118498000
02-15 13:17:10.228  1855  1896 E HeatmapThread: ECT Thread time in milliseconds: 1771175830
02-15 13:17:10.232  1855  1896 E HeatmapThread: !@ CAM New BSOH: 100
02-15 13:17:11.227  1855  1896 E HeatmapThread: ECT Thread time in milliseconds: 1771175831
02-15 13:17:11.231  1855  1896 E HeatmapThread: !@ CAM New BSOH: 100
02-15 13:17:12.135  1874  4439 E HwcComposer: getLuts failed Status(-129, EX_TRANSACTION_FAILED): 'UNKNOWN_TRANSACTION: '
02-15 13:17:12.227  1855  1896 E HeatmapThread: ECT Thread time in milliseconds: 1771175832
02-15 13:17:12.235  1855  1896 E HeatmapThread: !@ CAM New BSOH: 100
02-15 13:17:12.788  2832  3585 E WifiStaIfaceAidlImpl: getCachedScanData failed with service-specific exception: android.os.ServiceSpecificException:  (code 4)
02-15 13:17:12.791  2832  3783 E SemWifiLinkQualityMonitor: Too old or invalid TMI: currentTime=1771175832791 lastDateWindow=1771118498000
02-15 13:17:13.227  1855  1896 E HeatmapThread: ECT Thread time in milliseconds: 1771175833
02-15 13:17:13.230  1855  1896 E HeatmapThread: !@ CAM New BSOH: 100
02-15 13:17:13.241  1814  1895 E BatteryDump: !@new_battery_dump : 4210,-191,100,100,80,315,301,327,315,0,329,327,0,Discharging,NO_CHARGING,None,Good,NONE,0,Normal,0,0,9300,0x40000000,0x10000,0x0,0,0,211,v0002,0000,0000,00000000,0,0,0,0,141,4222,7857,980,0,
02-15 13:17:13.242  1772  2380 E SDM     : ScalarConfig::GetAIScaleSettingsInfo: AI Scaler Config for display 68 is not present
02-15 13:17:13.606  2832  2915 E Watchdog: !@Sync: 3434 heap(MB): 135 / 169 FD: 1453 [2026-02-15 13:17:13.606]
02-15 13:17:14.227  1855  1896 E HeatmapThread: ECT Thread time in milliseconds: 1771175834
02-15 13:17:14.229  1855  1896 E HeatmapThread: !@ CAM New BSOH: 100
02-15 13:17:15.228  1855  1896 E HeatmapThread: ECT Thread time in milliseconds: 1771175835
02-15 13:17:15.231  1855  1896 E HeatmapThread: !@ CAM New BSOH: 100
02-15 13:17:15.798  2832  3585 E WifiStaIfaceAidlImpl: getCachedScanData failed with service-specific exception: android.os.ServiceSpecificException:  (code 4)
02-15 13:17:15.801  2832  3783 E SemWifiLinkQualityMonitor: Too old or invalid TMI: currentTime=1771175835801 lastDateWindow=1771118498000
02-15 13:17:15.815  1842 30060 E ConversionHelperAidl: Function: parseAndSetVendorParameters Line: 94 Failed 
02-15 13:17:15.815  1842 30060 E ConversionHelperAidl: Function: parseAndSetVendorParameters Line: 94 Failed 
02-15 13:17:15.817  1842 30060 E ConversionHelperAidl: Function: parseAndSetVendorParameters Line: 94 Failed 
02-15 13:17:15.817  1842 30060 E ConversionHelperAidl: Function: parseAndSetVendorParameters Line: 94 Failed 
02-15 13:17:16.228  1855  1896 E HeatmapThread: ECT Thread time in milliseconds: 1771175836
02-15 13:17:16.231  1855  1896 E HeatmapThread: !@ CAM New BSOH: 100
02-15 13:17:17.228  1855  1896 E HeatmapThread: ECT Thread time in milliseconds: 1771175837
02-15 13:17:17.231  1855  1896 E HeatmapThread: !@ CAM New BSOH: 100
02-15 13:17:18.227  1855  1896 E HeatmapThread: ECT Thread time in milliseconds: 1771175838
02-15 13:17:18.230  1855  1896 E HeatmapThread: !@ CAM New BSOH: 100
02-15 13:17:18.809  2832  3585 E WifiStaIfaceAidlImpl: getCachedScanData failed with service-specific exception: android.os.ServiceSpecificException:  (code 4)
02-15 13:17:18.812  2832  3783 E SemWifiLinkQualityMonitor: Too old or invalid TMI: currentTime=1771175838812 lastDateWindow=1771118498000
02-15 13:17:19.228  1855  1896 E HeatmapThread: ECT Thread time in milliseconds: 1771175839
02-15 13:17:19.232  1855  1896 E HeatmapThread: !@ CAM New BSOH: 100
02-15 13:17:20.228  1855  1896 E HeatmapThread: ECT Thread time in milliseconds: 1771175840
02-15 13:17:20.232  1855  1896 E HeatmapThread: !@ CAM New BSOH: 100
02-15 13:17:21.227  1855  1896 E HeatmapThread: ECT Thread time in milliseconds: 1771175841
02-15 13:17:21.232  1855  1896 E HeatmapThread: !@ CAM New BSOH: 100
02-15 13:17:21.819  2832  3585 E WifiStaIfaceAidlImpl: getCachedScanData failed with service-specific exception: android.os.ServiceSpecificException:  (code 4)
02-15 13:17:21.823  2832  3783 E SemWifiLinkQualityMonitor: Too old or invalid TMI: currentTime=1771175841823 lastDateWindow=1771118498000
02-15 13:17:22.228  1855  1896 E HeatmapThread: ECT Thread time in milliseconds: 1771175842
02-15 13:17:22.232  1855  1896 E HeatmapThread: !@ CAM New BSOH: 100
02-15 13:17:23.228  1855  1896 E HeatmapThread: ECT Thread time in milliseconds: 1771175843
02-15 13:17:23.231  1855  1896 E HeatmapThread: !@ CAM New BSOH: 100
02-15 13:17:24.228  1855  1896 E HeatmapThread: ECT Thread time in milliseconds: 1771175844
02-15 13:17:24.231  1855  1896 E HeatmapThread: !@ CAM New BSOH: 100
02-15 13:17:24.833  2832  3585 E WifiStaIfaceAidlImpl: getCachedScanData failed with service-specific exception: android.os.ServiceSpecificException:  (code 4)
02-15 13:17:24.838  2832  3783 E SemWifiLinkQualityMonitor: Too old or invalid TMI: currentTime=1771175844838 lastDateWindow=1771118498000
02-15 13:17:25.228  1855  1896 E HeatmapThread: ECT Thread time in milliseconds: 1771175845
02-15 13:17:25.231  1855  1896 E HeatmapThread: !@ CAM New BSOH: 100
02-15 13:17:25.857  1842 30060 E ConversionHelperAidl: Function: parseAndSetVendorParameters Line: 94 Failed 
02-15 13:17:25.858  1842 30060 E ConversionHelperAidl: Function: parseAndSetVendorParameters Line: 94 Failed 
02-15 13:17:25.860  1842 30060 E ConversionHelperAidl: Function: parseAndSetVendorParameters Line: 94 Failed 
02-15 13:17:25.860  1842 30060 E ConversionHelperAidl: Function: parseAndSetVendorParameters Line: 94 Failed 
02-15 13:17:26.228  1855  1896 E HeatmapThread: ECT Thread time in milliseconds: 1771175846
02-15 13:17:26.231  1855  1896 E HeatmapThread: !@ CAM New BSOH: 100
02-15 13:17:27.228  1855  1896 E HeatmapThread: ECT Thread time in milliseconds: 1771175847
02-15 13:17:27.231  1855  1896 E HeatmapThread: !@ CAM New BSOH: 100
02-15 13:17:27.846  2832  3585 E WifiStaIfaceAidlImpl: getCachedScanData failed with service-specific exception: android.os.ServiceSpecificException:  (code 4)
02-15 13:17:27.850  2832  3783 E SemWifiLinkQualityMonitor: Too old or invalid TMI: currentTime=1771175847850 lastDateWindow=1771118498000
02-15 13:17:28.228  1855  1896 E HeatmapThread: ECT Thread time in milliseconds: 1771175848
02-15 13:17:28.231  1855  1896 E HeatmapThread: !@ CAM New BSOH: 100
02-15 13:17:29.228  1855  1896 E HeatmapThread: ECT Thread time in milliseconds: 1771175849
02-15 13:17:29.233  1855  1896 E HeatmapThread: !@ CAM New BSOH: 100
02-15 13:17:30.227  1855  1896 E HeatmapThread: ECT Thread time in milliseconds: 1771175850
02-15 13:17:30.230  1855  1896 E HeatmapThread: !@ CAM New BSOH: 100
02-15 13:17:30.596 16900 17157 E msys    : E[N mns]_OnDiskCacheGetData(632)=>Start post callback cache refresh DNS resolution
02-15 13:17:30.597 16900 17157 E msys    : E[ADNSUCTIMH WAJMNSDNSResolver]_MNSDNSResolutionSuccess(35)=>[LogLevel:I] DNS Resolution Successful with 2 IPs, Persistent Cache Hit: 1, secondary resolver used: 0
02-15 13:17:30.597 16900 17157 E msys    : E[ADNSUCTIMH WAJMNSDNSResolver]_MNSDNSResolutionSuccess(55)=>[LogLevel:I] Resolved IP Address: 2a03:2880:f37e:121:face:b00c:0:7260
02-15 13:17:30.597 16900 17157 E msys    : E[ADNSUCTIMH WAJMNSDNSResolver]_MNSDNSResolutionSuccess(55)=>[LogLevel:I] Resolved IP Address: 57.144.253.33
02-15 13:17:30.740 16900 17157 E msys    : E[N mns]_OnSystemDNSSuccessCallback(340)=>Cache refresh succeeded with system DNS resolver. IP count: 2
02-15 13:17:30.856  2832  3585 E WifiStaIfaceAidlImpl: getCachedScanData failed with service-specific exception: android.os.ServiceSpecificException:  (code 4)
02-15 13:17:30.860  2832  3783 E SemWifiLinkQualityMonitor: Too old or invalid TMI: currentTime=1771175850860 lastDateWindow=1771118498000
02-15 13:17:31.227  1855  1896 E HeatmapThread: ECT Thread time in milliseconds: 1771175851
02-15 13:17:31.229  1855  1896 E HeatmapThread: !@ CAM New BSOH: 100
02-15 13:17:32.227  1855  1896 E HeatmapThread: ECT Thread time in milliseconds: 1771175852
02-15 13:17:32.229  1855  1896 E HeatmapThread: !@ CAM New BSOH: 100
02-15 13:17:33.229  1855  1896 E HeatmapThread: ECT Thread time in milliseconds: 1771175853
02-15 13:17:33.232  1855  1896 E HeatmapThread: !@ CAM New BSOH: 100
02-15 13:17:33.302 11334 11450 E perf_hint: Session ID too large, must fit 32-bit integer
02-15 13:17:33.324  1772  2380 E SDM     : ScalarConfig::GetAIScaleSettingsInfo: AI Scaler Config for display 68 is not present
02-15 13:17:33.867  2832  3585 E WifiStaIfaceAidlImpl: getCachedScanData failed with service-specific exception: android.os.ServiceSpecificException:  (code 4)
02-15 13:17:33.869  2832  3783 E SemWifiLinkQualityMonitor: Too old or invalid TMI: currentTime=1771175853869 lastDateWindow=1771118498000
02-15 13:17:34.227  1855  1896 E HeatmapThread: ECT Thread time in milliseconds: 1771175854
02-15 13:17:34.230  1855  1896 E HeatmapThread: !@ CAM New BSOH: 100
02-15 13:17:35.227  1855  1896 E HeatmapThread: ECT Thread time in milliseconds: 1771175855
02-15 13:17:35.230  1855  1896 E HeatmapThread: !@ CAM New BSOH: 100
02-15 13:17:35.891  1842 27721 E ConversionHelperAidl: Function: parseAndSetVendorParameters Line: 94 Failed 
02-15 13:17:35.891  1842 27721 E ConversionHelperAidl: Function: parseAndSetVendorParameters Line: 94 Failed 
02-15 13:17:35.892  1842 27721 E ConversionHelperAidl: Function: parseAndSetVendorParameters Line: 94 Failed 
02-15 13:17:35.892  1842 27721 E ConversionHelperAidl: Function: parseAndSetVendorParameters Line: 94 Failed 
02-15 13:17:36.228  1855  1896 E HeatmapThread: ECT Thread time in milliseconds: 1771175856
02-15 13:17:36.230  1855  1896 E HeatmapThread: !@Entered the read from path function
02-15 13:17:36.230  1855  1896 E HeatmapThread: !@Read Extended_heatmap from efs is: 18738 0 0 0 0 0 0 0 0 0 0 0 0 0 0 0 0 0 1222 0 0 0 0 0 0 0 0 0 0 0 0 0 0 0 0 0 1417 0 0 0 0 0 0 0 0 0 0 0 0 0 0 0 0 0 1454 0 0 0 0 0 0 0 0 0 0 0 0 0 0 0 0 0 1409 0 0 0 0 0 0 0 0 0 0 0 0 0 0 0 0 0 1445 0 0 0 0 0 0 0 0 0 0 0 0 0 0 0 0 0 1431 0 0 0 0 0 0 0 0 0 0 0 0 0 0 0 0 0 1336 0 0 0 0 0 0 0 0 0 0 0 0 0 0 0 0 0 1452 0 0 0 0 0 0 0 0 0 0 0 0 0 0 0 0 0 1462 0 0 0 0 0 0 0 0 0 0 0 0 0 0 0 0 0 1286 0 0 0 0 0 0 0 0 0 0 0 0 0 0 0 0 0 5718 0 0 0 0 0 0 0 0 0 0 0 0 0 0 0 0 0 6528 0 0 0 0 0 0 0 0 0 0 0 0 0 0 0 0 0 12765 0 0 0 0 0 0 0 0 0 0 0 0 0 0 0 0 0 12666 0 0 0 0 0 0 0 0 0 0 0 0 0 0 0 0 0 12937 0 0 0 0 0 0 0 0 0 0 0 0 0 0 0 0 0 12912 0 0 0 0 0 0 0 0 0 0 0 0 0 0 0 0 0 9872 0 0 0 0 0 0 0 0 0 0 0 0 0 0 0 0 0 3784 0 0 0 0 0 0 0 0 0 0 0 0 0 0 0 0 0 3092 0 0 0 0 0 0 0 0 0 0 0 0 0 0 0 0 0 2707 0 0 0 0 0 0 0 0 0 0 0 0 0 0 0 0 0 2480 0 0 0 0 0 0 0 0 0 0 0 0 0 0 0 0 0 293 0 0 0 0 0 0 0 0 0 0 0 0 0 0 0 0 0 368 0 0 0 0 0 0 0 0 0 0 0 0 0 0 0 0 0 297 0 0 0 0 0 0 0 0 0 0 0 0 0 0 0 0 0 240 0 0 0
02-15 13:17:36.232  1855  1896 E HeatmapThread: !@Write Extended Heatmap to efs is: 18738 0 0 0 0 0 0 0 0 0 0 0 0 0 0 0 0 0 1222 0 0 0 0 0 0 0 0 0 0 0 0 0 0 0 0 0 1417 0 0 0 0 0 0 0 0 0 0 0 0 0 0 0 0 0 1454 0 0 0 0 0 0 0 0 0 0 0 0 0 0 0 0 0 1409 0 0 0 0 0 0 0 0 0 0 0 0 0 0 0 0 0 1445 0 0 0 0 0 0 0 0 0 0 0 0 0 0 0 0 0 1431 0 0 0 0 0 0 0 0 0 0 0 0 0 0 0 0 0 1336 0 0 0 0 0 0 0 0 0 0 0 0 0 0 0 0 0 1452 0 0 0 0 0 0 0 0 0 0 0 0 0 0 0 0 0 1462 0 0 0 0 0 0 0 0 0 0 0 0 0 0 0 0 0 1286 0 0 0 0 0 0 0 0 0 0 0 0 0 0 0 0 0 5718 0 0 0 0 0 0 0 0 0 0 0 0 0 0 0 0 0 6528 0 0 0 0 0 0 0 0 0 0 0 0 0 0 0 0 0 12766 0 0 0 0 0 0 0 0 0 0 0 0 0 0 0 0 0 12666 0 0 0 0 0 0 0 0 0 0 0 0 0 0 0 0 0 12937 0 0 0 0 0 0 0 0 0 0 0 0 0 0 0 0 0 12912 0 0 0 0 0 0 0 0 0 0 0 0 0 0 0 0 0 9872 0 0 0 0 0 0 0 0 0 0 0 0 0 0 0 0 0 3784 0 0 0 0 0 0 0 0 0 0 0 0 0 0 0 0 0 3092 0 0 0 0 0 0 0 0 0 0 0 0 0 0 0 0 0 2707 0 0 0 0 0 0 0 0 0 0 0 0 0 0 0 0 0 2480 0 0 0 0 0 0 0 0 0 0 0 0 0 0 0 0 0 293 0 0 0 0 0 0 0 0 0 0 0 0 0 0 0 0 0 368 0 0 0 0 0 0 0 0 0 0 0 0 0 0 0 0 0 297 0 0 0 0 0 0 0 0 0 0 0 0 0 0 0 0 0 240 0 0 0 
02-15 13:17:36.232  1855  1896 E HeatmapThread: !@ CAM New BSOH: 100
02-15 13:17:36.875  2832  3585 E WifiStaIfaceAidlImpl: getCachedScanData failed with service-specific exception: android.os.ServiceSpecificException:  (code 4)
02-15 13:17:36.878  2832  3783 E SemWifiLinkQualityMonitor: Too old or invalid TMI: currentTime=1771175856878 lastDateWindow=1771118498000
02-15 13:17:37.227  1855  1896 E HeatmapThread: ECT Thread time in milliseconds: 1771175857
02-15 13:17:37.230  1855  1896 E HeatmapThread: !@ CAM New BSOH: 100
02-15 13:17:37.488  2832  3585 E WifiStaIfaceAidlImpl: getCachedScanData failed with service-specific exception: android.os.ServiceSpecificException:  (code 4)
02-15 13:17:38.228  1855  1896 E HeatmapThread: ECT Thread time in milliseconds: 1771175858
02-15 13:17:38.232  1855  1896 E HeatmapThread: !@ CAM New BSOH: 100
02-15 13:17:39.228  1855  1896 E HeatmapThread: ECT Thread time in milliseconds: 1771175859
02-15 13:17:39.231  1855  1896 E HeatmapThread: !@ CAM New BSOH: 100
02-15 13:17:39.887  2832  3585 E WifiStaIfaceAidlImpl: getCachedScanData failed with service-specific exception: android.os.ServiceSpecificException:  (code 4)
02-15 13:17:39.891  2832  3783 E SemWifiLinkQualityMonitor: Too old or invalid TMI: currentTime=1771175859891 lastDateWindow=1771118498000
02-15 13:17:40.228  1855  1896 E HeatmapThread: ECT Thread time in milliseconds: 1771175860
02-15 13:17:40.231  1855  1896 E HeatmapThread: !@ CAM New BSOH: 100
02-15 13:17:41.228  1855  1896 E HeatmapThread: ECT Thread time in milliseconds: 1771175861
02-15 13:17:41.231  1855  1896 E HeatmapThread: !@ CAM New BSOH: 100
02-15 13:17:42.178  1874  2385 E HwcComposer: getLuts failed Status(-129, EX_TRANSACTION_FAILED): 'UNKNOWN_TRANSACTION: '
02-15 13:17:42.227  1855  1896 E HeatmapThread: ECT Thread time in milliseconds: 1771175862
02-15 13:17:42.229  1855  1896 E HeatmapThread: !@ CAM New BSOH: 100
02-15 13:17:42.328  2832  5680 E SemWifiService: getCurrentNetworkScore - invalid score data
02-15 13:17:42.328  2832  5680 E WifiProfileShare.Caster: failed to generate qos array, need to check network score data
02-15 13:17:42.898  2832  3585 E WifiStaIfaceAidlImpl: getCachedScanData failed with service-specific exception: android.os.ServiceSpecificException:  (code 4)
02-15 13:17:42.901  2832  3783 E SemWifiLinkQualityMonitor: Too old or invalid TMI: currentTime=1771175862901 lastDateWindow=1771118498000
02-15 13:17:43.228  1855  1896 E HeatmapThread: ECT Thread time in milliseconds: 1771175863
02-15 13:17:43.232  1855  1896 E HeatmapThread: !@ CAM New BSOH: 100
02-15 13:17:43.401  1814  1895 E BatteryDump: !@new_battery_dump : 4207,-211,100,100,80,316,301,330,316,0,329,328,0,Discharging,NO_CHARGING,None,Good,NONE,0,Normal,0,0,9300,0x40000000,0x10000,0x0,0,0,276,v0002,0000,0000,00000000,0,0,0,0,141,4222,7852,980,0,
02-15 13:17:43.613  2832  2915 E Watchdog: !@Sync: 3435 heap(MB): 154 / 169 FD: 1456 [2026-02-15 13:17:43.613]
02-15 13:17:44.056 11334 11460 E perf_hint: Session ID too large, must fit 32-bit integer
02-15 13:17:44.228  1855  1896 E HeatmapThread: ECT Thread time in milliseconds: 1771175864
02-15 13:17:44.233  1855  1896 E HeatmapThread: !@ CAM New BSOH: 100
02-15 13:17:45.228  1855  1896 E HeatmapThread: ECT Thread time in milliseconds: 1771175865
02-15 13:17:45.231  1855  1896 E HeatmapThread: !@ CAM New BSOH: 100
02-15 13:17:45.907  2832  3585 E WifiStaIfaceAidlImpl: getCachedScanData failed with service-specific exception: android.os.ServiceSpecificException:  (code 4)
02-15 13:17:45.912  2832  3783 E SemWifiLinkQualityMonitor: Too old or invalid TMI: currentTime=1771175865912 lastDateWindow=1771118498000
02-15 13:17:45.935  1842 30060 E ConversionHelperAidl: Function: parseAndSetVendorParameters Line: 94 Failed 
02-15 13:17:45.935  1842 30060 E ConversionHelperAidl: Function: parseAndSetVendorParameters Line: 94 Failed 
02-15 13:17:45.936  1842 30060 E ConversionHelperAidl: Function: parseAndSetVendorParameters Line: 94 Failed 
02-15 13:17:45.936  1842 30060 E ConversionHelperAidl: Function: parseAndSetVendorParameters Line: 94 Failed 
02-15 13:17:46.228  1855  1896 E HeatmapThread: ECT Thread time in milliseconds: 1771175866
02-15 13:17:46.232  1855  1896 E HeatmapThread: !@ CAM New BSOH: 100
02-15 13:17:47.227  1855  1896 E HeatmapThread: ECT Thread time in milliseconds: 1771175867
02-15 13:17:47.231  1855  1896 E HeatmapThread: !@ CAM New BSOH: 100
02-15 13:17:48.227  1855  1896 E HeatmapThread: ECT Thread time in milliseconds: 1771175868
02-15 13:17:48.231  1855  1896 E HeatmapThread: !@ CAM New BSOH: 100
02-15 13:17:48.918  2832  3585 E WifiStaIfaceAidlImpl: getCachedScanData failed with service-specific exception: android.os.ServiceSpecificException:  (code 4)
02-15 13:17:48.922  2832  3783 E SemWifiLinkQualityMonitor: Too old or invalid TMI: currentTime=1771175868922 lastDateWindow=1771118498000
02-15 13:17:49.228  1855  1896 E HeatmapThread: ECT Thread time in milliseconds: 1771175869
02-15 13:17:49.231  1855  1896 E HeatmapThread: !@ CAM New BSOH: 100
02-15 13:17:50.228  1855  1896 E HeatmapThread: ECT Thread time in milliseconds: 1771175870
02-15 13:17:50.233  1855  1896 E HeatmapThread: !@ CAM New BSOH: 100
02-15 13:17:51.227  1855  1896 E HeatmapThread: ECT Thread time in milliseconds: 1771175871
02-15 13:17:51.231  1855  1896 E HeatmapThread: !@ CAM New BSOH: 100
02-15 13:17:51.928  2832  3585 E WifiStaIfaceAidlImpl: getCachedScanData failed with service-specific exception: android.os.ServiceSpecificException:  (code 4)
02-15 13:17:51.931  2832  3783 E SemWifiLinkQualityMonitor: Too old or invalid TMI: currentTime=1771175871931 lastDateWindow=1771118498000
02-15 13:17:52.228  1855  1896 E HeatmapThread: ECT Thread time in milliseconds: 1771175872
02-15 13:17:52.232  1855  1896 E HeatmapThread: !@ CAM New BSOH: 100
02-15 13:17:53.227  1855  1896 E HeatmapThread: ECT Thread time in milliseconds: 1771175873
02-15 13:17:53.229  1855  1896 E HeatmapThread: !@ CAM New BSOH: 100
02-15 13:17:54.228  1855  1896 E HeatmapThread: ECT Thread time in milliseconds: 1771175874
02-15 13:17:54.230  1855  1896 E HeatmapThread: !@ CAM New BSOH: 100
02-15 13:17:54.940  2832  3585 E WifiStaIfaceAidlImpl: getCachedScanData failed with service-specific exception: android.os.ServiceSpecificException:  (code 4)
02-15 13:17:54.944  2832  3783 E SemWifiLinkQualityMonitor: Too old or invalid TMI: currentTime=1771175874944 lastDateWindow=1771118498000
02-15 13:17:55.228  1855  1896 E HeatmapThread: ECT Thread time in milliseconds: 1771175875
02-15 13:17:55.232  1855  1896 E HeatmapThread: !@ CAM New BSOH: 100
02-15 13:17:55.978  1842 30060 E ConversionHelperAidl: Function: parseAndSetVendorParameters Line: 94 Failed 
02-15 13:17:55.978  1842 30060 E ConversionHelperAidl: Function: parseAndSetVendorParameters Line: 94 Failed 
02-15 13:17:55.979  1842 30060 E ConversionHelperAidl: Function: parseAndSetVendorParameters Line: 94 Failed 
02-15 13:17:55.980  1842 30060 E ConversionHelperAidl: Function: parseAndSetVendorParameters Line: 94 Failed 
02-15 13:17:56.227  1855  1896 E HeatmapThread: ECT Thread time in milliseconds: 1771175876
02-15 13:17:56.232  1855  1896 E HeatmapThread: !@ CAM New BSOH: 100
02-15 13:17:57.228  1855  1896 E HeatmapThread: ECT Thread time in milliseconds: 1771175877
02-15 13:17:57.231  1855  1896 E HeatmapThread: !@ CAM New BSOH: 100
02-15 13:17:57.951  2832  3585 E WifiStaIfaceAidlImpl: getCachedScanData failed with service-specific exception: android.os.ServiceSpecificException:  (code 4)
02-15 13:17:57.957  2832  3783 E SemWifiLinkQualityMonitor: Too old or invalid TMI: currentTime=1771175877957 lastDateWindow=1771118498000
02-15 13:17:58.228  1855  1896 E HeatmapThread: ECT Thread time in milliseconds: 1771175878
02-15 13:17:58.234  1855  1896 E HeatmapThread: !@ CAM New BSOH: 100
02-15 13:17:58.675  1772  2380 E SDM     : ScalarConfig::GetAIScaleSettingsInfo: AI Scaler Config for display 68 is not present
02-15 13:17:59.227  1855  1896 E HeatmapThread: ECT Thread time in milliseconds: 1771175879
02-15 13:17:59.231  1855  1896 E HeatmapThread: !@ CAM New BSOH: 100
02-15 13:18:00.055  1772  2380 E SDM     : ScalarConfig::GetAIScaleSettingsInfo: AI Scaler Config for display 68 is not present
02-15 13:18:00.227  1855  1896 E HeatmapThread: ECT Thread time in milliseconds: 1771175880
02-15 13:18:00.229  1855  1896 E HeatmapThread: !@ CAM New BSOH: 100
02-15 13:18:00.963  2832  3585 E WifiStaIfaceAidlImpl: getCachedScanData failed with service-specific exception: android.os.ServiceSpecificException:  (code 4)
02-15 13:18:00.966  2832  3783 E SemWifiLinkQualityMonitor: Too old or invalid TMI: currentTime=1771175880966 lastDateWindow=1771118498000
02-15 13:18:01.228  1855  1896 E HeatmapThread: ECT Thread time in milliseconds: 1771175881
02-15 13:18:01.232  1855  1896 E HeatmapThread: !@ CAM New BSOH: 100
02-15 13:18:02.228  1855  1896 E HeatmapThread: ECT Thread time in milliseconds: 1771175882
02-15 13:18:02.231  1855  1896 E HeatmapThread: !@ CAM New BSOH: 100
02-15 13:18:03.228  1855  1896 E HeatmapThread: ECT Thread time in milliseconds: 1771175883
02-15 13:18:03.231  1855  1896 E HeatmapThread: !@ CAM New BSOH: 100
02-15 13:18:03.975  2832  3585 E WifiStaIfaceAidlImpl: getCachedScanData failed with service-specific exception: android.os.ServiceSpecificException:  (code 4)
02-15 13:18:03.980  2832  3783 E SemWifiLinkQualityMonitor: Too old or invalid TMI: currentTime=1771175883980 lastDateWindow=1771118498000
02-15 13:18:04.228  1855  1896 E HeatmapThread: ECT Thread time in milliseconds: 1771175884
02-15 13:18:04.230  1855  1896 E HeatmapThread: !@ CAM New BSOH: 100
02-15 13:18:05.227  1855  1896 E HeatmapThread: ECT Thread time in milliseconds: 1771175885
02-15 13:18:05.231  1855  1896 E HeatmapThread: !@ CAM New BSOH: 100
02-15 13:18:06.016  1842 27721 E ConversionHelperAidl: Function: parseAndSetVendorParameters Line: 94 Failed 
02-15 13:18:06.016  1842 27721 E ConversionHelperAidl: Function: parseAndSetVendorParameters Line: 94 Failed 
02-15 13:18:06.017  1842 27721 E ConversionHelperAidl: Function: parseAndSetVendorParameters Line: 94 Failed 
02-15 13:18:06.018  1842 27721 E ConversionHelperAidl: Function: parseAndSetVendorParameters Line: 94 Failed 
02-15 13:18:06.228  1855  1896 E HeatmapThread: ECT Thread time in milliseconds: 1771175886
02-15 13:18:06.231  1855  1896 E HeatmapThread: !@ CAM New BSOH: 100
02-15 13:18:06.984  2832  3585 E WifiStaIfaceAidlImpl: getCachedScanData failed with service-specific exception: android.os.ServiceSpecificException:  (code 4)
02-15 13:18:06.987  2832  3783 E SemWifiLinkQualityMonitor: Too old or invalid TMI: currentTime=1771175886987 lastDateWindow=1771118498000
02-15 13:18:07.227  1855  1896 E HeatmapThread: ECT Thread time in milliseconds: 1771175887
02-15 13:18:07.231  1855  1896 E HeatmapThread: !@ CAM New BSOH: 100
02-15 13:18:08.228  1855  1896 E HeatmapThread: ECT Thread time in milliseconds: 1771175888
02-15 13:18:08.232  1855  1896 E HeatmapThread: !@ CAM New BSOH: 100
02-15 13:18:09.228  1855  1896 E HeatmapThread: ECT Thread time in milliseconds: 1771175889
02-15 13:18:09.231  1855  1896 E HeatmapThread: !@ CAM New BSOH: 100
02-15 13:18:09.997  2832  3585 E WifiStaIfaceAidlImpl: getCachedScanData failed with service-specific exception: android.os.ServiceSpecificException:  (code 4)
02-15 13:18:10.000  2832  3783 E SemWifiLinkQualityMonitor: Too old or invalid TMI: currentTime=1771175890000 lastDateWindow=1771118498000
02-15 13:18:10.227  1855  1896 E HeatmapThread: ECT Thread time in milliseconds: 1771175890
02-15 13:18:10.231  1855  1896 E HeatmapThread: !@ CAM New BSOH: 100
02-15 13:18:11.228  1855  1896 E HeatmapThread: ECT Thread time in milliseconds: 1771175891
02-15 13:18:11.232  1855  1896 E HeatmapThread: !@ CAM New BSOH: 100
02-15 13:18:12.228  1855  1896 E HeatmapThread: ECT Thread time in milliseconds: 1771175892
02-15 13:18:12.231  1855  1896 E HeatmapThread: !@ CAM New BSOH: 100
02-15 13:18:12.234  1874  2385 E HwcComposer: getLuts failed Status(-129, EX_TRANSACTION_FAILED): 'UNKNOWN_TRANSACTION: '
02-15 13:18:13.009  2832  3585 E WifiStaIfaceAidlImpl: getCachedScanData failed with service-specific exception: android.os.ServiceSpecificException:  (code 4)
02-15 13:18:13.013  2832  3783 E SemWifiLinkQualityMonitor: Too old or invalid TMI: currentTime=1771175893013 lastDateWindow=1771118498000
02-15 13:18:13.228  1855  1896 E HeatmapThread: ECT Thread time in milliseconds: 1771175893
02-15 13:18:13.233  1855  1896 E HeatmapThread: !@ CAM New BSOH: 100
02-15 13:18:13.551  1814  1895 E BatteryDump: !@new_battery_dump : 4207,-235,100,100,80,316,301,328,316,0,331,328,0,Discharging,NO_CHARGING,None,Good,NONE,0,Normal,0,0,9300,0x40000000,0x10000,0x0,0,0,222,v0002,0000,0000,00000000,0,0,0,0,141,4221,7847,980,0,
02-15 13:18:13.619  2832  2915 E Watchdog: !@Sync: 3436 heap(MB): 165 / 169 FD: 1456 [2026-02-15 13:18:13.619]
02-15 13:18:14.227  1855  1896 E HeatmapThread: ECT Thread time in milliseconds: 1771175894
02-15 13:18:14.229  1855  1896 E HeatmapThread: !@ CAM New BSOH: 100
02-15 13:18:15.228  1855  1896 E HeatmapThread: ECT Thread time in milliseconds: 1771175895
02-15 13:18:15.232  1855  1896 E HeatmapThread: !@ CAM New BSOH: 100
02-15 13:18:16.021  2832  3585 E WifiStaIfaceAidlImpl: getCachedScanData failed with service-specific exception: android.os.ServiceSpecificException:  (code 4)
02-15 13:18:16.024  2832  3783 E SemWifiLinkQualityMonitor: Too old or invalid TMI: currentTime=1771175896024 lastDateWindow=1771118498000
02-15 13:18:16.054  1842 27721 E ConversionHelperAidl: Function: parseAndSetVendorParameters Line: 94 Failed 
02-15 13:18:16.055  1842 27721 E ConversionHelperAidl: Function: parseAndSetVendorParameters Line: 94 Failed 
02-15 13:18:16.056  1842 30060 E ConversionHelperAidl: Function: parseAndSetVendorParameters Line: 94 Failed 
02-15 13:18:16.056  1842 30060 E ConversionHelperAidl: Function: parseAndSetVendorParameters Line: 94 Failed 
02-15 13:18:16.228  1855  1896 E HeatmapThread: ECT Thread time in milliseconds: 1771175896
02-15 13:18:16.231  1855  1896 E HeatmapThread: !@ CAM New BSOH: 100
02-15 13:18:16.971  2832  3585 E WifiStaIfaceAidlImpl: getCachedScanData failed with service-specific exception: android.os.ServiceSpecificException:  (code 4)
02-15 13:18:16.983  2832  2938 E BluetoothPowerStatsCollector: Cannot acquire BluetoothActivityEnergyInfo
02-15 13:18:16.983  2832  2938 E BluetoothPowerStatsCollector: java.util.concurrent.ExecutionException: java.lang.RuntimeException: error: 11
02-15 13:18:16.983  2832  2938 E BluetoothPowerStatsCollector: 	at java.util.concurrent.CompletableFuture.reportGet(CompletableFuture.java:372)
02-15 13:18:16.983  2832  2938 E BluetoothPowerStatsCollector: 	at java.util.concurrent.CompletableFuture.get(CompletableFuture.java:2072)
02-15 13:18:16.983  2832  2938 E BluetoothPowerStatsCollector: 	at com.android.server.power.stats.BluetoothPowerStatsCollector.collectStats(qb/105202279 360c6b680040fadf330c49f6c5b9ba5e98c78f573d7285cb06fa9bc9a2c110fd:202)
02-15 13:18:16.983  2832  2938 E BluetoothPowerStatsCollector: 	at com.android.server.power.stats.PowerStatsCollector$$ExternalSyntheticLambda0.run(qb/105202279 360c6b680040fadf330c49f6c5b9ba5e98c78f573d7285cb06fa9bc9a2c110fd:3)
02-15 13:18:16.983  2832  2938 E BluetoothPowerStatsCollector: 	at android.os.Handler.handleCallback(Handler.java:995)
02-15 13:18:16.983  2832  2938 E BluetoothPowerStatsCollector: 	at android.os.Handler.dispatchMessage(Handler.java:103)
02-15 13:18:16.983  2832  2938 E BluetoothPowerStatsCollector: 	at android.os.Looper.loopOnce(Looper.java:273)
02-15 13:18:16.983  2832  2938 E BluetoothPowerStatsCollector: 	at android.os.Looper.loop(Looper.java:363)
02-15 13:18:16.983  2832  2938 E BluetoothPowerStatsCollector: 	at android.os.HandlerThread.run(HandlerThread.java:85)
02-15 13:18:16.983  2832  2938 E BluetoothPowerStatsCollector: Caused by: java.lang.RuntimeException: error: 11
02-15 13:18:16.983  2832  2938 E BluetoothPowerStatsCollector: 	at com.android.server.power.stats.BluetoothPowerStatsCollector$1.onBluetoothActivityEnergyInfoError(qb/105202279 360c6b680040fadf330c49f6c5b9ba5e98c78f573d7285cb06fa9bc9a2c110fd:12)
02-15 13:18:16.983  2832  2938 E BluetoothPowerStatsCollector: 	at android.bluetooth.BluetoothAdapter$OnBluetoothActivityEnergyInfoProxy.lambda$onBluetoothActivityEnergyInfoAvailable$0(BluetoothAdapter.java:1226)
02-15 13:18:16.983  2832  2938 E BluetoothPowerStatsCollector: 	at android.bluetooth.BluetoothAdapter$OnBluetoothActivityEnergyInfoProxy$$ExternalSyntheticLambda1.run(D8$$SyntheticClass:0)
02-15 13:18:16.983  2832  2938 E BluetoothPowerStatsCollector: 	at android.bluetooth.BluetoothUtils.lambda$executeFromBinder$0(BluetoothUtils.java:343)
02-15 13:18:16.983  2832  2938 E BluetoothPowerStatsCollector: 	at android.bluetooth.BluetoothUtils$$ExternalSyntheticLambda1.run(D8$$SyntheticClass:0)
02-15 13:18:16.983  2832  2938 E BluetoothPowerStatsCollector: 	at com.android.server.SystemServerInitThreadPool$$ExternalSyntheticLambda0.execute(qb/105202279 360c6b680040fadf330c49f6c5b9ba5e98c78f573d7285cb06fa9bc9a2c110fd:1)
02-15 13:18:16.983  2832  2938 E BluetoothPowerStatsCollector: 	at android.bluetooth.BluetoothUtils.executeFromBinder(BluetoothUtils.java:343)
02-15 13:18:16.983  2832  2938 E BluetoothPowerStatsCollector: 	at android.bluetooth.BluetoothAdapter$OnBluetoothActivityEnergyInfoProxy.onBluetoothActivityEnergyInfoAvailable(BluetoothAdapter.java:1224)
02-15 13:18:16.983  2832  2938 E BluetoothPowerStatsCollector: 	at android.bluetooth.IBluetoothActivityEnergyInfoListener$Stub.onTransact(IBluetoothActivityEnergyInfoListener.java:98)
02-15 13:18:16.983  2832  2938 E BluetoothPowerStatsCollector: 	at android.os.Binder.execTransactInternal(Binder.java:1462)
02-15 13:18:16.983  2832  2938 E BluetoothPowerStatsCollector: 	at android.os.Binder.execTransact(Binder.java:1401)
02-15 13:18:17.228  1855  1896 E HeatmapThread: ECT Thread time in milliseconds: 1771175897
02-15 13:18:17.232  1855  1896 E HeatmapThread: !@ CAM New BSOH: 100
02-15 13:18:18.228  1855  1896 E HeatmapThread: ECT Thread time in milliseconds: 1771175898
02-15 13:18:18.232  1855  1896 E HeatmapThread: !@